index,url
1,https://dixy.ru/product/makaronnye-izdeliya-shebekinskie-rojok-polubublik-450g-2000005385/
2,https://dixy.ru/product/krupa-natsional-grechnevaya-yadritsa-900-g-1030037286/
3,https://dixy.ru/product/makaronnye-izdeliya-shebekinskie-vitoy-rojok-450g-2000005384/
4,https://dixy.ru/product/chechevitsa-krasnaya-agro-alyans-ekstra-450g-2000411026/
5,https://dixy.ru/product/maslo-podsolnechnoe-sloboda-s-dobavleniem-olivkovogo-1l-2000285623/
6,https://dixy.ru/product/muka-tselnozernovaya-frantsuzskaya-shtuchka-1kg-2000534249/
7,https://dixy.ru/product/makaronnye-izdeliya-shebekinskie-bukatini-007-350g-tst0041086/
8,https://dixy.ru/product/ris-natsional-krasnodarskiy-belyy-kruglozernyy-900g-di00079260/
9,https://dixy.ru/product/chechevitsa-agro-alyans-ekstra-zelenaya-450g-2000163008/
10,https://dixy.ru/product/lapsha-big-lanch-govyadina-v-ostrom-souseragu-s-govyadinoy-i-chili-pertsem-90g-2000248834/
11,https://dixy.ru/product/maslo-podsolnechnoe-almador-s-dobavleniem-olivkovogo-075-l-2000561791/
12,https://dixy.ru/product/djem-makheev-malina-300g-2000555071/
13,https://dixy.ru/product/lapsha-big-lanch-tushenaya-kuritsasote-s-pryanymi-travami-90g-tst0027182/
14,https://dixy.ru/product/plov-uvelka-domashnie-garniry-ovoshchnoy-v-paketikakh-2kh150-g-2000002169/
15,https://dixy.ru/product/djem-makheev-chernichnyy-300g-2000207749/
16,https://dixy.ru/product/vermishel-sen-soy-funchoza-iz-zelenykh-bobov-200g-2000158137/
17,https://dixy.ru/product/lapsha-risovaya-sen-soy-premium-fo-kho-200g-2000300523/
18,https://dixy.ru/product/lapsha-sanbonsai-pshenichnaya-udon-300-g-2000349166/
19,https://dixy.ru/product/lapsha-vostochnyy-gost-lagmannaya-250g-2000592093/
20,https://dixy.ru/product/lapsha-grechnevaya-sen-soy-premium-soba-300g-t000023442/
21,https://dixy.ru/product/lapsha-vostochnyy-gost-besbarmachnaya-250g-2000592094/
22,https://dixy.ru/product/psheno-zernyshko-k-zernyshku-shlifovannoe-5kh80g-400g-2000180343/
23,https://dixy.ru/product/ris-uvelka-dlinnozernyy-shlifovannyy-5pakkh80g-2000261091/
24,https://dixy.ru/product/ris-zernyshko-k-zernyshku-proparennyy-5kh80g-400g-2000310624/
25,https://dixy.ru/product/krupa-grechnevaya-mistral-zelenaya-450-g-2000340530/
26,https://dixy.ru/product/khlopya-nordic-ovsyanye-500g-2000002160/
27,https://dixy.ru/product/kasha-matti-7-zlakov-400-g-2000292527/
28,https://dixy.ru/product/varene-desertnoe-ekoprodukt-chernaya-smorodina-325g-2000551171/
29,https://dixy.ru/product/napitok-bezalkogolnyy-coca-cola-classic-2l-2000002867/
30,https://dixy.ru/product/voda-aqua-bene-pitevaya-negazirovannaya-5l-2000184655/
31,https://dixy.ru/product/napitok-pervym-delom-dyushes-silnogazirovannyy-15l-2000211077/
32,https://dixy.ru/product/napitok-bezalkogolnyy-pervym-delom-tarkhun-15l-2000595792/
33,https://dixy.ru/product/napitok-bezalkogolnyy-pervym-delom-cola-15l-2000595791/
34,https://dixy.ru/product/sok-j7-apelsin-s-myakotyu-085l-2000318246/
35,https://dixy.ru/product/napitok-negazirovannyy-summertime-tropicheskiy-miks-15l-2000601131/
36,https://dixy.ru/product/napitok-negazirovannyy-summertime-yagodnyy-miks-15l-2000601132/
37,https://dixy.ru/product/pivnoy-napitok-dr-diesel-premium-lager-bezalkogolnyy-043l-2000594519/
38,https://dixy.ru/product/voda-pitevaya-aqua-bene-s-aromatom-limona-05l-2000597171/
39,https://dixy.ru/product/bioyogurt-pitevoy-aktibio-naturalnyy-18-260g-2000326710/
40,https://dixy.ru/product/bioyogurt-pitevoy-aktibio-chernika-zlaki-lnyanye-semena-16-260g-2000326717/
41,https://dixy.ru/product/bioyogurt-pitevoy-aktibio-klubnika-i-zemlyanika-15-260g-2000326715/
42,https://dixy.ru/product/bioyogurt-pitevoy-aktibio-zlaki-16-260g-2000326712/
43,https://dixy.ru/product/yogurt-epica-pitevoy-klubnika-s-marakuyey-25-260-g-2000299345/
44,https://dixy.ru/product/bioyogurt-pitevoy-aktibio-dynya-klubnika-zemlyanika-15-260g-2000326716/
45,https://dixy.ru/product/pelmeni-tsezar-gordost-sibiri-800g-2000318344/
46,https://dixy.ru/product/pelmeni-tsezar-klassika-800g-2000294567/
47,https://dixy.ru/product/pitstsa-tsezar-s-vetchinoy-i-gribami-420g-2000336770/
48,https://dixy.ru/product/pelmeni-myasnoy-dvorik-severnye-khalyal-800g-2000557011/
49,https://dixy.ru/product/oladushki-s-pylu-s-jaru-domashnie-280g-2000178368/
50,https://dixy.ru/product/khinkali-shelf-sochnye-2000071441/
51,https://dixy.ru/product/pelmeni-kotletar-tatarskie-400g-2000332335/
52,https://dixy.ru/product/krevetka-vkusart-korolevskaya-ochishchennaya-500g-2000564971/
53,https://dixy.ru/product/krevetka-severnaya-borealis-vareno-morojenaya-120150-750g-2000559411/
54,https://dixy.ru/product/kalmar-moreslav-tushka-zamorojennyy-500g-2000602540/
55,https://dixy.ru/product/forel-vkusart-steyk-zamorojennaya-500g-2000571431/
56,https://dixy.ru/product/treska-borealis-file-spinka-bez-koji-400g-2000326192/
57,https://dixy.ru/product/fasol-struchkovaya-zelenaya-krugloe-leto-bystrozamorojennaya-400g-2000184224/
58,https://dixy.ru/product/kartofel-fri-i-zimoy-i-letom-700g-2000553851/
59,https://dixy.ru/product/konfety-rot-front-batonchiki-2000116547/
60,https://dixy.ru/product/pastila-dolcemania-s-marmeladoms-aromatom-vanili-220g-2000276200/
61,https://dixy.ru/product/marmelad-azovskaya-kf-frantsuzskiy-sad-jeleynyy-300g-2000285688/
62,https://dixy.ru/product/zefir-belevskiy-antonovka-250g-2000325955/
63,https://dixy.ru/product/marmelad-azovskaya-kf-assorti-300g-2000322089/
64,https://dixy.ru/product/konfety-lyubimye-traditsii-ptichya-pesnya-sufle-2000255061/
65,https://dixy.ru/product/konfety-yashkino-chio-rio-2000251341/
66,https://dixy.ru/product/iris-yashkino-s-shokoladnym-vkusom-140g-2000295164/
67,https://dixy.ru/product/zefir-belevskiy-zefirnoe-detstvodetskiy-250g-2000293505/
68,https://dixy.ru/product/konfety-rayskie-oblaka-so-slivochnym-sufle-200g-2000320131/
69,https://dixy.ru/product/kozinak-azovskaya-kf-assorti-280g-2000158961/
70,https://dixy.ru/product/pechene-sdobnoe-kukhmaster-solnechnoe-utro-apelsin-240g-2000578691/
71,https://dixy.ru/product/marmelad-lucky-days-limon-i-apelsin-300g-2000545103/
72,https://dixy.ru/product/konfety-rotfront-grilyaj-v-shokolade-s-fundukom-200g-2000269205/
73,https://dixy.ru/product/pirojnye-fili-beyker-muravinyy-domik-pirojnye-400g-2000322850/
74,https://dixy.ru/product/marmelad-bon-pari-zabavnyy-medvejonok-i-ko-jevatelnyy-120g-2000309314/
75,https://dixy.ru/product/konfety-krasnyy-oktyabr-krasnaya-shapochka-250g-2000004684/
76,https://dixy.ru/product/sladost-nevskie-berega-vostochnaya-slivochno-orekhovaya-350g-2000190687/
77,https://dixy.ru/product/khalva-azovskaya-kf-podsolnechnaya-s-arakhisom-250g-2000172401/
78,https://dixy.ru/product/marmelad-bon-pari-kislye-zmeyki-jevatelnyy-120g-2000309309/
79,https://dixy.ru/product/konfety-rot-front-korovka-shokoladno-vafelnye-250-g-2000115860/
80,https://dixy.ru/product/marmelad-lucky-days-yabloko-grusha-apelsin-malina-300g-2000536851/
81,https://dixy.ru/product/rakhat-lukum-azovskaya-kf-assorti-200g-2000323330/
82,https://dixy.ru/product/khalva-azovskaya-kf-podsolnechnaya-250g-2000158958/
83,https://dixy.ru/product/pechene-zatyajnoe-lyubyatovo-postnoe-300g-2000287726/
84,https://dixy.ru/product/tort-fili-beyker-pancho-kucheryavyy-800g-2000263817/
85,https://dixy.ru/product/tort-fili-beyker-plombir-classic-720g-2000263818/
86,https://dixy.ru/product/keks-amelie-so-vkusom-roma-i-izyuma-250g-2000594451/
87,https://dixy.ru/product/keks-amelie-shokoladnyy-250-g-2000594453/
88,https://dixy.ru/product/pechene-sdobnoe-kukhmaster-solnechnoe-utro-mango-240g-2000347864/
89,https://dixy.ru/product/ogurtsy-marinovannye-krugloe-leto-680g-2000266861/
90,https://dixy.ru/product/kornishony-krugloe-leto-marinovannye-680g-2000559611/
91,https://dixy.ru/product/protertaya-myakot-tomatov-pikanta-500g-2000198869/
92,https://dixy.ru/product/goroshek-krugloe-leto-zelenyy-400g-2000180353/
93,https://dixy.ru/product/ogurtsy-kornishony-dyadya-vanya-marinovannye-po-frantsuzski-460g-2000180487/
94,https://dixy.ru/product/lecho-pikanta-450g-2000148271/
95,https://dixy.ru/product/fasol-pikanta-pechenaya-v-tomatnom-souse-470g-2000003493/
96,https://dixy.ru/product/tomaty-dyadya-vanya-v-tomatnom-soke-670g-2000118119/
97,https://dixy.ru/product/tomaty-cherri-krugloe-leto-marinovannye-680g-tst0044234/
98,https://dixy.ru/product/ananas-lorado-shayby-v-legkom-sirope-580ml-tst0001302/
99,https://dixy.ru/product/ikra-ugoshchenie-slavyanki-iz-baklajanov-545g-2000002062/
100,https://dixy.ru/product/ikra-ugoshchenie-slavyanki-kabachkovaya-545g-2000210911/
101,https://dixy.ru/product/baklajany-krugloe-leto-po-domashnemu-510g470g-2000209849/
102,https://dixy.ru/product/ikra-iz-kabachkov-kukhmaster-385g-2000548371/
103,https://dixy.ru/product/persiki-v-sirope-850-ml-di00080612/
104,https://dixy.ru/product/cheremsha-skatert-samobranka-marinovannaya-370-ml-2000586672/
105,https://dixy.ru/product/opyata-skatert-samobranka-otbornye-marinovannye-370ml-di00080611/
106,https://dixy.ru/product/ogurtsy-marinovannye-kuban-produkt-680g-2000348876/
107,https://dixy.ru/product/fasol-krugloe-leto-pechenaya-530g-2000245191/
108,https://dixy.ru/product/persiki-lorado-polovinki-v-legkom-sirope-425ml-tst0042460/
109,https://dixy.ru/product/konservy-ovoshchnye-dyadya-vanya-v-assortimente-460-g-2000307343/
110,https://dixy.ru/product/ogurchiki-dyadya-vanya-marinovannye-1800g-2000148383/
111,https://dixy.ru/product/ikra-restoratsiya-oblomov-iz-molodykh-baklajanov-420g-2000151565/
112,https://dixy.ru/product/ikra-restoratsiya-oblomov-iz-molodykh-kabachkov-420g-2000151564/
113,https://dixy.ru/product/goroshek-6-sotok-zelenyy-425ml-2000163949/
114,https://dixy.ru/product/kukuruza-6-sotok-sladkaya-425ml-2000163950/
115,https://dixy.ru/product/ogurtsy-6-sotok-marinovannye-6-9-sm-720ml-2000200415/
116,https://dixy.ru/product/assorti-krugloe-leto-patissony-cherri-ogurtsy-900g-2000226319/
117,https://dixy.ru/product/zakuska-dyadya-vanya-po-toskanski-460g-2000245033/
118,https://dixy.ru/product/zakusochka-dyadya-vanya-melitopolskaya-460-g-2000230511/
119,https://dixy.ru/product/tvorog-prostokvashino-2-200g-2000024202/
120,https://dixy.ru/product/smetana-khutorok-15-300g-2000411404/
121,https://dixy.ru/product/maslo-slivochnoe-legenda-finlyandii-strana-ozer-825-180g-di00080070/
122,https://dixy.ru/product/yogurt-pitevoy-epica-naturalnyy-29-260g-2000311166/
123,https://dixy.ru/product/morojenoe-belaya-dolina-plombir-na-slivkakh-450g-2000591371/
124,https://dixy.ru/product/morojenoe-belaya-dolina-plombir-na-slivkakh-shokolad-450g-2000601991/
125,https://dixy.ru/product/yogurt-frugurt-persik-marakuyya-2-240g-10j0079986/
126,https://dixy.ru/product/morojenoe-48-kopeek-rojok-s-chernoy-smorodinoy-111g-2000424453/
127,https://dixy.ru/product/moloko-sterilizovannoe-agusha-32-s-3-let-925ml-2000265601/
128,https://dixy.ru/product/ryajenka-agusha-klubnika-29-180g-2000281472/
129,https://dixy.ru/product/ryajenka-agusha-32-180g-2000281487/
130,https://dixy.ru/product/yogurt-rastishka-yabloko-grusha-s-pechenem-v-shokolade-3-118g-2000280864/
131,https://dixy.ru/product/yogurt-pitevoy-agusha-klubnika-banan-27-180g-tst0002708/
132,https://dixy.ru/product/yogurt-rastishka-plombir-s-khrustyashchimi-sharikami-yagodnyy-vkus-3-116g-2000596138/
133,https://dixy.ru/product/yogurt-pitevoy-frutonyanya-klubnika-banan-detskiy-25-200ml-2000297163/
134,https://dixy.ru/product/moloko-agusha-obogashchennoe-vitaminami-sterilizovannoe-25-200ml-2000002675/
135,https://dixy.ru/product/yogurt-pitevoy-frutonyanya-malina-detskiy-25-200ml-2000297164/
136,https://dixy.ru/product/snejok-frutonyanya-2-klubnika-i-zemlyanika-02l-2000579535/
137,https://dixy.ru/product/yogurt-pitevoy-agusha-immuniti-severnye-yagody-27-180g-2000300129/
138,https://dixy.ru/product/moloko-tema-ultrapasterizovannoe-32-500ml-10e0074248/
139,https://dixy.ru/product/massa-tvorojnaya-rostagroeksport-osobaya-s-izyumom-180g-2000190785/
140,https://dixy.ru/product/tvorog-khutorok-9-180g-2000569975/
141,https://dixy.ru/product/tvorog-prostokvashino-5-200g-tst0047040/
142,https://dixy.ru/product/tvorojok-danissimo-s-sochnym-kivi-55-130g-2000003585/
143,https://dixy.ru/product/yogurt-epica-s-vishney-i-chereshney-48-bzmj-130-g-2000278870/
144,https://dixy.ru/product/yogurt-epica-s-mango-i-semenami-chia-5-130g-2000285296/
145,https://dixy.ru/product/smetana-rostagroeksport-20-280g-2000544033/
146,https://dixy.ru/product/yogurt-epica-s-persikom-i-marakuyey-48-130-g-2000296488/
147,https://dixy.ru/product/moloko-32-925ml-ultrapasterizovannoe-v-assortimente-2000560951/
148,https://dixy.ru/product/yogurt-frugurt-vishnya-2-240g-10j0079989/
149,https://dixy.ru/product/sosiski-papa-mojet-sochnye-410g-2000528072/
150,https://dixy.ru/product/karbonad-rublevskie-kolbasy-vareno-kopchenyy-250g-2000558251/
151,https://dixy.ru/product/pashtet-egorevskiy-derevenskiy-iz-pecheni-150g-2000113059/
152,https://dixy.ru/product/shinka-iney-vareno-kopchenaya-narezka-100g-2000598672/
153,https://dixy.ru/product/pashtet-egorevskiy-klassicheskiy-iz-pecheni-150g-2000113039/
154,https://dixy.ru/product/pashtet-rublevskiy-mk-frantsuzskiy-s-utkoy-175g-2000530492/
155,https://dixy.ru/product/okorok-svinoy-egorevskaya-khamon-syrokopchenyy-v-narezke-55g-2000278914/
156,https://dixy.ru/product/zelts-varenyy-rublevskiy-stolnyy-400g-2000580271/
157,https://dixy.ru/product/khamon-de-lion-syrovyalenyy-narezka-50g-2000554871/
158,https://dixy.ru/product/vetchina-iney-svinaya-narezka-100g-2000598671/
159,https://dixy.ru/product/grudinka-iney-kopcheno-varenaya-narezka-130g-2000246314/
160,https://dixy.ru/product/shchekovina-zolotoy-kabanchik-kopcheno-varenaya-2000533472/
161,https://dixy.ru/product/kolbasa-velmit-braunshveygskaya-osobaya-syrokopchenaya-200g-2000413915/
162,https://dixy.ru/product/kolbasa-papa-mojet-molochnaya-varenaya-500g-2000563511/
163,https://dixy.ru/product/kolbasa-myasoedovmyasolyubov-balykovaya-vareno-kopchenaya-300g-2000601456/
164,https://dixy.ru/product/kolbasa-velikolukskiy-mk-doktorskaya-varenaya-gost-500g-2000279549/
165,https://dixy.ru/product/kolbasa-myasoedov-doktorskaya-varenaya-gost-400g-2000601454/
166,https://dixy.ru/product/kolbasa-okhotnichya-tsaritsyno-syrokopchenaya-250g-2000397424/
167,https://dixy.ru/product/kolbasa-eko-dorojnaya-khalyal-polukopchenaya-300g-2000518311/
168,https://dixy.ru/product/kolbaski-myasnitskiy-ryad-kabanossi-s-bekonom-syrokopchenye-60g-2000563298/
169,https://dixy.ru/product/kolbasa-tsaritsyno-musulmanskaya-varenaya-400-g-2000265924/
170,https://dixy.ru/product/kolbasa-papa-mojet-klassicheskaya-varenaya-300g-2000577531/
171,https://dixy.ru/product/sosiski-klinskiy-mk-slivochnye-470g-2000174171/
172,https://dixy.ru/product/sosiski-klinskiy-mk-klinskie-460g-2000279644/
173,https://dixy.ru/product/sosiski-cherkizovo-slivochnye-po-cherkizovski-650-g-2000181981/
174,https://dixy.ru/product/sosiski-ostankino-fileynye-420-g-2000424551/
175,https://dixy.ru/product/sosiski-papa-mojet-sochnyy-gril-410g-2000577622/
176,https://dixy.ru/product/sosiski-vladimirskiy-standart-bavarskie-s-syrom-350g-2000592098/
177,https://dixy.ru/product/pashtet-pechenochnyy-ivan-myasoedov-250g-2000568571/
178,https://dixy.ru/product/pashtet-iz-indeyki-myasoedov-100g-2000568572/
179,https://dixy.ru/product/file-tsyplenka-broylera-petelinka-bez-koji-v-upakovke-2000180302/
180,https://dixy.ru/product/bedro-kurinoe-petelinka-beskostnoe-bez-koji-okhlajdennoe-2000259938/
181,https://dixy.ru/product/rebryshki-svinye-cherkizovo-appetitnye-v-marinade-2000553153/
182,https://dixy.ru/product/svinina-cherkizovo-po-dijonski-okhlajdennaya-700g-2000575594/
183,https://dixy.ru/product/farsh-blijnie-gorki-derevenskiy-okhlajdennyy-400g-2000295877/
184,https://dixy.ru/product/frikadelki-blijnie-gorki-svinye-okhlajdennye-360g-2000299584/
185,https://dixy.ru/product/farsh-kurinyy-petelinka-premium-okhlajdennyy-450g-2000549493/
186,https://dixy.ru/product/bekon-dlya-jarki-blijnie-gorki-iz-svininy-narezka-260g-2000414199/
187,https://dixy.ru/product/tsyplenok-broyler-petelinka-okhlajdennyy-2000562232/
188,https://dixy.ru/product/golen-tsyplenka-broylera-petelinka-okhlajdennaya-v-upakovke-2000180298/
189,https://dixy.ru/product/grudka-tsyplyat-broylerov-petelinka-bez-koji-okhlajdennaya-2000292548/
190,https://dixy.ru/product/bedro-tsyplenka-broylera-petelinka-v-upakovke-2000180296/
191,https://dixy.ru/product/chevapchichi-blijnie-gorki-iz-svininy-300g-2000311165/
192,https://dixy.ru/product/kolbaski-blijnie-gorki-shashlychnye-okhlajdennye-400-g-2000292286/
193,https://dixy.ru/product/kotlety-petelinka-kurinye-slivochnye-okhlajdennye-500g-2000270579/
194,https://dixy.ru/product/nabor-dlya-supa-slovo-myasnika-okhlajdennyy-500g-2000576952/
195,https://dixy.ru/product/ragu-blijnie-gorki-dlya-tusheniya-400g-2000417181/
196,https://dixy.ru/product/file-tsyplenka-broylera-petelinka-maloe-okhlajdennoe-550g-2000407516/
197,https://dixy.ru/product/file-tsyplenka-broylera-petelinka-medalon-okhlajdennoe-550g-2000317425/
198,https://dixy.ru/product/medalon-iz-svinoy-vyrezki-cherkizovo-okhlajdennyy-500g-2000321668/
199,https://dixy.ru/product/mandariny-sladkie-di00078763/
200,https://dixy.ru/product/ogurtsy-fasovannye-450-g-2000088660/
201,https://dixy.ru/product/tomaty-cherri-v-upakovke-250-g-2000285933/
202,https://dixy.ru/product/kivi-novyy-urojay-2000313184/
203,https://dixy.ru/product/limony-sochnye-10e0074364/
204,https://dixy.ru/product/apelsiny-novyy-urojay-2000312804/
205,https://dixy.ru/product/shampinony-v-upakovke-v-assortimente-250g-2000332389/
206,https://dixy.ru/product/pomelo-krupnoe-2000003226/
207,https://dixy.ru/product/greypfrut-krasnyy-di00078765/
208,https://dixy.ru/product/morkov-mytaya-tst0036199/
209,https://dixy.ru/product/tomaty-cherri-v-upakovke-250-g-2000003231/
210,https://dixy.ru/product/laym-v-upakovke-3-sht-2000291043/
211,https://dixy.ru/product/treugolniki-rybnye-polar-iz-treskovykh-porod-zamorojennye-300g-2000175696/
212,https://dixy.ru/product/treugolniki-losocevye-polar-v-panirovke-zamorojennye-300g-2000285380/
213,https://dixy.ru/product/forel-moreslav-slabosolenaya-file-kusok-150g-2000280429/
214,https://dixy.ru/product/krabovye-palochki-vici-s-myasom-naturalnogo-kraba-170g-2000300575/
215,https://dixy.ru/product/file-seldi-v-masle-russkoe-more-k-kartoshke-traditsionnyy-posol-400g-2000309903/
216,https://dixy.ru/product/ikra-delikatesnaya-moreslav-s-krevetkoy-180g-2000602451/
217,https://dixy.ru/product/seld-leor-atlanticheskaya-file-v-masle-400g-2000322886/
218,https://dixy.ru/product/seld-moreslav-po-islandski-v-vinnom-souse-115g-2000595211/
219,https://dixy.ru/product/kokteyl-iz-moreproduktov-meridian-v-masle-200g-tst0034780/
220,https://dixy.ru/product/putassu-moreslav-solomka-70g-2000524231/
221,https://dixy.ru/product/yantarnaya-rybka-moreslav-solomka-s-pertsem-70g-2000524232/
222,https://dixy.ru/product/jeltyy-polosatik-moreslav-soleno-sushenyy-35g-2000162541/
223,https://dixy.ru/product/bychki-znak-kachestva-objarennye-v-tomatnom-souse-240-g-2000279525/
224,https://dixy.ru/product/file-seldi-baltiyskiy-bereg-kholodnogo-kopcheniya-200g-2000537931/
225,https://dixy.ru/product/morskaya-kapusta-midori-jarenaya-v-olivkovom-masle-5g-2000429580/
226,https://dixy.ru/product/ikra-krasnaya-otbornayarusskaya-strukturirovannaya-v-assortimente-95g-2000552331/
227,https://dixy.ru/product/shproty-znak-kachestva-v-masle-iz-salaki-240g-2000582871/
228,https://dixy.ru/product/chipsy-nori-naitori-so-vkusom-kimchi-3g-2000545491/
229,https://dixy.ru/product/chipsy-nori-naitori-s-olivkovym-maslom-3g-2000545492/
230,https://dixy.ru/product/ketchup-heinz-tomatnyy-320g-2000033799/
231,https://dixy.ru/product/pasta-tomatnaya-krugloe-leto-70g-2000521414/
232,https://dixy.ru/product/ketchup-heinz-tomatnyy-550g-2000538777/
233,https://dixy.ru/product/sous-astoriya-burger-sous-200g-2000552952/
234,https://dixy.ru/product/priprava-naturalnaya-sicilia-sok-limona-115ml-tst0046722/
235,https://dixy.ru/product/ketchup-makheev-shashlychnyy-300g-2000309687/
236,https://dixy.ru/product/ketchup-heinz-k-shashlyku-i-grilyu-320g-2000143225/
237,https://dixy.ru/product/pasta-tomatnaya-pomidorka-sashe-30g-2000569071/
238,https://dixy.ru/product/gorchitsa-makheev-stolovaya-russkaya-100g-2000187666/
239,https://dixy.ru/product/gorchitsa-kukhmaster-stolovaya-po-dijonski-210g-2000582072/
240,https://dixy.ru/product/pasta-pomidorka-tomatnaya-70g-2000226402/
241,https://dixy.ru/product/mayonez-sloboda-olivkovyy-67-200ml-2000186981/
242,https://dixy.ru/product/ketchup-makheev-chili-300g-2000551592/
243,https://dixy.ru/product/gorchitsa-mjk-stolichnaya-s-khrenom-100g-tst0021678/
244,https://dixy.ru/product/adjika-makheev-ostraya-140g-2000349253/
245,https://dixy.ru/product/tomatnaya-pasta-pomidorka-140g-2000000762/
246,https://dixy.ru/product/mayonez-sloboda-provansal-67-100ml-2000429651/
247,https://dixy.ru/product/pasta-pomidorka-tomatnaya-480ml-2000229651/
248,https://dixy.ru/product/ketchup-heinz-ostryy-320g-2000143160/
249,https://dixy.ru/product/sous-sen-soy-pad-thai-dlya-risovoy-lapshi-po-tayski-80g-2000245271/
250,https://dixy.ru/product/sous-sen-soy-kislo-sladkiy-260g-2000430644/
251,https://dixy.ru/product/sous-kukhmaster-dlya-makaron-s-bolgarskim-pertsem-400g-2000429971/
252,https://dixy.ru/product/sous-tomatnyy-pomidorka-kavkazskiy-480ml-2000569072/
253,https://dixy.ru/product/zapravka-sen-soy-premium-dlya-funchozy-po-koreyski-80g-2000228532/
254,https://dixy.ru/product/osnova-dlya-supa-sen-soy-premium-tom-yam-80g-2000300525/
255,https://dixy.ru/product/universalnaya-priprava-gallina-blanca-traditsionnaya-75g-t000024621/
256,https://dixy.ru/product/priprava-galina-blanca-15-ovoshchey-75g-2000602751/
257,https://dixy.ru/product/pasta-pomidorka-tomatnaya-380g-2000000761/
258,https://dixy.ru/product/pasta-tomatnaya-yashchik-astrakhanskikh-pomidorov-490g-2000314423/
259,https://dixy.ru/product/tomatnaya-pasta-makheev-500g-2000349875/
260,https://dixy.ru/product/syr-belebeevskiy-45-190g-2000397447/
261,https://dixy.ru/product/syr-supreme-myagkiy-s-beloy-plesenyu-60-125g-2000331952/
262,https://dixy.ru/product/syr-brest-litovsk-maasdam-45-narezka-130g-2000529991/
263,https://dixy.ru/product/syr-polutverdyy-brest-litovsk-tilziter-45-200g-2000325241/
264,https://dixy.ru/product/syr-starodub-gauda-tertyy-45-300g-2000311184/
265,https://dixy.ru/product/syr-brynza-serbskaya-40-200g-2000594011/
266,https://dixy.ru/product/syr-polutverdyy-hochland-grunlander-50-400g-2000407435/
267,https://dixy.ru/product/syr-natura-slivochnyy-slays-narezka-45-150g-2000365650/
268,https://dixy.ru/product/syr-tverdyy-belster-parmesan-6-mesyatsev-40-195g-2000541155/
269,https://dixy.ru/product/syr-brest-litovsk-klassicheskiy-45-v-narezke-130g-2000204091/
270,https://dixy.ru/product/syr-syrovarnya-trubetskikh-rossiyskiy-45-380g-2000576491/
271,https://dixy.ru/product/syr-syrovarnya-trubetskikh-gertsog-s-pajitnikom-45-180g-2000578151/
272,https://dixy.ru/product/syr-plavlenyy-gorod-syra-kolbasno-kopchenyy-narezka-40-200g-2000548751/
273,https://dixy.ru/product/syr-rassolnyy-myagkiy-sveza-brynza-nejnaya-4045-250g-2000543357/
274,https://dixy.ru/product/syr-tverdyy-emandhof-hard-extra-kolotyy-40-150g-2000557813/
275,https://dixy.ru/product/syr-syrobogatov-maasdam-45-180-g-2000409198/
276,https://dixy.ru/product/syr-oldenburger-s-tomatom-i-bazilikom-4550-narezka-125g-2000571497/
277,https://dixy.ru/product/syr-laime-parmezan-4045-200g-2000597551/
278,https://dixy.ru/product/syr-president-chechil-belyy-spagetti-35-100g-2000277067/
279,https://dixy.ru/product/syr-premier-of-taste-parmesan-40-fassovannyy-2000527654/
280,https://dixy.ru/product/syr-grunlander-chedder-50-180g-2000596971/
281,https://dixy.ru/product/syr-skit-skamortstsa-kopchenyy-40-150-g-bzmj-2000277065/
282,https://dixy.ru/product/syr-president-plavlenyy-slivochnyy-45-400g-tst0042617/
283,https://dixy.ru/product/syr-montblu-s-blagorodnoy-goluboy-plesenyu-50-100g-2000295166/
284,https://dixy.ru/product/syr-iz-kozego-moloka-grano-kozi-levarden-50-75g-2000558391/
285,https://dixy.ru/product/syr-lipin-bor-gryuyer-molodoy-50-180g-2000583212/
286,https://dixy.ru/product/syr-oldenburger-s-gretskim-orekhom-4550-narezka-125g-2000571498/
287,https://dixy.ru/product/syr-tvorojnyy-lattesco-slivochnyy-60-140g-2000602353/
288,https://dixy.ru/product/syr-president-maacdam-plavlenyy-40-lomtiki-150g-tst0042809/
289,https://dixy.ru/product/syr-oldenburger-s-olivkami-i-tomatami-4550-narezka-125g-2000557451/
290,https://dixy.ru/product/kofe-nescafe-gold-rastvorimyy-sublimirovannyy-220g-2000318896/
291,https://dixy.ru/product/chay-greenfield-golden-ceylon-chernyy-v-paketikakh-100sht-2000175074/
292,https://dixy.ru/product/kofe-moskovskaya-kofeynya-na-payakh-suare-rastvorimyy-95g-2000306325/
293,https://dixy.ru/product/chay-chernyy-greenfield-earl-grey-fantasy-bergamot-100pak-2000228472/
294,https://dixy.ru/product/chay-greenfield-kenyan-sunrise-chernyy-v-paketikakh-100sht-2000272272/
295,https://dixy.ru/product/kofe-rastvorimyy-maccoffee-cappuccino-di-torino-5sht-2000313786/
296,https://dixy.ru/product/chay-chernyy-tess-pleasure-shipovnik-i-yabloko-v-paketikakh-100sht-2000226734/
297,https://dixy.ru/product/chay-chernyy-greenfield-earl-grey-fantasy-200g-2000217793/
298,https://dixy.ru/product/chay-chernyy-azerchay-s-aromatom-bergamota-25kh2-g-2000336819/
299,https://dixy.ru/product/chay-zelenyy-tess-flirt-s-klubnikoy-i-aromatom-belogo-persika-25sht-2000337169/
300,https://dixy.ru/product/chay-greenfield-green-melissa-v-paketikakh-100sht-2000202356/
301,https://dixy.ru/product/chay-chernyy-tess-forest-dream-malina-chernika-20x18g-2000295203/
302,https://dixy.ru/product/chay-chernyy-tess-pleasure-shipovnik-i-yabloko-v-paketikakh-25sht-tst0038390/
303,https://dixy.ru/product/kofe-rastvorimyy-sublimirovannyy-monarch-original-95g-di00078847/
304,https://dixy.ru/product/kofe-lavazza-crema-e-gusto-molotyy-250g-2000183725/
305,https://dixy.ru/product/chay-mayskiy-korona-rossiyskoy-imperii-chernyy-listovoy-200g-tst0001604/
306,https://dixy.ru/product/chay-richard-royal-ceylon-chernyy-v-paketikakh-100sht-2000265724/
307,https://dixy.ru/product/chay-greenfield-jasmine-dream-zelenyy-listovoy-100g-di00080604/
308,https://dixy.ru/product/chay-chernyy-richard-royal-earl-grey-s-bergamotom-v-paketikakh-100sht-2000262681/
309,https://dixy.ru/product/kofe-moskovskaya-kofeynya-na-payakh-arabika-molotyy-250g-2000056820/
310,https://dixy.ru/product/kofe-rastvorimyy-nescafe-gold-475g-0230402126/
311,https://dixy.ru/product/kofe-nescafe-gold-barista-molotyy-rastvorimyy-75g-2000225117/
312,https://dixy.ru/product/kofe-molotyy-v-rastvorimom-nescafe-gold-190g-tst0000119/
313,https://dixy.ru/product/kofe-rastvorimyy-nescafe-gold-aroma-intenso-170g-2000547136/
314,https://dixy.ru/product/chay-chernyy-greenfield-english-edition-baykhovyy-100kh2g-2000289445/
315,https://dixy.ru/product/kofe-rastvorimyy-nescafe-gold-steklyannaya-banka-95g-0230402127/
316,https://dixy.ru/product/chay-chernyy-azerchay-buket-krupnolistovoy-200-g-2000337480/
317,https://dixy.ru/product/kofe-rastvorimyy-nescafe-gold-75g-2000144529/
318,https://dixy.ru/product/kofe-nescafe-gold-barista-molotyy-rastvorimyy-85g-2000225116/
319,https://dixy.ru/product/kofe-rastvorimyy-sublimirovannyy-monarch-gold-95g-2000276723/
320,https://dixy.ru/product/banany-spelye-10e0074360/
321,https://dixy.ru/product/mandariny-sladkie-di00078763/
322,https://dixy.ru/product/grusha-sezonnaya-d000011164/
323,https://dixy.ru/product/grusha-konferentsabbat-tst0024100/
324,https://dixy.ru/product/yabloki-golden-10e0074363/
325,https://dixy.ru/product/yabloki-grenni-smit-10e0076186/
326,https://dixy.ru/product/limony-sochnye-10e0074364/
327,https://dixy.ru/product/apelsiny-novyy-urojay-2000312804/
328,https://dixy.ru/product/yabloki-gala-tst0038253/
329,https://dixy.ru/product/pomelo-krupnoe-2000003226/
330,https://dixy.ru/product/yabloki-krasnye-10e0076185/
331,https://dixy.ru/product/yabloki-sezonnye-10e0074362/
332,https://dixy.ru/product/greypfrut-krasnyy-di00078765/
333,https://dixy.ru/product/yabloki-fasovannye-2000499049/
334,https://dixy.ru/product/vinograd-krasnyy-d000003636/
335,https://dixy.ru/product/vinograd-svetlyy-di00079981/
336,https://dixy.ru/product/limon-v-upakovke-2-sht-2000331049/
337,https://dixy.ru/product/sliva-kruglaya-2000300970/
338,https://dixy.ru/product/yabloki-bogatyr-2000325754/
339,https://dixy.ru/product/yabloki-lebedyanskie-sobrano-v-sadu-6sht-2000585191/
340,https://dixy.ru/product/nektariny-spelye-di00081186/
341,https://dixy.ru/product/yabloki-lebedyanskie-sobrano-v-sadu-2sht-2000637151/
342,https://dixy.ru/product/laym-v-upakovke-3-sht-2000291043/
343,https://dixy.ru/product/vinograd-belyy-bez-kostochki-500g-2000498739/
344,https://dixy.ru/product/vinograd-chernyy-500g-2000614771/
345,https://dixy.ru/product/abrikosy-svejie-2000003792/
346,https://dixy.ru/product/persiki-svejie-sochnye-di00079137/
347,https://dixy.ru/product/chereshnya-sezonnaya-2000003796/
348,https://dixy.ru/product/vinograd-shayn-muskat-bez-kostochki-v-assortimente-500g-2000625239/
349,https://dixy.ru/product/grusha-krasnaya-2000003214/
350,https://dixy.ru/product/kartofel-belorusskiy-v-upakovke-2000582631/
351,https://dixy.ru/product/ogurtsy-fasovannye-450-g-2000088660/
352,https://dixy.ru/product/ogurets-2000205870/
353,https://dixy.ru/product/tomaty-cherri-v-upakovke-250-g-2000285933/
354,https://dixy.ru/product/perets-krasnyy-2000233131/
355,https://dixy.ru/product/ogurtsy-botanika-420g-2000617671/
356,https://dixy.ru/product/tomaty-azerbaydjanskie-rozovye-d000004968/
357,https://dixy.ru/product/kartofel-molodoy-tst0037776/
358,https://dixy.ru/product/tomaty-slivovidnye-krugloe-leto-450g-2000611112/
359,https://dixy.ru/product/kartofel-belyy-mytyy-v-upakovke-2000003215/
360,https://dixy.ru/product/kartofel-v-upakovke-2000204029/
361,https://dixy.ru/product/baklajany-krupnye-2000243412/
362,https://dixy.ru/product/ogurtsy-sredneplodnye-gladkie-2000271421/
363,https://dixy.ru/product/kartofel-tst0028521/
364,https://dixy.ru/product/tomaty-cherri-goryachee-serdtse-200g-2000557291/
365,https://dixy.ru/product/luk-repchatyy-10e0074356/
366,https://dixy.ru/product/ogurtsy-sredneplodnye-krugloe-leto-600g-2000611111/
367,https://dixy.ru/product/kapusta-belokochannaya-rannyaya-1100071922/
368,https://dixy.ru/product/tomaty-flamenko-slivovidnye-krasnye-450g-2000410142/
369,https://dixy.ru/product/tomaty-slivovidnye-flamenko-2000556352/
370,https://dixy.ru/product/tomaty-krasnye-10e0075437/
371,https://dixy.ru/product/kapusta-belokochannaya-di00078734/
372,https://dixy.ru/product/morkov-di00078733/
373,https://dixy.ru/product/tomaty-kokteyl-na-vetke-250-g-2000580825/
374,https://dixy.ru/product/tomaty-kokteyl-krasnyy-350g-2000331828/
375,https://dixy.ru/product/kabachki-svejie-10e0076060/
376,https://dixy.ru/product/kapusta-tsvetnaya-di00079984/
377,https://dixy.ru/product/luk-repchatyy-v-upakovke-2000301866/
378,https://dixy.ru/product/chesnok-3sht-tst0039681/
379,https://dixy.ru/product/morkov-mytaya-tst0036199/
380,https://dixy.ru/product/salat-aysberg-1-sht-2000055959/
381,https://dixy.ru/product/salat-v-gorshochke-di00081189/
382,https://dixy.ru/product/salat-miks-rukkola-mangold-i-shpinat-75g-2000539717/
383,https://dixy.ru/product/kapusta-kitayskaya-di00079983/
384,https://dixy.ru/product/stebli-seldereya-v-upakovke-2000181068/
385,https://dixy.ru/product/luk-zelenyy-v-upakovke-150-g-t000024802/
386,https://dixy.ru/product/shpinat-mini-v-upakovke-75-g-2000539716/
387,https://dixy.ru/product/salat-miks-rukola-radichio-75-g-2000422936/
388,https://dixy.ru/product/zelen-assorti-v-upakovke-100-g-2000179933/
389,https://dixy.ru/product/zelen-assorti-v-upakovke-150-g-1100074227/
390,https://dixy.ru/product/ukrop-v-upakovke-v-assortimente-100g-2000283471/
391,https://dixy.ru/product/ukrop-svejiy-v-upakovke-150-g-t000024798/
392,https://dixy.ru/product/salat-frillis-100-g-2000206029/
393,https://dixy.ru/product/luk-zelenyy-v-upakovke-v-assortimente-100g-2000279822/
394,https://dixy.ru/product/salat-krugloe-leto-rukkola-75g-2000607371/
395,https://dixy.ru/product/kinza-v-upakovke-75g-2000603793/
396,https://dixy.ru/product/nabor-salatnyy-ukrop-petrushka-kinza-bazilik-v-assortimente-75g-2000611051/
397,https://dixy.ru/product/petrushka-leto-svejaya-v-upakovke-v-assortimente-100g-2000285860/
398,https://dixy.ru/product/ukrop-50g-2000176112/
399,https://dixy.ru/product/salat-miks-rukola-radichio-korn-75g-2000642371/
400,https://dixy.ru/product/salatnyy-miks-rukkola-mangold-mizuna-v-assortimente-75g-2000417983/
401,https://dixy.ru/product/nabor-zeleni-ukrop-petrushka-50g-2000641551/
402,https://dixy.ru/product/luk-zelenyy-50g-2000641552/
403,https://dixy.ru/product/salat-rukkola-75-g-2000539718/
404,https://dixy.ru/product/myata-svejaya-30-g-2000271520/
405,https://dixy.ru/product/rozmarin-svejiy-30-g-2000362443/
406,https://dixy.ru/product/nabor-dlya-okroshki-v-assortimente-150g-2000586032/
407,https://dixy.ru/product/sparja-250-g-2000343650/
408,https://dixy.ru/product/shampinony-v-upakovke-400-g-2000088639/
409,https://dixy.ru/product/shampinony-v-upakovke-v-assortimente-250g-2000332389/
410,https://dixy.ru/product/shampinony-di00079986/
411,https://dixy.ru/product/shampinony-dlya-zapekaniya-v-upakovke-700-g-2000286264/
412,https://dixy.ru/product/shampinony-rezanye-300-g-2000323199/
413,https://dixy.ru/product/shampinony-mini-300-g-tst0046651/
414,https://dixy.ru/product/griby-veshenki-v-upakovke-300-g-1100074440/
415,https://dixy.ru/product/vinograd-krasnyy-d000003636/
416,https://dixy.ru/product/vinograd-svetlyy-di00079981/
417,https://dixy.ru/product/golubika-125g-tst0044571/
418,https://dixy.ru/product/vinograd-belyy-bez-kostochki-500g-2000498739/
419,https://dixy.ru/product/klubnika-v-upakovke-250-g-tst0034165/
420,https://dixy.ru/product/vinograd-chernyy-500g-2000614771/
421,https://dixy.ru/product/chereshnya-sezonnaya-2000003796/
422,https://dixy.ru/product/vinograd-shayn-muskat-bez-kostochki-v-assortimente-500g-2000625239/
423,https://dixy.ru/product/golubika-svejaya-2000498856/
424,https://dixy.ru/product/arbuz-importnyy-2000272020/
425,https://dixy.ru/product/klubnika-sezonnaya-svejaya-2000000557/
426,https://dixy.ru/product/vinograd-muskat-bez-kostochki-2000599092/
427,https://dixy.ru/product/vinograd-chernyy-kish-mish-tst0038256/
428,https://dixy.ru/product/kivi-novyy-urojay-2000313184/
429,https://dixy.ru/product/mango-tst0016684/
430,https://dixy.ru/product/avokado-tst0016679/
431,https://dixy.ru/product/avokado-khaas-v-upakovke-2sht-2000301583/
432,https://dixy.ru/product/ananas-sochnyy-1100074653/
433,https://dixy.ru/product/kivi-spelyy-3sht-2000337618/
434,https://dixy.ru/product/pitakhayya-2000499353/
435,https://dixy.ru/product/avokado-khaas-v-upakovke-2000362381/
436,https://dixy.ru/product/kivi-v-upakovke-450-g-2000321728/
437,https://dixy.ru/product/mango-tayskoe-jeltoe-2000322613/
438,https://dixy.ru/product/mango-speloe-v-upakovke-1-sht-2000311023/
439,https://dixy.ru/product/kokos-s-trubochkoy-2000337621/
440,https://dixy.ru/product/avokado-khass-v-upakovke-700-g-2000329470/
441,https://dixy.ru/product/marakuyya-2000640471/
442,https://dixy.ru/product/marakuyya-artfruit-v-upakovke-2sht-2000301589/
443,https://dixy.ru/product/lichi-v-assortimente-2000284431/
444,https://dixy.ru/product/tomaty-slivovidnye-krugloe-leto-450g-2000611112/
445,https://dixy.ru/product/tomaty-cherri-goryachee-serdtse-200g-2000557291/
446,https://dixy.ru/product/ogurtsy-sredneplodnye-krugloe-leto-600g-2000611111/
447,https://dixy.ru/product/yabloki-fasovannye-2000499049/
448,https://dixy.ru/product/tomaty-kokteyl-krasnyy-350g-2000331828/
449,https://dixy.ru/product/salat-krugloe-leto-rukkola-75g-2000607371/
450,https://dixy.ru/product/tomaty-cherri-ryjiy-chempion-200g-2000631672/
451,https://dixy.ru/product/tomaty-cherri-trio-v-upakovke-350-g-2000285931/
452,https://dixy.ru/product/salat-olifeolayf-tsezar-s-kuritsey-220g-2000624471/
453,https://dixy.ru/product/kotleta-po-kievski-take-itteyk-it-s-kartofelnym-pyure-280g-2000589333/
454,https://dixy.ru/product/onigiri-ouchauch-filadelfiya-100g-2000627075/
455,https://dixy.ru/product/file-kurinoy-grudki-olifeolayf-s-provanskimi-travami-182g-2000638612/
456,https://dixy.ru/product/salat-take-itteyk-it-olive-500g-2000634277/
457,https://dixy.ru/product/pasta-take-itteyk-it-boloneze-230g-2000598351/
458,https://dixy.ru/product/strit-roll-ouchauch-s-lososem-180g-2000628051/
459,https://dixy.ru/product/befstroganov-iz-kuritsy-take-itteyk-it-s-kartofelnym-pyure-250g-2000630291/
460,https://dixy.ru/product/plov-take-itteyk-it-s-kuritsey-500g-2000620833/
461,https://dixy.ru/product/myaso-po-frantsuzski-take-itteyk-it-s-kartofelem-240g-2000620836/
462,https://dixy.ru/product/sup-take-itteyk-it-kurinyy-s-domashney-lapshoy-270g-2000580414/
463,https://dixy.ru/product/borshch-take-itteyk-it-s-kuritsey-270g-2000580413/
464,https://dixy.ru/product/plov-take-itteyk-it-s-kuritsey-250g-2000589332/
465,https://dixy.ru/product/syrniki-take-itteyk-it-s-vishnevym-varenem-220g-2000596911/
466,https://dixy.ru/product/sup-take-itteyk-it-solyanka-250g-2000601571/
467,https://dixy.ru/product/sendvich-take-itteyk-it-s-kuritsey-150g-2000579574/
468,https://dixy.ru/product/zapekanka-tvorojnaya-take-itteyk-it-s-izyumom-150g-2000608351/
469,https://dixy.ru/product/shaurma-ouchauch-s-kuritsey-200g-2000638711/
470,https://dixy.ru/product/sup-take-itteyk-it-gorokhovyy-s-kopchenostyami-270g-2000580412/
471,https://dixy.ru/product/yaytso-olifeolayf-kopchenoe-perepelinoe-15sht-2000640052/
472,https://dixy.ru/product/sendvich-take-itteyk-it-s-vetchinoy-i-syrom-150g-2000579575/
473,https://dixy.ru/product/kotleta-kurinaya-take-itteyk-it-s-farfalle-200g-2000586911/
474,https://dixy.ru/product/stripsy-kurinye-take-itteyk-it-s-kartofelnym-pyure-250g-2000602291/
475,https://dixy.ru/product/pasta-take-itteyk-it-s-krevetkami-i-sousom-tom-yam-250g-2000627971/
476,https://dixy.ru/product/myaso-tomlenoe-take-itteyk-it-s-grechnevoy-kashey-280g-2000589334/
477,https://dixy.ru/product/kotleta-rybnaya-take-itteyk-it-s-risom-i-ovoshchami-250g-2000621111/
478,https://dixy.ru/product/sendvich-roll-take-itteyk-it-tsezar-200g-2000627073/
479,https://dixy.ru/product/salat-take-itteyk-it-vinegret-180g-2000603195/
480,https://dixy.ru/product/salat-take-itteyk-it-olive-180g-2000587196/
481,https://dixy.ru/product/pasta-take-itteyk-it-karbonara-230g-2000598571/
482,https://dixy.ru/product/italyanskiy-khleb-chiabatta-2000267601/
483,https://dixy.ru/product/minibaget-originalnyy-s-chesnochnym-maslom-2000275240/
484,https://dixy.ru/product/khleb-borodinskiy-bezdrojjevoy-2000599655/
485,https://dixy.ru/product/khlebushki-zavarnye-2000605211/
486,https://dixy.ru/product/minibaget-temnyy-s-chesnochnym-maslom-2000607571/
487,https://dixy.ru/product/baget-mini-bezdrojjevoy-pshenichnyy-2000607971/
488,https://dixy.ru/product/filo-roll-s-nachinkoy-vishnya-i-tvorog-2000610471/
489,https://dixy.ru/product/bulochka-s-koritsey-2000533232/
490,https://dixy.ru/product/pletenka-so-sgushchennym-molokom-i-arakhisom-2000293354/
491,https://dixy.ru/product/pirojok-s-kapustoy-i-yaytsom-2000621171/
492,https://dixy.ru/product/yazychok-s-tvorojnoy-nachinkoy-2000594734/
493,https://dixy.ru/product/pirojok-s-kartofelem-i-lukom-2000621173/
494,https://dixy.ru/product/kruassan-frantsuzskiy-na-slivochnom-masle-2000622152/
495,https://dixy.ru/product/bretsel-dog-s-kunjutom-2000571736/
496,https://dixy.ru/product/sloyka-yazychok-2000322070/
497,https://dixy.ru/product/palochka-s-malinoy-1-sht-2000293353/
498,https://dixy.ru/product/donat-bakerton-chernika-s-krem-chiz-67g-2000630791/
499,https://dixy.ru/product/maffin-s-shokoladom-120g-2000621172/
500,https://dixy.ru/product/ulitka-grecheskaya-s-nachinkoy-kuritsa-s-kartofelem-2000573091/
501,https://dixy.ru/product/burek-s-kartofelem-i-zelenyu-2000575091/
502,https://dixy.ru/product/pitsetta-pikantnaya-2000317105/
503,https://dixy.ru/product/donat-marshmellou-2000593551/
504,https://dixy.ru/product/donat-s-klubnichnoy-nachinkoy-70g-2000515937/
505,https://dixy.ru/product/donat-s-shokoladnoy-nachinkoy-70g-2000499976/
506,https://dixy.ru/product/sloyka-mini-s-klubnichnoy-nachinkoy-2000635351/
507,https://dixy.ru/product/kruassan-2000609131/
508,https://dixy.ru/product/bulochka-s-makom-v-temnom-shokolade-2000591097/
509,https://dixy.ru/product/belyash-s-myasom-130g-2000644991/
510,https://dixy.ru/product/bulochka-krem-chiz-s-koritsey-2000608052/
511,https://dixy.ru/product/sloyka-s-syrom-i-vetchinoy-2000541957/
512,https://dixy.ru/product/syrniki-take-itteyk-it-s-vishnevym-varenem-220g-2000596911/
513,https://dixy.ru/product/zapekanka-tvorojnaya-take-itteyk-it-s-izyumom-150g-2000608351/
514,https://dixy.ru/product/firmennye-syrniki-shokoladnitsa-190g-2000338396/
515,https://dixy.ru/product/kasha-olifeolayf-risovaya-na-kokosovom-moloke-270g-2000624552/
516,https://dixy.ru/product/kasha-risovaya-take-itteyk-it-na-moloke-200g-2000608452/
517,https://dixy.ru/product/bliny-legendarnye-s-shokoladom-shokoladnitsa-180g-2000338407/
518,https://dixy.ru/product/blinchiki-take-itteyk-it-s-myasom-160g-2000608414/
519,https://dixy.ru/product/kasha-pshennaya-take-itteyk-it-na-moloke-200g-2000608453/
520,https://dixy.ru/product/omlet-take-itteyk-it-s-kuritsey-i-syrom-150g-2000625394/
521,https://dixy.ru/product/kasha-ovsyanaya-take-itteyk-it-na-moloke-200g-2000608451/
522,https://dixy.ru/product/omlet-roll-ekofud-s-vetchinoy-i-syrom-150g-2000641233/
523,https://dixy.ru/product/bliny-shokoladnitsa-s-semgoy-150g-2000548879/
524,https://dixy.ru/product/bliny-s-myasom-shokoladnitsa-190g-2000338409/
525,https://dixy.ru/product/blinchiki-take-itteyk-it-s-yablokami-160g-2000608413/
526,https://dixy.ru/product/syrnichki-milli-milki-s-grushey-i-persikom-120g-2000646273/
527,https://dixy.ru/product/syrnichki-milli-milki-s-vishney-120g-2000646272/
528,https://dixy.ru/product/kasha-ovsyanaya-s-klubnichnym-napolnitelem-250-g-2000327709/
529,https://dixy.ru/product/kasha-pshennaya-s-tykvoy-250-g-2000327706/
530,https://dixy.ru/product/omlet-korona-fud-s-syrom-i-shpinatom-165g-2000553517/
531,https://dixy.ru/product/kasha-risovaya-250-g-2000532686/
532,https://dixy.ru/product/zapekanka-ekofud-klassicheskaya-150g-2000575996/
533,https://dixy.ru/product/blinchiki-s-tvorogom-jarenye-160g-2000324836/
534,https://dixy.ru/product/blinchiki-creative-kitchen-s-kuritsey-i-gribami-160g-2000553516/
535,https://dixy.ru/product/blinchiki-creative-kitchen-s-vetchinoy-i-syrom-160g-2000640141/
536,https://dixy.ru/product/blinchiki-creative-kitchen-s-vishnevoy-nachinkoy-160g-2000640144/
537,https://dixy.ru/product/syrniki-creative-kitchen-s-vishnevoy-nachinkoy-140g-2000640140/
538,https://dixy.ru/product/syrnichki-miratorg-s-syrom-i-zelenyu-140g-2000651499/
539,https://dixy.ru/product/bliny-miratorg-s-varenoy-sgushchenkoy-280g-2000651251/
540,https://dixy.ru/product/sup-take-itteyk-it-kurinyy-s-domashney-lapshoy-270g-2000580414/
541,https://dixy.ru/product/borshch-take-itteyk-it-s-kuritsey-270g-2000580413/
542,https://dixy.ru/product/sup-take-itteyk-it-solyanka-250g-2000601571/
543,https://dixy.ru/product/sup-take-itteyk-it-gorokhovyy-s-kopchenostyami-270g-2000580412/
544,https://dixy.ru/product/sup-kharcho-take-itteyk-it-s-govyadinoy-250g-2000631553/
545,https://dixy.ru/product/shchi-berejnoe-tomlenie-s-kurinoy-grudkoy-250g-2000639796/
546,https://dixy.ru/product/sup-berejnoe-tomlenie-gribnoy-tomlenyy-025kg-2000643131/
547,https://dixy.ru/product/sup-ekofud-tom-yam-s-kuritsey-250g-2000570721/
548,https://dixy.ru/product/sup-ramen-eko-fud-s-kuritsey-250g-2000645794/
549,https://dixy.ru/product/sup-fo-bo-eko-fud-s-govyadinoy-300g-2000645795/
550,https://dixy.ru/product/okroshka-freshclub-s-kuritsey-250g-2000620953/
551,https://dixy.ru/product/sup-ekofud-chili-kon-karne-250g-2000651232/
552,https://dixy.ru/product/kotleta-po-kievski-take-itteyk-it-s-kartofelnym-pyure-280g-2000589333/
553,https://dixy.ru/product/otbivnaya-iz-kuritsy-domashniy-ochag-s-kartofelem-280g-2000643152/
554,https://dixy.ru/product/file-kurinoy-grudki-olifeolayf-s-provanskimi-travami-182g-2000638612/
555,https://dixy.ru/product/pasta-take-itteyk-it-boloneze-230g-2000598351/
556,https://dixy.ru/product/befstroganov-iz-kuritsy-take-itteyk-it-s-kartofelnym-pyure-250g-2000630291/
557,https://dixy.ru/product/plov-take-itteyk-it-s-kuritsey-500g-2000620833/
558,https://dixy.ru/product/myaso-po-frantsuzski-take-itteyk-it-s-kartofelem-240g-2000620836/
559,https://dixy.ru/product/lazanya-miratorg-boloneze-350g-2000585391/
560,https://dixy.ru/product/plov-take-itteyk-it-s-kuritsey-250g-2000589332/
561,https://dixy.ru/product/shashlyk-kurinyy-s-kartofelem-zarumyanennym-280-g-2000181020/
562,https://dixy.ru/product/pasta-shokoladnitsa-s-krevetkami-i-sousom-tom-yam-240g-2000605731/
563,https://dixy.ru/product/pasta-shokoladnitsa-alfredo-s-kuritsey-230g-2000548877/
564,https://dixy.ru/product/kotleta-kurinaya-take-itteyk-it-s-farfalle-200g-2000586911/
565,https://dixy.ru/product/stripsy-kurinye-take-itteyk-it-s-kartofelnym-pyure-250g-2000602291/
566,https://dixy.ru/product/pasta-take-itteyk-it-s-krevetkami-i-sousom-tom-yam-250g-2000627971/
567,https://dixy.ru/product/krylyshki-kurinye-miratorg-v-souse-teriyaki-300g-2000591794/
568,https://dixy.ru/product/myaso-tomlenoe-take-itteyk-it-s-grechnevoy-kashey-280g-2000589334/
569,https://dixy.ru/product/kotleta-rybnaya-take-itteyk-it-s-risom-i-ovoshchami-250g-2000621111/
570,https://dixy.ru/product/kotlety-kurinye-s-kartofelem-zarumyanennym-310-g-2000216776/
571,https://dixy.ru/product/vok-freshclub-kuritsa-v-souse-teriyaki-s-lapshoy-udon-270g-2000619435/
572,https://dixy.ru/product/kurochka-berejnoe-tomlenie-s-kartoshechkoy-po-derevenski-250g-2000639794/
573,https://dixy.ru/product/perlovka-berejnoe-tomlenie-s-govyadinoy-250g-2000639795/
574,https://dixy.ru/product/pasta-take-itteyk-it-karbonara-230g-2000598571/
575,https://dixy.ru/product/shnitsel-kurinyy-v-yaytse-cook-chart-s-makaronami-200g-2000610633/
576,https://dixy.ru/product/kurinye-krylyshki-gril-natur-buffet-2000622352/
577,https://dixy.ru/product/myaso-kurinoe-po-frantsuzski-s-risom-270-g-2000287829/
578,https://dixy.ru/product/kotletki-myasnye-ruzkom-zapechennye-240g-2000623368/
579,https://dixy.ru/product/file-mintaya-jarenoe-cook-chart-s-kartofelnym-pyure-210g-2000636315/
580,https://dixy.ru/product/kapusta-tushenaya-take-itteyk-it-s-sosiskoy-250g-2000625517/
581,https://dixy.ru/product/frikadelki-miratorg-s-grechkoy-pod-krasnym-sousom-260-g-2000524497/
582,https://dixy.ru/product/salat-olifeolayf-tsezar-s-kuritsey-220g-2000624471/
583,https://dixy.ru/product/salat-take-itteyk-it-olive-500g-2000634277/
584,https://dixy.ru/product/yaytso-olifeolayf-kopchenoe-perepelinoe-15sht-2000640052/
585,https://dixy.ru/product/salat-grin-krest-bavarskiy-s-vetchinoy-300g-2000016423/
586,https://dixy.ru/product/salat-take-itteyk-it-vinegret-180g-2000603195/
587,https://dixy.ru/product/salat-grin-krest-olive-300g-2000290787/
588,https://dixy.ru/product/salat-take-itteyk-it-olive-180g-2000587196/
589,https://dixy.ru/product/salat-take-itteyk-it-baklajany-po-koreyski-200g-2000625516/
590,https://dixy.ru/product/boul-olifeolayf-s-kuritsey-funchozoy-i-ovoshchami-220g-2000628891/
591,https://dixy.ru/product/salat-take-itteyk-it-krabovyy-180g-2000587195/
592,https://dixy.ru/product/salat-take-itteyk-it-seld-pod-shuboy-180g-2000633313/
593,https://dixy.ru/product/khumus-sababa-retsept-iz-nazareta-150-g-2000312544/
594,https://dixy.ru/product/salat-olifeolayf-vitaminnyy-200g-2000638173/
595,https://dixy.ru/product/khumus-sababa-retsept-iz-ierusalima-150-g-2000312543/
596,https://dixy.ru/product/salat-mimoza-take-itteyk-it-200g-2000645832/
597,https://dixy.ru/product/salat-fresh-secret-morkov-po-koreyski-140g-2000578139/
598,https://dixy.ru/product/salat-take-itteyk-it-krabovyy-200g-2000643331/
599,https://dixy.ru/product/salat-olifeolayf-grecheskiy-190g-2000638571/
600,https://dixy.ru/product/ruletiki-ekofud-iz-vetchiny-s-syrom-150g-2000641235/
601,https://dixy.ru/product/salat-svekolnyy-s-gretskim-orekhom-200-g-2000532681/
602,https://dixy.ru/product/salat-global-fud-s-kuritsey-i-ananasom-180g-2000594113/
603,https://dixy.ru/product/salat-global-fud-pekinskiy-200g-2000594111/
604,https://dixy.ru/product/salat-fabrika-kulinarii-filadelfiya-180g-2000575120/
605,https://dixy.ru/product/salat-studiya-vkusa-razgruzochnyy-120g-2000594117/
606,https://dixy.ru/product/salat-vitaminnyy-global-fud-s-limonnoy-zapravkoy-150g-2000594112/
607,https://dixy.ru/product/salat-fabrika-kulinarii-seld-pod-shuboy-150g-2000575118/
608,https://dixy.ru/product/salat-global-fud-mimoza-200g-2000594116/
609,https://dixy.ru/product/salat-take-itteyk-it-olive-200g-2000649051/
610,https://dixy.ru/product/nabor-dlya-okroshki-mirlis-s-kolbasoy-400g-2000651617/
611,https://dixy.ru/product/palochki-ovoshchnye-global-fud-s-sousom-160g-2000597753/
612,https://dixy.ru/product/salat-olifeolayf-tsezar-s-kuritsey-220g-2000624471/
613,https://dixy.ru/product/salat-take-itteyk-it-olive-500g-2000634277/
614,https://dixy.ru/product/salat-take-itteyk-it-vinegret-180g-2000603195/
615,https://dixy.ru/product/salat-take-itteyk-it-baklajany-po-koreyski-200g-2000625516/
616,https://dixy.ru/product/boul-olifeolayf-s-kuritsey-funchozoy-i-ovoshchami-220g-2000628891/
617,https://dixy.ru/product/salat-take-itteyk-it-seld-pod-shuboy-180g-2000633313/
618,https://dixy.ru/product/khumus-sababa-retsept-iz-nazareta-150-g-2000312544/
619,https://dixy.ru/product/salat-olifeolayf-vitaminnyy-200g-2000638173/
620,https://dixy.ru/product/khumus-sababa-retsept-iz-ierusalima-150-g-2000312543/
621,https://dixy.ru/product/salat-olifeolayf-grecheskiy-190g-2000638571/
622,https://dixy.ru/product/ruletiki-ekofud-iz-vetchiny-s-syrom-150g-2000641235/
623,https://dixy.ru/product/palochki-ovoshchnye-global-fud-s-sousom-160g-2000597753/
624,https://dixy.ru/product/salat-sparja-soevaya-s-morkovyu-po-koreyski-200g-2000619437/
625,https://dixy.ru/product/salat-fresh-secret-svekla-s-orekhami-250g-2000619436/
626,https://dixy.ru/product/baklajany-mirlis-po-sychuanski-200g-2000638433/
627,https://dixy.ru/product/salat-ovoshchnoy-creative-kitchen-iz-krasnoy-kapusty-180g-2000640149/
628,https://dixy.ru/product/salat-olifeolayf-tsezar-s-krevetkami-220g-2000648131/
629,https://dixy.ru/product/salat-shitaki-po-koreyski-200g-2000648254/
630,https://dixy.ru/product/onigiri-ouchauch-filadelfiya-100g-2000627075/
631,https://dixy.ru/product/strit-roll-ouchauch-s-lososem-180g-2000628051/
632,https://dixy.ru/product/roll-yumi-kaliforniya-s-krevetkoy-240g-2000636432/
633,https://dixy.ru/product/onigiri-kulinarium-s-file-tuntsa-polosatogo-i-mayonezom-120g-2000639171/
634,https://dixy.ru/product/onigiri-ouchauch-snejnyy-krab-s-sousom-spaysi-100g-2000628052/
635,https://dixy.ru/product/onigiri-ouchauch-s-kuritsey-s-sousom-teriyaki-100g-2000627074/
636,https://dixy.ru/product/onigiri-kulinarium-s-krevetkoy-i-krabovymi-palochkami-120g-2000639173/
637,https://dixy.ru/product/roll-yumi-s-tuntsom-i-daykonom-225g-2000636433/
638,https://dixy.ru/product/nabor-rollov-saburo-190g-2000235577/
639,https://dixy.ru/product/spring--rolly-studiya-vkusa-s-lososem-180g-2000583571/
640,https://dixy.ru/product/rolly-studiya-vkusa-filadelfiya-layt-218g-2000575123/
641,https://dixy.ru/product/onigiradzu-creative-kitchen-filadelfiya-130g-2000640146/
642,https://dixy.ru/product/kimbab-yumi-s-krabovymi-palochkami-i-kuritsey-170g-2000648260/
643,https://dixy.ru/product/sendvich-take-itteyk-it-s-kuritsey-150g-2000579574/
644,https://dixy.ru/product/shaurma-ouchauch-s-kuritsey-200g-2000638711/
645,https://dixy.ru/product/sendvich-take-itteyk-it-s-vetchinoy-i-syrom-150g-2000579575/
646,https://dixy.ru/product/sendvich-roll-take-itteyk-it-tsezar-200g-2000627073/
647,https://dixy.ru/product/chiabatta-miratorg-tsezar-s-kurinym-file-165-g-2000524514/
648,https://dixy.ru/product/gamburger-ouchauch-140g-2000628053/
649,https://dixy.ru/product/khot-dog-ouchauch-klassicheskiy-170g-2000635911/
650,https://dixy.ru/product/sendvich-take-itteyk-it-s-salyami-140g-2000626191/
651,https://dixy.ru/product/chiabatta-miratorg-s-vetchinoy-i-gorchichnym-sousom-190g-2000609313/
652,https://dixy.ru/product/roll-tsezar-take-itteyk-it-165g-2000620832/
653,https://dixy.ru/product/chikenburger-ouchauch-135g-2000628054/
654,https://dixy.ru/product/angus-burger-miratorg-s-gorchichnym-sousom-160-g-2000524433/
655,https://dixy.ru/product/tvister-take-itteyk-it-s-kuritsey-240g-2000620831/
656,https://dixy.ru/product/shaverma-ouchauch-s-kuritsey-200g-2000638712/
657,https://dixy.ru/product/panini-miratorg-s-govyadinoy-i-originalnym-sousom-160g-2000609315/
658,https://dixy.ru/product/sendvich-ekofud-s-vetchinoy-syrom-i-omletom-170g-2000596913/
659,https://dixy.ru/product/kruassan-miratorg-s-salyami-i-parmezanom-120g-2000638371/
660,https://dixy.ru/product/sendvich-eko-fud-sloenyy-s-govyadinoy-i-sousom-burger-110g-2000645796/
661,https://dixy.ru/product/sendvich---roll-prodmster-s-bujeninoy-200g-2000527069/
662,https://dixy.ru/product/sendvich-avstriyskiy-prodmaster-s-vetchinoy-170g-2000338150/
663,https://dixy.ru/product/sendvich-prodmaster-roll-s-vetchinoy-i-syrom-200g-2000527063/
664,https://dixy.ru/product/sendvich-eko-fud-s-kuritsey-i-medovym-sousom-sloenyy-120g-2000645797/
665,https://dixy.ru/product/konvertiki-cook-chart-s-vetchinoy-i-syrom-140g-2000641234/
666,https://dixy.ru/product/kruassan-2000609131/
667,https://dixy.ru/product/sendvich-s-bekonom-i-yaytsom-prodmaster-150g-2000395552/
668,https://dixy.ru/product/sendvich-s-govyadinoy-prodmaster-150g-2000527066/
669,https://dixy.ru/product/lakomka-s-chernichnoy-nachinkoy-2000594733/
670,https://dixy.ru/product/sloyka-gollandskaya-2000622154/
671,https://dixy.ru/product/fishbeygl-yumi-115g-2000636779/
672,https://dixy.ru/product/kruassan-yumi-tsezar-160g-2000636782/
673,https://dixy.ru/product/shaurma-ouchauch-s-kuritsey-200g-2000638711/
674,https://dixy.ru/product/sendvich-roll-take-itteyk-it-tsezar-200g-2000627073/
675,https://dixy.ru/product/roll-tsezar-take-itteyk-it-165g-2000620832/
676,https://dixy.ru/product/tvister-take-itteyk-it-s-kuritsey-240g-2000620831/
677,https://dixy.ru/product/shaverma-ouchauch-s-kuritsey-200g-2000638712/
678,https://dixy.ru/product/sendvich-ekofud-s-vetchinoy-syrom-i-omletom-170g-2000596913/
679,https://dixy.ru/product/fishbeygl-yumi-115g-2000636779/
680,https://dixy.ru/product/kruassan-yumi-tsezar-160g-2000636782/
681,https://dixy.ru/product/kruassan-yumi-norvejskiy-2000636780/
682,https://dixy.ru/product/konvertiki-creative-kitchen-kuritsa-syr-tomaty-s-zelenyu-140g-2000640139/
683,https://dixy.ru/product/konvertiki-creative-kitchen-s-mango-i-marakuyey-140g-2000640143/
684,https://dixy.ru/product/konvertiki-creative-kitchen-s-tvorogom-i-zelenyu-140g-2000640135/
685,https://dixy.ru/product/shaurma-studiya-vkusa-s-kuritsey-i-sousom-210g-2000587931/
686,https://dixy.ru/product/shaurma-priem-s-kuritsey-195g-2000651294/
687,https://dixy.ru/product/italyanskiy-khleb-chiabatta-2000267601/
688,https://dixy.ru/product/minibaget-originalnyy-s-chesnochnym-maslom-2000275240/
689,https://dixy.ru/product/khleb-fermerskiy-na-syvorotke-2000572392/
690,https://dixy.ru/product/khleb-borodinskiy-bezdrojjevoy-2000599655/
691,https://dixy.ru/product/khlebushki-zavarnye-2000605211/
692,https://dixy.ru/product/minibaget-temnyy-s-chesnochnym-maslom-2000607571/
693,https://dixy.ru/product/baget-parijskiy-klassicheskiy-2000579552/
694,https://dixy.ru/product/baget-fitnes-pshenichnyy-2000257052/
695,https://dixy.ru/product/baget-mini-bezdrojjevoy-pshenichnyy-2000607971/
696,https://dixy.ru/product/shaurma-ouchauch-s-kuritsey-200g-2000638711/
697,https://dixy.ru/product/sendvich-roll-take-itteyk-it-tsezar-200g-2000627073/
698,https://dixy.ru/product/roll-tsezar-take-itteyk-it-165g-2000620832/
699,https://dixy.ru/product/kruassan-miratorg-s-vetchinoy-i-syrom-110-g-2000524503/
700,https://dixy.ru/product/tvister-take-itteyk-it-s-kuritsey-240g-2000620831/
701,https://dixy.ru/product/shaverma-ouchauch-s-kuritsey-200g-2000638712/
702,https://dixy.ru/product/sendvich-ekofud-s-vetchinoy-syrom-i-omletom-170g-2000596913/
703,https://dixy.ru/product/filo-roll-s-nachinkoy-vishnya-i-tvorog-2000610471/
704,https://dixy.ru/product/bulochka-s-koritsey-2000533232/
705,https://dixy.ru/product/pletenka-so-sgushchennym-molokom-i-arakhisom-2000293354/
706,https://dixy.ru/product/pirojok-s-kapustoy-i-yaytsom-2000621171/
707,https://dixy.ru/product/yazychok-s-tvorojnoy-nachinkoy-2000594734/
708,https://dixy.ru/product/pirojok-s-kartofelem-i-lukom-2000621173/
709,https://dixy.ru/product/kruassan-frantsuzskiy-na-slivochnom-masle-2000622152/
710,https://dixy.ru/product/bretsel-dog-s-kunjutom-2000571736/
711,https://dixy.ru/product/sloyka-s-vishney-2000554434/
712,https://dixy.ru/product/lepeshka-tomaty-s-bazilikom-2000275241/
713,https://dixy.ru/product/pirog-domashniy-s-tvorojnoy-nachinkoy-2000582991/
714,https://dixy.ru/product/sloyka-yazychok-2000322070/
715,https://dixy.ru/product/palochka-s-malinoy-1-sht-2000293353/
716,https://dixy.ru/product/donat-bakerton-chernika-s-krem-chiz-67g-2000630791/
717,https://dixy.ru/product/jele-fruktovo-yagodnoe-banan-golubika-klubnika-yabloko-200-g-2000597251/
718,https://dixy.ru/product/tort-ama-polet-450g-2000586951/
719,https://dixy.ru/product/pirog-tirolskie-pirogi-klubnika-660g-2000500291/
720,https://dixy.ru/product/tort-ama-skazochka-450g-2000540112/
721,https://dixy.ru/product/pirojnye-leningradskie-sladosti-medovoe-klassicheskoe-300g-2000627834/
722,https://dixy.ru/product/tort-fili-beyker-napoleon-660g-2000410019/
723,https://dixy.ru/product/tort-amelie-ptichkasufle-vozdushnyy-300g-2000608191/
724,https://dixy.ru/product/tort-cheremushki-charodeyka-biskvitnyy-650g-tst0018408/
725,https://dixy.ru/product/tort-amelie-napoleon-500g-2000638172/
726,https://dixy.ru/product/nabor-pirojnykh-sloenye-trubochki-so-vzbitymi-slivkami-300g-2000518816/
727,https://dixy.ru/product/tort-biskvitnyy-rulet-skazka-solo-karmen-500g-2000624413/
728,https://dixy.ru/product/pirojnye-fili-beyker-muravinyy-domik-pirojnye-400g-2000322850/
729,https://dixy.ru/product/pirojnoe-fili-beyker-kartoshka-240g-2000148222/
730,https://dixy.ru/product/pirojnoe-ama-kartoshka-180g-2000637351/
731,https://dixy.ru/product/tort-vkus-detstva-napoleon-500g-2000625811/
732,https://dixy.ru/product/chizkeyk-venskiy-tsekh-370g-2000608251/
733,https://dixy.ru/product/sladost-nevskie-berega-vostochnaya-slivochno-orekhovaya-350g-2000190687/
734,https://dixy.ru/product/tort-solokarmen-snikers-kombinirovannyy-650g-2000565232/
735,https://dixy.ru/product/pirojnoe-khoroshie-produkty-koltso-s-tvorojnym-kremom-200g-2000632771/
736,https://dixy.ru/product/pirojnye-zavarnye-fili-beyker-ekler-250g-2000198297/
737,https://dixy.ru/product/pirojnoe-solokarmen-profitroli-so-vkusom-plombira-300g-2000565233/
738,https://dixy.ru/product/pirojnoe-ama-ekler-so-slivochnym-kremom-168g-2000586952/
739,https://dixy.ru/product/nabor-pirojnykh-leningradskie-sladosti-napoleon-palochki-250g-2000518813/
740,https://dixy.ru/product/tort-khoroshie-produkty-tiramisu-500g-2000641691/
741,https://dixy.ru/product/tort-mishel-madonna-plombirnyy-570g-2000506942/
742,https://dixy.ru/product/pirojnoe-solokarmen-letniy-buket-biskvit-375g-2000565231/
743,https://dixy.ru/product/pirojnoe-ama-korzinochka-s-fruktovoy-nachinkoy-200g-2000579571/
744,https://dixy.ru/product/tort-venskiy-tsekh-fistashkovyy-plombir-420g-2000561272/
745,https://dixy.ru/product/pirojnoe-fili-beyker-napoleon-170g-2000574172/
746,https://dixy.ru/product/pirojnoe-amelie-kartoshka-70g-2000639793/
747,https://dixy.ru/product/mors-funny-ezhik-oblepikhovyy-05l-2000617592/
748,https://dixy.ru/product/mors-funny-ezhik-lesnye-yagody-500ml-2000592372/
749,https://dixy.ru/product/limonad-miratorg-iz-apelsina-s-lemongrassom-370-ml-2000591792/
750,https://dixy.ru/product/chay-kholodnyy-miratorg-zelenyy-370ml-2000651091/
751,https://dixy.ru/product/kofe-espresso-50ml-2000611133/
752,https://dixy.ru/product/kofe-kapuchino-200ml-2000611134/
753,https://dixy.ru/product/kofe-latte-300ml-2000611138/
754,https://dixy.ru/product/kofe-amerikano-300ml-2000611137/
755,https://dixy.ru/product/kofe-amerikano-200ml-2000611136/
756,https://dixy.ru/product/kofe-kapuchino-300ml-2000611135/
757,https://dixy.ru/product/kofe-latte-200ml-2000614051/
758,https://dixy.ru/product/kakao-300ml-2000626111/
759,https://dixy.ru/product/amerikano-tsitrusovyy-300ml-2000647753/
760,https://dixy.ru/product/pitstsa-vetchina-griby-360g-2000642351/
761,https://dixy.ru/product/rimskaya-pitstsa-pepperoni-400g-2000642353/
762,https://dixy.ru/product/pitstsa-4-syra-345g-2000642352/
763,https://dixy.ru/product/voda-mineralnaya-psyj-pitevaya-gazirovannaya-1-l-2000294825/
764,https://dixy.ru/product/voda-pitevaya-svyatoy-istochnik-gazirovannaya-15l-tst0047252/
765,https://dixy.ru/product/mineralnaya-voda-borjomi-pet-125l-2000315091/
766,https://dixy.ru/product/voda-pitevaya-senejskaya-prirodnaya-gazirovannaya-15l-tst0046867/
767,https://dixy.ru/product/mineralnaya-voda-edelveys-1l-2000612655/
768,https://dixy.ru/product/voda-nijniy-karmadon-mineralnaya-gazirovannaya-15l-2000015389/
769,https://dixy.ru/product/voda-mineralnaya-essentuki-4-1l-2000346018/
770,https://dixy.ru/product/voda-mineralnaya-galereya-istochnikov-4-15l-2000601311/
771,https://dixy.ru/product/voda-mineralnaya-gazirovannaya-arkhyz-legenda-gor-15l-2000599872/
772,https://dixy.ru/product/voda-mineralnaya-ash-tau-15l-2000206433/
773,https://dixy.ru/product/voda-mineralnaya-stelmas-lechebno-stolovaya-1l-2000602351/
774,https://dixy.ru/product/voda-narzan-mineralnaya-gazirovannaya-1l-10e0072597/
775,https://dixy.ru/product/voda-rychal-su-mineralnaya-lechebno-stolovaya-gazirovannaya-1-l-2000000144/
776,https://dixy.ru/product/voda-pitevaya-pervym-delom-gazirovannaya-15l-2000581852/
777,https://dixy.ru/product/voda-pitevaya-legenda-gor-arkhyz-gazirovannaya-15-l-2000282423/
778,https://dixy.ru/product/voda-pitevaya-aqua-bene-gazirovannaya-15l-2000626712/
779,https://dixy.ru/product/voda-pitevaya-aqua-minerale-gazirovannaya-2l-0230405026/
780,https://dixy.ru/product/voda-pitevaya-shishkin-les-gazirovannaya-1l-2000425131/
781,https://dixy.ru/product/voda-pitevaya-svyatoy-istochnik-gazirovannaya-05l-2000159357/
782,https://dixy.ru/product/voda-mineralnaya-gornaya-vershina-gazirovannaya-15l-2000572194/
783,https://dixy.ru/product/voda-pitevaya-bonaaqua-gazirovannaya-1l-2000557951/
784,https://dixy.ru/product/voda-pitevaya-aqua-minerale-gazirovannaya-1l-2000345852/
785,https://dixy.ru/product/voda-pitevaya-pervym-delom-gazirovannaya-05l-2000581851/
786,https://dixy.ru/product/voda-pitevaya-aqua-bene-gazirovannaya-05l-2000626713/
787,https://dixy.ru/product/voda-pitevaya-senejskaya-05l-2000275919/
788,https://dixy.ru/product/voda-pitevaya-bonaaqua-gazirovannaya-05l-2000557953/
789,https://dixy.ru/product/voda-aqua-minerale-chistaya-pitevaya-gazirovannaya-05l-2000336899/
790,https://dixy.ru/product/voda-mineralnaya-galereya-istochnikov-17-15l-2000601312/
791,https://dixy.ru/product/voda-novoterskaya-tselebnaya-mineralnaya-gazirovannaya-15-l-di00080417/
792,https://dixy.ru/product/mineralnaya-voda-borjomi-steklo-05l-2000188861/
793,https://dixy.ru/product/voda-svyatoy-istochnik-so-vkusom-limona-negazirovannaya-15l-2000542440/
794,https://dixy.ru/product/voda-pitevaya-svyatoy-istochnik-negazirovannaya-15l-tst0047251/
795,https://dixy.ru/product/voda-senejskaya-mineralnaya-negazirovannaya-15l-tst0046868/
796,https://dixy.ru/product/voda-pervym-delom-pitevaya-negazirovannaya-5l-2000207216/
797,https://dixy.ru/product/voda-pitevaya-svyatoy-istochnik-negazirovannaya-5l-2000264455/
798,https://dixy.ru/product/voda-pitevaya-arkhyz-legenda-gor-negazirovannaya-5l-2000337258/
799,https://dixy.ru/product/voda-aqua-bene-pitevaya-negazirovannaya-5l-2000184655/
800,https://dixy.ru/product/voda-pitevaya-shishkin-les-negazirovannaya-5l-2000145479/
801,https://dixy.ru/product/voda-piligrim-talaya-lednikovaya-pitevaya-negazirovannaya-15l-t000023477/
802,https://dixy.ru/product/voda-pervym-delom-pitevaya-negazirovannaya-05l-2000301372/
803,https://dixy.ru/product/voda-shishkin-les-pitevaya-negazirovannaya-1l-2000029239/
804,https://dixy.ru/product/voda-pitevaya-piligrim-lednikovaya-talaya-negazirovannaya-05l-tst0040414/
805,https://dixy.ru/product/voda-pitevaya-aqua-bene-limon-15l-2000635832/
806,https://dixy.ru/product/voda-negazirovannaya-chernogolovka-artezianskaya-25l-2000336725/
807,https://dixy.ru/product/voda-pitevaya-svyatoy-istochnik-negazirovannaya-05l-tst0040252/
808,https://dixy.ru/product/voda-pervym-delom-pitevaya-negazirovannaya-15l-2000207215/
809,https://dixy.ru/product/napitok-negazirovannyy-aqua-minerale-active-tsitrus-06l-2000276506/
810,https://dixy.ru/product/voda-pitevaya-aqua-bene-klubnika-05l-2000635831/
811,https://dixy.ru/product/voda-pitevaya-aqua-bene-vishnya-05l-2000636213/
812,https://dixy.ru/product/voda-mineralnaya-arkhyz-legenda-gor-negazirovannaya-05l-2000292748/
813,https://dixy.ru/product/voda-pitevaya-baikal-glubinnaya-negazirovannaya-045l-2000346012/
814,https://dixy.ru/product/voda-svyatoy-istochnik-so-vkusom-klubniki-negazirovannaya-05l-2000346606/
815,https://dixy.ru/product/voda-pitevaya-aqua-bene-klubnika-15l-2000635833/
816,https://dixy.ru/product/voda-pitevaya-aqua-bene-negazirovannaya-15l-2000626714/
817,https://dixy.ru/product/napitok-vitaminnyy-welldrink-chay-mate-limon-laym-05l-2000621593/
818,https://dixy.ru/product/voda-svyatoy-istochnik-so-vkusom-vishni-negazirovannaya-15l-2000615415/
819,https://dixy.ru/product/napitok-negazirovannyy-senejskaya-limon-myata-1l-2000624412/
820,https://dixy.ru/product/napitok-bezalkogolnyy-senejskaya-limon-myata-1l-2000597114/
821,https://dixy.ru/product/voda-pitevaya-svyatoy-istochnik-negazirovannaya-1l-2000264440/
822,https://dixy.ru/product/voda-pitevaya-aqua-minerale-negazirovannaya-2l-0230406005/
823,https://dixy.ru/product/napitok-dobryy-cola-bez-sakhara-15l-2000562693/
824,https://dixy.ru/product/napitok-bezalkogolnyy-coca-cola-classic-2l-2000002867/
825,https://dixy.ru/product/napitok-bezalkogolnyy-dobryy-cola-15l-2000624511/
826,https://dixy.ru/product/napitok-chernogolovka-kola-gazirovannyy-2l-2000546751/
827,https://dixy.ru/product/napitok-chernogolovka-dyushes-gazirovannyy-2l-2000145500/
828,https://dixy.ru/product/napitok-dobryy-cola-bez-sakhara-1l-2000562692/
829,https://dixy.ru/product/napitok-gazirovannyy-evervess-cola-15l-2000617411/
830,https://dixy.ru/product/napitok-gazirovannyy-evervess-cola-bez-sakhara-15l-2000641931/
831,https://dixy.ru/product/voda-pitevaya-aqua-bene-gazirovannaya-15l-2000626712/
832,https://dixy.ru/product/voda-pitevaya-aqua-bene-gazirovannaya-05l-2000626713/
833,https://dixy.ru/product/napitok-bezalkogolnyy-fanta-gazirovannyy-330ml-2000619815/
834,https://dixy.ru/product/napitok-bezalkogolnyy-drpepper-033l-2000190265/
835,https://dixy.ru/product/napitok-bezalkogolnyy-ouchauch-vanilnyy-plombir-045l-2000626576/
836,https://dixy.ru/product/napitok-bezalkogolnyy-drpepper-cherry-gazirovannyy-033l-2000426429/
837,https://dixy.ru/product/napitok-dobryy-apelsin-05l-2000617513/
838,https://dixy.ru/product/napitok-bezalkogolnyy-chernogolovkaaltayskaya-zemlyanika-15l-2000626114/
839,https://dixy.ru/product/napitok-dobryy-apelsin-15l-2000617514/
840,https://dixy.ru/product/napitok-bezalkogolnyy-ouchauch-ananas-lichi-045l-2000626575/
841,https://dixy.ru/product/napitok-bezalkogolnyy-ouchauch-persik-marakuyya-045l-2000624011/
842,https://dixy.ru/product/napitok-bezalkogolnyy-fancy-15l-2000543091/
843,https://dixy.ru/product/napitok-bezalkogolnyy-chernogolovka-limonad-15l-2000346801/
844,https://dixy.ru/product/napitok-laimon-frashmax-so-vkusom-layma-limona-i-myaty-15l-2000162011/
845,https://dixy.ru/product/napitok-chernogolovka-baykal-gazirovannyy-2l-2000145501/
846,https://dixy.ru/product/napitok-chernogolovka-tarkhun-gazirovannyy-2l-2000145502/
847,https://dixy.ru/product/napitok-gazirovannyy-frustayl-apelsin-2l-2000599932/
848,https://dixy.ru/product/napitok-bezalkogolnyy-chernogolovka-mandarin-2-l-2000530334/
849,https://dixy.ru/product/napitok-bezalkogolnyy-natakhtari-feykhoa-05l-2000530691/
850,https://dixy.ru/product/napitok-dobryy-limon-laym-15l-2000550714/
851,https://dixy.ru/product/napitok-bezalkogolnyy-natakhtari-grusha-05l-2000530692/
852,https://dixy.ru/product/napitok-pervym-delom-dyushes-silnogazirovannyy-15l-2000211077/
853,https://dixy.ru/product/sok-granatovyy-olifeolayf-1l-2000621292/
854,https://dixy.ru/product/sok-sady-pridonya-yabloko-vishnya-1l-2000148379/
855,https://dixy.ru/product/sok-sady-pridonya-yablochnyy-pryamogo-otjima-1l-2000148374/
856,https://dixy.ru/product/sok-olifeolayf-tomatnyy-pryamogo-otjima-s-solyu-1l-2000643515/
857,https://dixy.ru/product/nektar-dobryy-multifrukt-2l-t000002873/
858,https://dixy.ru/product/sok-vishnevyy-krugloe-leto-095l-2000616693/
859,https://dixy.ru/product/sok-sady-pridonya-tomat-s-solyu-1l-2000346281/
860,https://dixy.ru/product/sok-sady-pridonya-multifrukt-bez-sakhara-1-l-2000005632/
861,https://dixy.ru/product/sok-j7-apelsin-s-myakotyu-dlya-detskogo-pitaniya-097l-2000107420/
862,https://dixy.ru/product/nektar-dobryy-apelsin-1l-10j0079109/
863,https://dixy.ru/product/sok-sady-pridonya-zelenoe-yabloko-2l-2000425681/
864,https://dixy.ru/product/sok-sady-pridonya-yabloko-vinograd-1-l-2000167102/
865,https://dixy.ru/product/sok-sady-pridonya-yabloko-persik-1l-2000005629/
866,https://dixy.ru/product/napitok-moonberry-aloe-vera-negazirovannyy-aloe-15l-2000240192/
867,https://dixy.ru/product/sok-sady-pridonya-zelenoe-yabloko-1l-2000005628/
868,https://dixy.ru/product/sok-legrand-granatovyy-vosstanovlennyy-1l-2000165787/
869,https://dixy.ru/product/nektar-lyubimyy-tomat-morskaya-sol-095l-2000335669/
870,https://dixy.ru/product/nektar-moy-ananas-095l-2000426351/
871,https://dixy.ru/product/sok-j7-apelsin-s-myakotyu-085l-2000318246/
872,https://dixy.ru/product/nektar-moy-banan-klubnika-095l-2000426414/
873,https://dixy.ru/product/napitok-sokosoderjashchiy-pervym-delom-multifrukt-1l-2000630436/
874,https://dixy.ru/product/sok-dobryy-tomat-1l-10e0066627/
875,https://dixy.ru/product/napitok-lyubimyy-zemlyanichnoe-leto-095l-2000159266/
876,https://dixy.ru/product/sok-dobryy-yabloko-1l-10e0072646/
877,https://dixy.ru/product/nektar-dobryy-tomat-2l-2000607954/
878,https://dixy.ru/product/napitok-sokosoderjashchiy-lyubimyy-vishnevaya-chereshnya-193l-2000250691/
879,https://dixy.ru/product/napitok-sokosoderjashchiy-pervym-delom-yabloko-1l-2000630434/
880,https://dixy.ru/product/napitok-sokosoderjashchiy-pervym-delom-yabloko-vinograd-1l-2000630435/
881,https://dixy.ru/product/nektar-grushevyy-krugloe-leto-095l-2000631691/
882,https://dixy.ru/product/smuzi-j7-klubnika-banan-yabloko-03l-2000647113/
883,https://dixy.ru/product/kvas-ochakovskiy-2l-2000005602/
884,https://dixy.ru/product/kvas-lidskiy-khlebnyy-15l-2000257011/
885,https://dixy.ru/product/kvas-jeltaya-bochka-15l-2000423405/
886,https://dixy.ru/product/kvas-lyubimye-traditsii-traditsionnyy-1l-2000425338/
887,https://dixy.ru/product/kvas-lidskiy-temnyy-15l-2000257012/
888,https://dixy.ru/product/kvas-chernogolovka-2l-2000645651/
889,https://dixy.ru/product/kvas-ochakovskiy-dvoynogo-brojeniya-1-l-2000005603/
890,https://dixy.ru/product/kvas-chernogolovka-15l-2000645652/
891,https://dixy.ru/product/kvas-ochakovskiy-045l-2000616811/
892,https://dixy.ru/product/kvas-tsarskie-pripasy-medovyy-1l-2000425072/
893,https://dixy.ru/product/kvas-tsarskie-pripasy-rjanoy-1l-2000648733/
894,https://dixy.ru/product/kvas-ochakovskiy-s-vishney-045l-2000646571/
895,https://dixy.ru/product/kvas-lyubimye-traditsii-traditsionnyy-05l-2000619392/
896,https://dixy.ru/product/kvas-pervym-delom-klassicheskiy-15l-2000332198/
897,https://dixy.ru/product/kvas-lyskovskiy-rjanoy-jivogo-brojeniya-15l-2000616853/
898,https://dixy.ru/product/kvas-semeynyy-sekret-smorodina-myata-045l-2000521305/
899,https://dixy.ru/product/mors-olifeolayf-klyukva-1l-2000631572/
900,https://dixy.ru/product/mors-olifeolayf-chernaya-smorodina-1l-2000631571/
901,https://dixy.ru/product/mors-frutonyanya-iz-klyukvy-cherniki-i-vishni-s-5-mesyatsev-200ml-2000196406/
902,https://dixy.ru/product/mors-funny-ezhik-oblepikhovyy-05l-2000617592/
903,https://dixy.ru/product/mors-funny-ezhik-lesnye-yagody-500ml-2000592372/
904,https://dixy.ru/product/smuzi-olifeolayf-banan-klubnika-300ml-2000630693/
905,https://dixy.ru/product/smuzi-olifeolayf-mango-apelsin-marakuyya-03l-2000625751/
906,https://dixy.ru/product/mors-chudo-yagoda-yagody-dlya-detskogo-pitaniya-097l-2000167081/
907,https://dixy.ru/product/mors-j7-fresh-klyukva-chernika-aroniya-ejevika-850ml-2000602591/
908,https://dixy.ru/product/napitok-bezalkogolnyy-be-up-smuzi-banan-klubnika-03l-2000612113/
909,https://dixy.ru/product/smuzi-be-up-mango-apelsin-marakuyya-03l-2000616712/
910,https://dixy.ru/product/mors-chudo-yagoda-klyukva-dlya-detskogo-pitaniya-097l-2000167076/
911,https://dixy.ru/product/limonad-miratorg-iz-apelsina-s-lemongrassom-370-ml-2000591792/
912,https://dixy.ru/product/sok-granatovyy-olifeolayf-1l-2000621292/
913,https://dixy.ru/product/mors-olifeolayf-klyukva-1l-2000631572/
914,https://dixy.ru/product/sok-olifeolayf-tomatnyy-pryamogo-otjima-s-solyu-1l-2000643515/
915,https://dixy.ru/product/mors-olifeolayf-chernaya-smorodina-1l-2000631571/
916,https://dixy.ru/product/kvas-lyubimye-traditsii-traditsionnyy-1l-2000425338/
917,https://dixy.ru/product/sok-vishnevyy-krugloe-leto-095l-2000616693/
918,https://dixy.ru/product/voda-pervym-delom-pitevaya-negazirovannaya-5l-2000207216/
919,https://dixy.ru/product/voda-aqua-bene-pitevaya-negazirovannaya-5l-2000184655/
920,https://dixy.ru/product/voda-pitevaya-pervym-delom-gazirovannaya-15l-2000581852/
921,https://dixy.ru/product/voda-pitevaya-aqua-bene-gazirovannaya-15l-2000626712/
922,https://dixy.ru/product/voda-pitevaya-pervym-delom-gazirovannaya-05l-2000581851/
923,https://dixy.ru/product/voda-pitevaya-aqua-bene-gazirovannaya-05l-2000626713/
924,https://dixy.ru/product/napitok-bezalkogolnyy-ouchauch-vanilnyy-plombir-045l-2000626576/
925,https://dixy.ru/product/napitok-bezalkogolnyy-ouchauch-ananas-lichi-045l-2000626575/
926,https://dixy.ru/product/napitok-bezalkogolnyy-ouchauch-persik-marakuyya-045l-2000624011/
927,https://dixy.ru/product/napitok-pervym-delom-dyushes-silnogazirovannyy-15l-2000211077/
928,https://dixy.ru/product/napitok-bezalkogolnyy-pervym-delom-tarkhun-15l-2000595792/
929,https://dixy.ru/product/napitok-bezalkogolnyy-ouchauch-yablochnyy-shorli-chernaya-smorodina-045l-2000626732/
930,https://dixy.ru/product/napitok-bezalkogolnyy-ouchauch-yablochnyy-shorli-045l-2000626731/
931,https://dixy.ru/product/pivo-svetloe-50-original-bezalkogolnoe-05l-2000598851/
932,https://dixy.ru/product/napitok-bezalkogolnyy-pervym-delom-cola-15l-2000595791/
933,https://dixy.ru/product/voda-pervym-delom-pitevaya-negazirovannaya-05l-2000301372/
934,https://dixy.ru/product/napitok-sokosoderjashchiy-pervym-delom-multifrukt-1l-2000630436/
935,https://dixy.ru/product/voda-pitevaya-aqua-bene-limon-15l-2000635832/
936,https://dixy.ru/product/napitok-sokosoderjashchiy-pervym-delom-yabloko-1l-2000630434/
937,https://dixy.ru/product/napitok-sokosoderjashchiy-pervym-delom-yabloko-vinograd-1l-2000630435/
938,https://dixy.ru/product/nektar-grushevyy-krugloe-leto-095l-2000631691/
939,https://dixy.ru/product/voda-pervym-delom-pitevaya-negazirovannaya-15l-2000207215/
940,https://dixy.ru/product/sok-tomatnyy-krugloe-leto-095l-2000616694/
941,https://dixy.ru/product/voda-pitevaya-aqua-bene-klubnika-05l-2000635831/
942,https://dixy.ru/product/kholodnyy-chay-lipton-zelenyy-15l-2000248112/
943,https://dixy.ru/product/kholodnyy-chay-lipton-so-vkusom-persika-15l-2000264940/
944,https://dixy.ru/product/napitok-sokosoderjashchiy-frutmotiv-kholodnyy-zelenyy-chay-malina-15l-2000596591/
945,https://dixy.ru/product/kholodnyy-chay-lipton-zelenyy-1l-2000248111/
946,https://dixy.ru/product/kholodnyy-zelenyy-chay-rich-1l-2000551057/
947,https://dixy.ru/product/kholodnyy-zelenyy-chay-svyatoy-istochnik-limon-1l-2000589272/
948,https://dixy.ru/product/chay-chernyy-frutmotiv-icetea-lesnye-yagody-15l-2000616475/
949,https://dixy.ru/product/napitok-kofeynyy-cool-brew-kofe-kapuchino-0245l-2000623832/
950,https://dixy.ru/product/napitok-kofeynyy-cool-brew-latte-vanil-0245l-2000623833/
951,https://dixy.ru/product/napitok-kofeynyy-ouchauch-kapuchino-0245l-2000638252/
952,https://dixy.ru/product/napitok-kofeynyy-ouchauch-latte-2000638251/
953,https://dixy.ru/product/kholodnyy-chay-liptonso-vkusom-limona-1l-2000093919/
954,https://dixy.ru/product/kholodnyy-chay-lipton-zelenyy-05l-2000190474/
955,https://dixy.ru/product/kholodnyy-chay-lipton-limon-05l-2000253811/
956,https://dixy.ru/product/kholodnyy-chay-lipton-limon-15l-2000285268/
957,https://dixy.ru/product/kholodnyy-chay-lipton-s-persikom-05l-2000336883/
958,https://dixy.ru/product/kholodnyy-zelenyy-chay-rich-mango-05l-2000552235/
959,https://dixy.ru/product/kholodnyy-chernyy-chay-rish-limon-1l-2000551063/
960,https://dixy.ru/product/kholodnyy-zelenyy-chay-rich-05l-2000557713/
961,https://dixy.ru/product/kholodnyy-chernyy-chay-rish-limon-05l-2000557711/
962,https://dixy.ru/product/kholodnyy-zelenyy-chay-rich-mango-1l-2000551062/
963,https://dixy.ru/product/kholodnyy-zelenyy-chay-svyatoy-istochnik-limon-05l-2000589271/
964,https://dixy.ru/product/kholodnyy-chay-lipton-zelenyy-so-vkusom-mango-15l-2000593791/
965,https://dixy.ru/product/kholodnyy-chay-lipton-zelenyy-095l-2000594471/
966,https://dixy.ru/product/kholodnyy-chay-lipton-chernyy-s-limonom-095l-2000594472/
967,https://dixy.ru/product/napitok-sokosoderjashchiy-frutmotiv-kholodnyy-chernyy-chay-mango-ananas-15l-2000596592/
968,https://dixy.ru/product/kholodnyy-zelenyy-chay-rich-malina-1l-2000607653/
969,https://dixy.ru/product/kholodnyy-zelenyy-chay-rich-malina-05l-2000607654/
970,https://dixy.ru/product/chay-zelenyy-summer-time-mango-1l-2000612752/
971,https://dixy.ru/product/chay-chernyy-summer-time-limon-1l-2000612754/
972,https://dixy.ru/product/pivo-svetloe-stella-artois-bezalkogolnoe-05-044l-2000421169/
973,https://dixy.ru/product/pivo-bezalkogolnoe-clausthaler-05l-2000315963/
974,https://dixy.ru/product/pivnoy-napitok-krushovitse-non-alco-bezalkogolnyy-043l-2000589092/
975,https://dixy.ru/product/pivo-bezalkogolnoe-baltika-0-05-045l-2000264158/
976,https://dixy.ru/product/pivnoy-napitok-krone-blanche-bezalkogolnyy-05-045l-2000595031/
977,https://dixy.ru/product/pivnoy-napitok-bud-bezalkogolnyy-05-045l-2000292925/
978,https://dixy.ru/product/napitok-pivnoy-bezalkogolnyy-baltika-0-greypfrut-nefiltrovannyy-033-l-2000301516/
979,https://dixy.ru/product/pivnoy-napitok-corona-cero-bezalkogolnyy-05-033l-2000611691/
980,https://dixy.ru/product/pivnoy-napitok-hoegaarden-bezalkogolnyy-nefiltrovannyy-045l-2000599793/
981,https://dixy.ru/product/napitok-pivnoy-bezalkogolnyy-baltika-0-nefiltrovannyy-045-l-2000288503/
982,https://dixy.ru/product/pivo-svetloe-stella-artois-bezalkogolnoe-05-045l-2000317143/
983,https://dixy.ru/product/pivo-svetloe-jiguli-barnoe-bezalkogolnoe-045l-2000298043/
984,https://dixy.ru/product/pivo-bezalkogolnoe-baltika-ipa-svetlyy-el-045l-2000639791/
985,https://dixy.ru/product/pivo-svetloe-50-original-bezalkogolnoe-05l-2000598851/
986,https://dixy.ru/product/napitok-pivnoy-guinness-draught-temnyy-bezalkogolnyy-044l-2000642571/
987,https://dixy.ru/product/pivo-bezalkogolnoe-baltika-svetloe-05-05l-di00078950/
988,https://dixy.ru/product/napitok-pivnoy-baltika-0-mango-05-033l-2000638451/
989,https://dixy.ru/product/napitok-pivnoy-bezalkogolnyy-baltika-0-yabloko-033l-2000643212/
990,https://dixy.ru/product/pivnoy-napitok-dr-diesel-malina-i-laym-bezalkogolnyy-043l-2000594516/
991,https://dixy.ru/product/pivo-bezalkogolnoe-volkovskaya-pivovarnya-ipa-045l-2000642031/
992,https://dixy.ru/product/pivo-gorkovskaya-pivovarnya-hoppy-lager-045l-2000626351/
993,https://dixy.ru/product/pivo-svetloe-red-finch-bezalkogolnoe-045l-2000619211/
994,https://dixy.ru/product/pivo-bezalkogolnoe-gorkovskaya-pivovarnya-ipa-nefiltrovannoe-033l-2000407618/
995,https://dixy.ru/product/napitok-pivnoy-baltika-malina-0-bezalkogolnyy-033l-2000550179/
996,https://dixy.ru/product/pivnoy-napitok-hoegaarden-vishnya-nefiltrovannyy-bezalkogolnyy-033l-2000564432/
997,https://dixy.ru/product/pivnoy-napitok-hollandia-malina-myata-bezalkogolnyy-045-l-2000594551/
998,https://dixy.ru/product/pivnoy-napitok-dr-diesel-vishnya-i-persik-bezalkogolnyy-043l-2000594515/
999,https://dixy.ru/product/pivnoy-napitok-dr-diesel-premium-lager-bezalkogolnyy-043l-2000594519/
1000,https://dixy.ru/product/napitok-pivnoy-bezalkogolnyy-baltika0-vishnya-033l-2000606071/
1001,https://dixy.ru/product/napitok-bezalkogolnyy-essa-yabloko-grusha-045l-2000614913/
1002,https://dixy.ru/product/vino-bezalkogolnoe-abrau-light-zero-beloe-polusukhoe-075l-2000554791/
1003,https://dixy.ru/product/igristoe-bezalkogolnoe-santo-stefano-rozovoe-bryut-075l-2000598953/
1004,https://dixy.ru/product/vino-bezalkogolnoe-vegaverde-igristoe-jemchujnoe-beloe-polusladkoe-075l-2000628751/
1005,https://dixy.ru/product/vino-bezalkogolnoe-shine-riesling-beloe-sladkoe-075l-2000593295/
1006,https://dixy.ru/product/vino-bezalkogolnoe-hans-baer-riesling-beloe-075l-2000592603/
1007,https://dixy.ru/product/vino-bezalkogolnoe-vegaverde-krasnoe-sladkoe-075l-2000628991/
1008,https://dixy.ru/product/napitok-bezalkogolnyy-reymos-sparkling-silnogazirovannyy-075l-2000630731/
1009,https://dixy.ru/product/napitok-bezalkogolnyy-abrau-light-zero-polusladkiy-025l-2000619092/
1010,https://dixy.ru/product/napitok-bezalkogolnyy-santo-stefano-rosso-075l-2000576971/
1011,https://dixy.ru/product/napitok-bezalkogolnyy-bosca-rose-rozovoe-polusladkoe-075l-2000561694/
1012,https://dixy.ru/product/vino-igrba-vilarnau-uayt-belpsukh075l-2000592613/
1013,https://dixy.ru/product/napitok-bezalkogolnyy-abrau-light-zero-rose-025l-2000619091/
1014,https://dixy.ru/product/napitok-bezalkogolnyy-bosca-anniversary-belyy-polusladkiy-075l-2000630711/
1015,https://dixy.ru/product/napitok-lifeline-intellectual--vitaminy-arbuz-yabloko-05l-2000426506/
1016,https://dixy.ru/product/napitok-lifeline-light-recess--vitaminy-guava-marakuyya-05l-2000608155/
1017,https://dixy.ru/product/napitok-negazirovannyy-run-malina-ejevika-05l-2000626492/
1018,https://dixy.ru/product/napitok-lifeline-energy--vitaminy-limon-negaz-05l-2000608152/
1019,https://dixy.ru/product/napitok-lifeline-light-focus--vitaminy-persik-yuzu-negaz-05l-2000608151/
1020,https://dixy.ru/product/voda-mineralnaya-psyj-pitevaya-gazirovannaya-1-l-2000294825/
1021,https://dixy.ru/product/voda-pitevaya-svyatoy-istochnik-gazirovannaya-15l-tst0047252/
1022,https://dixy.ru/product/mineralnaya-voda-borjomi-pet-125l-2000315091/
1023,https://dixy.ru/product/voda-pitevaya-senejskaya-prirodnaya-gazirovannaya-15l-tst0046867/
1024,https://dixy.ru/product/mineralnaya-voda-edelveys-1l-2000612655/
1025,https://dixy.ru/product/voda-svyatoy-istochnik-so-vkusom-limona-negazirovannaya-15l-2000542440/
1026,https://dixy.ru/product/voda-nijniy-karmadon-mineralnaya-gazirovannaya-15l-2000015389/
1027,https://dixy.ru/product/voda-pitevaya-svyatoy-istochnik-negazirovannaya-15l-tst0047251/
1028,https://dixy.ru/product/voda-mineralnaya-essentuki-4-1l-2000346018/
1029,https://dixy.ru/product/voda-mineralnaya-galereya-istochnikov-4-15l-2000601311/
1030,https://dixy.ru/product/voda-mineralnaya-gazirovannaya-arkhyz-legenda-gor-15l-2000599872/
1031,https://dixy.ru/product/voda-mineralnaya-ash-tau-15l-2000206433/
1032,https://dixy.ru/product/voda-mineralnaya-stelmas-lechebno-stolovaya-1l-2000602351/
1033,https://dixy.ru/product/voda-narzan-mineralnaya-gazirovannaya-1l-10e0072597/
1034,https://dixy.ru/product/voda-senejskaya-mineralnaya-negazirovannaya-15l-tst0046868/
1035,https://dixy.ru/product/voda-pervym-delom-pitevaya-negazirovannaya-5l-2000207216/
1036,https://dixy.ru/product/voda-rychal-su-mineralnaya-lechebno-stolovaya-gazirovannaya-1-l-2000000144/
1037,https://dixy.ru/product/voda-pitevaya-svyatoy-istochnik-negazirovannaya-5l-2000264455/
1038,https://dixy.ru/product/voda-pitevaya-arkhyz-legenda-gor-negazirovannaya-5l-2000337258/
1039,https://dixy.ru/product/voda-aqua-bene-pitevaya-negazirovannaya-5l-2000184655/
1040,https://dixy.ru/product/voda-pitevaya-shishkin-les-negazirovannaya-5l-2000145479/
1041,https://dixy.ru/product/voda-pitevaya-pervym-delom-gazirovannaya-15l-2000581852/
1042,https://dixy.ru/product/voda-pitevaya-legenda-gor-arkhyz-gazirovannaya-15-l-2000282423/
1043,https://dixy.ru/product/voda-pitevaya-aqua-bene-gazirovannaya-15l-2000626712/
1044,https://dixy.ru/product/voda-pitevaya-aqua-minerale-gazirovannaya-2l-0230405026/
1045,https://dixy.ru/product/voda-pitevaya-shishkin-les-gazirovannaya-1l-2000425131/
1046,https://dixy.ru/product/voda-pitevaya-svyatoy-istochnik-gazirovannaya-05l-2000159357/
1047,https://dixy.ru/product/voda-mineralnaya-gornaya-vershina-gazirovannaya-15l-2000572194/
1048,https://dixy.ru/product/voda-pitevaya-bonaaqua-gazirovannaya-1l-2000557951/
1049,https://dixy.ru/product/voda-pitevaya-aqua-minerale-gazirovannaya-1l-2000345852/
1050,https://dixy.ru/product/kisel-fruto-klubnika-malina-130g-2000196408/
1051,https://dixy.ru/product/kisel-fruto-iz-vishni-i-chereshni-130g-2000616592/
1052,https://dixy.ru/product/kisel-detskiy-frutonyanya-persik-i-marakuyya-130g-2000569933/
1053,https://dixy.ru/product/kisel-dary-kubani-iz-maliny-200ml-2000588391/
1054,https://dixy.ru/product/kisel-dary-kubani-iz-vishni-200ml-2000588392/
1055,https://dixy.ru/product/kisel-russkiy-produkt-malinaklyukva-v-assortimente-190g-2000278539/
1056,https://dixy.ru/product/kisel-olifeolayf-klyukva-500ml-2000624912/
1057,https://dixy.ru/product/kisel-momentalnogo-prigotovleniya-russkiy-produkt-klyukva-30g-2000242152/
1058,https://dixy.ru/product/kisel-olifeolayf-chernaya-smorodina-500ml-2000627011/
1059,https://dixy.ru/product/mors-j7-fresh-klyukva-chernika-aroniya-ejevika-850ml-2000602591/
1060,https://dixy.ru/product/kisel-detskiy-frutonyanya-oblepikha-mango-130g-2000616597/
1061,https://dixy.ru/product/kompot-frutonyanya-iz-yablok-izyuma-i-kuragi-s-6-mesyatsev-02l-2000196407/
1062,https://dixy.ru/product/napitok-frutonyanya-kompot-iz-vishni-i-maliny-s-5-mesyatsev-200ml-2000227784/
1063,https://dixy.ru/product/kompot-frutonyanya-vishnya-malina-05l-2000311287/
1064,https://dixy.ru/product/voda-mineralnaya-psyj-pitevaya-gazirovannaya-1-l-2000294825/
1065,https://dixy.ru/product/mineralnaya-voda-borjomi-pet-125l-2000315091/
1066,https://dixy.ru/product/mineralnaya-voda-edelveys-1l-2000612655/
1067,https://dixy.ru/product/voda-nijniy-karmadon-mineralnaya-gazirovannaya-15l-2000015389/
1068,https://dixy.ru/product/voda-mineralnaya-essentuki-4-1l-2000346018/
1069,https://dixy.ru/product/voda-mineralnaya-galereya-istochnikov-4-15l-2000601311/
1070,https://dixy.ru/product/voda-mineralnaya-gazirovannaya-arkhyz-legenda-gor-15l-2000599872/
1071,https://dixy.ru/product/voda-mineralnaya-ash-tau-15l-2000206433/
1072,https://dixy.ru/product/voda-mineralnaya-stelmas-lechebno-stolovaya-1l-2000602351/
1073,https://dixy.ru/product/voda-narzan-mineralnaya-gazirovannaya-1l-10e0072597/
1074,https://dixy.ru/product/voda-rychal-su-mineralnaya-lechebno-stolovaya-gazirovannaya-1-l-2000000144/
1075,https://dixy.ru/product/voda-pitevaya-aqua-bene-gazirovannaya-15l-2000626712/
1076,https://dixy.ru/product/voda-pitevaya-bonaaqua-gazirovannaya-1l-2000557951/
1077,https://dixy.ru/product/voda-pitevaya-aqua-bene-gazirovannaya-05l-2000626713/
1078,https://dixy.ru/product/voda-pitevaya-bonaaqua-gazirovannaya-05l-2000557953/
1079,https://dixy.ru/product/voda-mineralnaya-galereya-istochnikov-17-15l-2000601312/
1080,https://dixy.ru/product/voda-novoterskaya-tselebnaya-mineralnaya-gazirovannaya-15-l-di00080417/
1081,https://dixy.ru/product/mineralnaya-voda-borjomi-steklo-05l-2000188861/
1082,https://dixy.ru/product/mineralnaya-voda-borjomi-pet-05l-tst0020861/
1083,https://dixy.ru/product/voda-essentuki-17-mineralnaya-gazirovannaya-lechebnaya-450ml-2000336236/
1084,https://dixy.ru/product/mineralnaya-voda-borjomi-pet-075l-2000211073/
1085,https://dixy.ru/product/voda-mineralnaya-istisu-gazirovannaya-500ml-2000622692/
1086,https://dixy.ru/product/voda-mineralnaya-rychal-su-lechebno-stolovaya-gazirovannaya-05-l-2000000143/
1087,https://dixy.ru/product/voda-mineralnaya-essentuki-4-lechebno-stolovaya-gazirovannaya-045l-2000323928/
1088,https://dixy.ru/product/voda-gazirovannaya-khrustalnaya-05l-2000623474/
1089,https://dixy.ru/product/voda-narzan-mineralnaya-gazirovannaya-05l-10e0072335/
1090,https://dixy.ru/product/voda-mineralnaya-essentuki-tselebnaya-15l-2000163846/
1091,https://dixy.ru/product/voda-mineralnaya-aqua-bene-slavyanovskaya-15l-2000222632/
1092,https://dixy.ru/product/voda-mineralnaya-aqua-bene-essentuki-tselebnaya-05l-2000295005/
1093,https://dixy.ru/product/voda-pitevaya-rokada-mineralnaya-lechebno-stolovaya-gazirovannaya-500ml-2000573233/
1094,https://dixy.ru/product/napitok-bezalkogolnyy-fancy-15l-2000543091/
1095,https://dixy.ru/product/napitok-bezalkogolnyy-street-15l-2000543092/
1096,https://dixy.ru/product/napitok-bezalkogolnyy-ochakovo-cool-cola-15l-2000621931/
1097,https://dixy.ru/product/napitok-bezalkogolnyy-cool-cola-zero-gazirovannyy-15l-2000559031/
1098,https://dixy.ru/product/napitok-bezalkogolnyy-evervess-bitter-lemon-1l-2000628253/
1099,https://dixy.ru/product/tonik-rich-bitter-lemon-1l-2000616292/
1100,https://dixy.ru/product/napitok-gazirovannyy-evervess-manyashchaya-granada-1l-2000566098/
1101,https://dixy.ru/product/tonik-rich-tonic-indian-1l-2000616291/
1102,https://dixy.ru/product/napitok-bezalkogolnyy-evervess-indian-tonik-1l-2000346635/
1103,https://dixy.ru/product/tonik-rich-tonic-indian-033l-2000616293/
1104,https://dixy.ru/product/napitok-bezalkogolnyy-rich-bitter-mandarin-1l-2000625535/
1105,https://dixy.ru/product/napitok-bezalkogolnyy-rich-coctail-spritts-krasnyy-apelsin-033l-2000625537/
1106,https://dixy.ru/product/napitok-bezalkogolnyy-ouchauch-tonik-so-vkusom-limona-1l-2000631115/
1107,https://dixy.ru/product/napitok-bezalkogolnyy-ouchauch-tonik-klassicheskiy-1l-2000631116/
1108,https://dixy.ru/product/napitok-bezalkogolnyy-evervess-bitter-lemon-1l-2000345874/
1109,https://dixy.ru/product/napitok-bezalkogolnyy-rich-bitter-lemon-1l-2000551058/
1110,https://dixy.ru/product/napitok-bezalkogolnyy-rich-bitter-indian-tonik-033l-2000551064/
1111,https://dixy.ru/product/napitok-bezalkogolnyy-rich-bitter-indian-tonik-1l-2000551051/
1112,https://dixy.ru/product/napitok-bezalkogolnyy-rich-bitter-granat-033-l-2000551093/
1113,https://dixy.ru/product/napitok-schweppes-bitter-lemon-silnogazirovannyy-033-l-tst0043604/
1114,https://dixy.ru/product/energeticheskiy-napitok-adrenaline-rush-0449l-2000310788/
1115,https://dixy.ru/product/napitok-bezalkogolnyy-adrenaline-rush-dynya-laym-myata-0449l-2000644373/
1116,https://dixy.ru/product/napitok-bezalkogolnyy-adrenaline-rush-yudzu-klubnika-kalamansi-0449l-2000644374/
1117,https://dixy.ru/product/napitok-energeticheskiy-adrenaline-bez-sakhara-bezalkogolnyy-0449-l-2000542794/
1118,https://dixy.ru/product/napitok-bezalkogolnyy-energeticheskiy-yabloko-reven-450ml-2000645273/
1119,https://dixy.ru/product/napitok-bezalkogolnyy-energeticheskiy-guava-malina-lemongrass-450ml-2000645275/
1120,https://dixy.ru/product/napitok-bezalkogolnyy-energeticheskiy-yuzu-kalamansi-kamu-kamu-450ml-2000645276/
1121,https://dixy.ru/product/napitok-bezalkogolnyy-energeticheskiy-juster-vishnya-chereshnya-450ml-2000645274/
1122,https://dixy.ru/product/napitok-energeticheskiy-burn-original-zero-0449l-2000648093/
1123,https://dixy.ru/product/napitok-energeticheskiy-volt-yagodnoe-draje-045l-2000647911/
1124,https://dixy.ru/product/napitok-red-bull-energeticheskiy-gazirovannyy-025l-2000016143/
1125,https://dixy.ru/product/napitok-red-bull-energeticheskiy-gazirovannyy-0473l-2000075499/
1126,https://dixy.ru/product/napitok-red-bull-energeticheskiy-gazirovannyy-0355l-2000163082/
1127,https://dixy.ru/product/napitok-flash-energy-energeticheskiy-bezalkogolnyy-05l-2000222613/
1128,https://dixy.ru/product/napitok-energeticheskiy-adrenaline-vitamin-power-apelsin-0449l-2000218703/
1129,https://dixy.ru/product/napitok-silnogazirovannyy-drive-me-max-1l-2000266100/
1130,https://dixy.ru/product/energeticheskiy-napitok-burn-yabloko-kivi-0449l-2000268262/
1131,https://dixy.ru/product/napitok-energeticheskiy-flash-up-energygazirovannyy-045-l-2000293723/
1132,https://dixy.ru/product/napitok-energeticheskiy-e-on-kiwi-blast-kivi-ananas-450ml-2000291275/
1133,https://dixy.ru/product/energeticheskiy-napitok-drive-me-original-0449l-2000310806/
1134,https://dixy.ru/product/energeticheskiy-napitok-adrenaline-rush-yagodnaya-energiya-449ml-2000310803/
1135,https://dixy.ru/product/napitok-energeticheskiy-adrenaline-igrovaya-energiya-0449l-2000310804/
1136,https://dixy.ru/product/napitok-energeticheskiy-gorilla-energy-drink-045l-2000316354/
1137,https://dixy.ru/product/energeticheskiy-napitok-drive-me-yagody-0449l-2000320493/
1138,https://dixy.ru/product/energeticheskiy-napitok-burn-temnaya-energiya-0449l-2000332124/
1139,https://dixy.ru/product/energeticheskiy-napitok-burn-tropicheskiy-miks-0449l-2000337137/
1140,https://dixy.ru/product/napitok-energeticheskiy-flash-up-max-1l-2000346477/
1141,https://dixy.ru/product/energeticheskiy-napitok-drive-me-nitro-boost-0449l-2000414851/
1142,https://dixy.ru/product/napitok-energeticheskiy-gorilla-mango-kokos-045l-2000408251/
1143,https://dixy.ru/product/napitok-energeticheskiy-adrenaline-vitamin-power-mango-0449l-2000520697/
1144,https://dixy.ru/product/moloko-khutorok-32-970ml-ultrapasterizovannoe-2000600213/
1145,https://dixy.ru/product/moloko-khutorok-pasterizovannoe-otbornoe-tselnoe-900930ml-2000271385/
1146,https://dixy.ru/product/smetana-khutorok-15-300g-2000411404/
1147,https://dixy.ru/product/maslo-slivochnoe-legenda-finlyandii-strana-ozer-825-180g-di00080070/
1148,https://dixy.ru/product/yaytso-kurinoe-derevenskie-napevy-otbornoe-fasovannoe-10sht-2000269325/
1149,https://dixy.ru/product/morojenoe-khutorok-plombir-s-shokoladnoy-kroshkoy-200g-2000612151/
1150,https://dixy.ru/product/syrok-tvorojnyy-khutorok-izyum-5-90g-2000521858/
1151,https://dixy.ru/product/syrok-tvorojnyy-khutorok-vanil-5-90g-2000521857/
1152,https://dixy.ru/product/produkt-ovsyanyy-pitevoy-olifeolayf-chernika-230g-2000638994/
1153,https://dixy.ru/product/tvorog-khutorok-5-300g-2000568077/
1154,https://dixy.ru/product/morojenoe-khutorok-plombir-v-shokoladnoy-glazuri-90g-2000597351/
1155,https://dixy.ru/product/moloko-khutorok-otbornoe-tselnoe-pasterizovannoe-14l-2000603016/
1156,https://dixy.ru/product/tvorog-khutorok-5-700g-2000630353/
1157,https://dixy.ru/product/sorbet-olifeolayf-mango-marakuyya-75g-2000625278/
1158,https://dixy.ru/product/sorbet-olifeolayf-chernaya-smorodina-75g-2000625277/
1159,https://dixy.ru/product/morojenoe-khutorok-plombir-shokoladnyy-80g-2000403834/
1160,https://dixy.ru/product/morojenoe-khutorok-plombir-vanilnyy-80g-2000403833/
1161,https://dixy.ru/product/morojenoe-khutorok-plombir-vanil-400g-2000615612/
1162,https://dixy.ru/product/morojenoe-khutorok-eskimo-80g-2000593615/
1163,https://dixy.ru/product/morojenoe-khutorok-rojok-shokoladnyy-100g-2000593611/
1164,https://dixy.ru/product/morojenoe-khutorok-rojok-vanilnyy-100g-2000593614/
1165,https://dixy.ru/product/morojenoe-khutorok-fistashka-briket-200g-2000593613/
1166,https://dixy.ru/product/morojenoe-s-proteinom-olifeolayf-solenaya-karamel-arakhis-bez-sakhara-75g-2000637571/
1167,https://dixy.ru/product/morojenoe-olifeolayf-v-stakanchike-bez-sakhara-80g-2000632531/
1168,https://dixy.ru/product/morojenoe-khutorok-vanil-briket-200g-2000593612/
1169,https://dixy.ru/product/morojenoe-s-proteinom-olifeolayf-shokoladnoe-bez-sakhara-75g-2000637572/
1170,https://dixy.ru/product/morojenoe-pervym-delom-vanilnoe-vafelnyy-stakanchik-4-70g-2000403831/
1171,https://dixy.ru/product/moloko-khutorok-15-900ml-pasterizovannoe-2000584011/
1172,https://dixy.ru/product/moloko-khutorok-25-900ml-pasterizovannoe-2000546052/
1173,https://dixy.ru/product/yogurt-grecheskiy-olifeolayf-2-250g-2000633322/
1174,https://dixy.ru/product/produkt-kislomolochnyy-actimuno-yagodnyy-miks-15-95g-2000299206/
1175,https://dixy.ru/product/yogurt-pitevoy-chudo-klubnika-zemlyanika-19-260g-2000094439/
1176,https://dixy.ru/product/napitok-kislomolochnyy-protein-max-latte-makiato-240g-2000646574/
1177,https://dixy.ru/product/napitok-kislomolochnyy-molvest-protein-max-granat-malina-240g-2000636611/
1178,https://dixy.ru/product/yogurt-savushkin-grecheskiy-teos-2-250g-2000297751/
1179,https://dixy.ru/product/yogurt-termostatnyy-prostokvashino-persik-34-160g-2000602476/
1180,https://dixy.ru/product/yogurt-danissimo-fantaziya-s-khrustyashchimi-sharikami-v-shokolade-105g-2000153837/
1181,https://dixy.ru/product/yogurt-pitevoy-epica-naturalnyy-29-260g-2000311166/
1182,https://dixy.ru/product/yogurt-termostatnyy-prostokvashino-chernika-34-160g-2000602475/
1183,https://dixy.ru/product/yogurt-epica-crispy-s-fistashkami-105-140g-2000305543/
1184,https://dixy.ru/product/bioyogurt-aktibio-vishnya-29-130g-2000537891/
1185,https://dixy.ru/product/bioyogurt-pitevoy-aktibio-zlaki-16-870g-2000033300/
1186,https://dixy.ru/product/yogurt-frugurt-persik-marakuyya-2-240g-10j0079986/
1187,https://dixy.ru/product/napitok-kislomolochnyy-frugurt-persik-1-930g-2000599892/
1188,https://dixy.ru/product/bioyogurt-pitevoy-aktibio-persik-malina-15-260g-2000618992/
1189,https://dixy.ru/product/bioyogurt-pitevoy-aktibio-klubnika-chernika-15-260g-2000618991/
1190,https://dixy.ru/product/yogurt-rastishka-golubika-plombir-16-90g-2000642593/
1191,https://dixy.ru/product/bioyogurt-tema-vishnya-chereshnya-25-210g-2000642592/
1192,https://dixy.ru/product/yogurt-grecheskiy-olifeolayf-2-250g-2000633322/
1193,https://dixy.ru/product/yogurt-grecheskiy-teos-naturalnyy-2-140g-2000253975/
1194,https://dixy.ru/product/bioyogurt-aktibio-3-kivi-klubnika-bez-sakhara-130g-2000645278/
1195,https://dixy.ru/product/yogurt-epica-s-vishney-i-chereshney-48-bzmj-130-g-2000278870/
1196,https://dixy.ru/product/bioyogurt-khutorok-vishnya-chereshnya-2-120g-2000638633/
1197,https://dixy.ru/product/bioyogurt-aktibio-klubnika-chernika-bez-sakhara-3-130g-2000625872/
1198,https://dixy.ru/product/yogurt-epica-s-mango-i-semenami-chia-5-130g-2000285296/
1199,https://dixy.ru/product/bioyogurt-khutorok-persik-marakuyya-2-120g-2000638632/
1200,https://dixy.ru/product/bioyogurt-aktibio-persik-malina-bez-sakhara-3-130g-2000618514/
1201,https://dixy.ru/product/yogurt-epica-s-persikom-i-marakuyey-48-130-g-2000296488/
1202,https://dixy.ru/product/bioyogurt-khutorok-chernika-zemlyanika-2-120g-2000638634/
1203,https://dixy.ru/product/yogurt-prostokvashino-naturalnyy-termostatnyy-4-160g-2000366091/
1204,https://dixy.ru/product/moloko-khutorok-32-970ml-ultrapasterizovannoe-2000600213/
1205,https://dixy.ru/product/moloko-lebedyan-34-6-14l-otbornoe-pasterizovannoe-2000571331/
1206,https://dixy.ru/product/moloko-prostokvashino-34-45-930ml-otbornoe-pasterizovannoe-di00081046/
1207,https://dixy.ru/product/moloko-nashey-doyki-otbornoe-34-6-430ml-2000650000/
1208,https://dixy.ru/product/moloko-selo-zelenoe-25-930ml-pasterizovannoe-2000303743/
1209,https://dixy.ru/product/moloko-vkusnoteevo-32-950ml-ultrapasterizovannoe-2000510232/
1210,https://dixy.ru/product/moloko-32-093l-ultrapasterizovannoe-v-assortimente-2000279680/
1211,https://dixy.ru/product/moloko-selo-zelenoe-32-2l-pasterizovannoe-2000509793/
1212,https://dixy.ru/product/moloko-parmalat-18-1l-bezlaktoznoe-ultrapasterizovannoe-2000328870/
1213,https://dixy.ru/product/moloko-khutorok-pasterizovannoe-otbornoe-tselnoe-900930ml-2000271385/
1214,https://dixy.ru/product/moloko-prostokvashino-25-930ml-pasterizovannoe-2000024178/
1215,https://dixy.ru/product/moloko-domik-v-derevne-32-1400ml-pasterizovannoe-2000227471/
1216,https://dixy.ru/product/moloko-selo-zelenoe-32-950ml-ultrapasterizovannoe-2000238271/
1217,https://dixy.ru/product/moloko-khutorok-otbornoe-tselnoe-pasterizovannoe-14l-2000603016/
1218,https://dixy.ru/product/moloko-khutorok-15-900ml-pasterizovannoe-2000584011/
1219,https://dixy.ru/product/moloko-khutorok-25-900ml-pasterizovannoe-2000546052/
1220,https://dixy.ru/product/moloko-khutorok-25-970ml-ultrapasterizovannoe-2000600212/
1221,https://dixy.ru/product/moloko-khutorok-15-970ml-ultrapasterizovannoe-2000600211/
1222,https://dixy.ru/product/moloko-selo-zelenoe-25-095l-ultrapasterizovannoe-2000263555/
1223,https://dixy.ru/product/moloko-ekomilk-34-45-900ml-otbornoe-pasterizovannoe-2000315332/
1224,https://dixy.ru/product/moloko-domik-v-derevne-32-950ml-ultrapasterizovannoe-2000066819/
1225,https://dixy.ru/product/moloko-prostokvashino-15-970ml-bezlaktoznoe-ultrapasterizovannoe-2000408871/
1226,https://dixy.ru/product/moloko-domik-v-derevne-32-930ml-pasterizovannoe-2000133521/
1227,https://dixy.ru/product/moloko-prostokvashino-pasterizovannoe-15-930ml-2000204889/
1228,https://dixy.ru/product/moloko-32-925ml-ultrapasterizovannoe-v-assortimente-2000560951/
1229,https://dixy.ru/product/moloko-vologodskoe-25-930ml-pasterizovannoe-2000574871/
1230,https://dixy.ru/product/moloko-piskarevskoe-25-900ml-pasterizovannoe-2000017480/
1231,https://dixy.ru/product/moloko-domik-v-derevne-25-950ml-ultrapasterizovannoe-2000260617/
1232,https://dixy.ru/product/moloko-m-32-950ml-ultrapasterizovannoe-10j0077073/
1233,https://dixy.ru/product/moloko-prostokvashino-32-14l-pasterizovannoe-2000557212/
1234,https://dixy.ru/product/yaytso-kurinoe-esh-khoroshee-s0-10sht-2000616620/
1235,https://dixy.ru/product/yaytso-kurinoe-derevenskie-napevy-otbornoe-fasovannoe-10sht-2000269325/
1236,https://dixy.ru/product/yaytso-kurinoe-selo-zelenoe-derevenskoe-so-10-sht-2000328303/
1237,https://dixy.ru/product/yaytso-kurinoe-tulskaya-pf-derevenskoe-s1-10-sht-2000337949/
1238,https://dixy.ru/product/yaytsa-kurinye-ko-kol-chiki-derevenskie-s1-10sht-2000588991/
1239,https://dixy.ru/product/yaytso-kurinoe-okskoe-otbornoe-s0-10sht-tst0034516/
1240,https://dixy.ru/product/yaytso-kurinoe-okskoe-stolovoe-s1-10sht-tst0034515/
1241,https://dixy.ru/product/yaytso-kurinoe-derevenskie-napevy-s2-10sht-2000599555/
1242,https://dixy.ru/product/yaytso-kurinoe-stolovoe-1-kategoriya-v-assortimente-10sht-1041042135/
1243,https://dixy.ru/product/yaytso-kurinoe-esh-khoroshee-s1-10sht-2000616619/
1244,https://dixy.ru/product/yaytso-kurinoe-selo-zelenoe-derevenskoe-s1-10sht-2000328304/
1245,https://dixy.ru/product/yaytsa-kurinye-roskar-ekstra-c1-10sht-2000209309/
1246,https://dixy.ru/product/yaytso-kurinoe-selo-zelenoe-derevenskoe-s1-20sht-2000559851/
1247,https://dixy.ru/product/yaytso-kurinoe-derevenskie-napevy-1-kategorii-10sht-2000269323/
1248,https://dixy.ru/product/yaytso-kurinoe-okskoe-stolovoe-s2-10sht-2000194707/
1249,https://dixy.ru/product/yaytsa-kurinye-roskar-aktivita-10sht-2000002784/
1250,https://dixy.ru/product/yaytso-kurinoe-zoloto-seymy-derevenskoe-s0-10sht-2000212529/
1251,https://dixy.ru/product/yaytsa-kurinye-okskoe-stolovoe-vysshaya-kategoriya-10sht-2000541153/
1252,https://dixy.ru/product/yaytso-kurinoe-stolovoe-otbornoe-v-assortimente-10sht-di00079293/
1253,https://dixy.ru/product/yaytsa-sinyavinskoe-pf-s0-10sht-2000414831/
1254,https://dixy.ru/product/yaytso-kurinoe-zoloto-seymy-derevenskoe-s1-10sht-2000238733/
1255,https://dixy.ru/product/yaytsa-perepelinye-olifeolayf-20sht-2000636751/
1256,https://dixy.ru/product/yaytso-kurinoe-rusovo-otbornoy-kategorii-10sht-2000605471/
1257,https://dixy.ru/product/yaytso-kurinoe-sinyavinskoe-derevenskoe-1-kategoriya-10sht-2000308208/
1258,https://dixy.ru/product/yaytso-kurinoe-sinyavinskoe-stolovoe-1-kategorii-20sht-2000289523/
1259,https://dixy.ru/product/yaytsa-kurinye-roskar-ekstra-c0-10sht-2000326489/
1260,https://dixy.ru/product/yaytso-kurinoe-derevenskie-napevy-khalyal-otbornoe-s0-10sht-2000601652/
1261,https://dixy.ru/product/yaytso-perepelinoe-derevenskie-napevy-20sht-2000601592/
1262,https://dixy.ru/product/yaytso-kurinoe-derevenskie-napevy-s1-20sht-2000274287/
1263,https://dixy.ru/product/morojenoe-48-kopeek-mango-so-slivkami-241g-2000576651/
1264,https://dixy.ru/product/morojenoe-khutorok-plombir-s-shokoladnoy-kroshkoy-200g-2000612151/
1265,https://dixy.ru/product/morojenoe-korovka-iz-korenovki-plombir-krem-bryule-100g-2000314572/
1266,https://dixy.ru/product/morojenoe-svitlogore-frumele-eskimo-lesnye-yagody-65g-2000617254/
1267,https://dixy.ru/product/morojenoe-vologodskiy-plombir-v-vafelnom-stakanchike-15-100g-2000277901/
1268,https://dixy.ru/product/morojenoe-plombir-selo-zelenoe-s-klubnikoy-vo-fruktovoy-glazuri-70g-2000591931/
1269,https://dixy.ru/product/morojenoe-korovka-iz-korenovki-plombir-shokoladnyy-15-100g-2000292044/
1270,https://dixy.ru/product/morojenoe-chistaya-liniya-rossiyskoe-eskimo-v-glazuri-80g-2000151159/
1271,https://dixy.ru/product/morojenoe-zolotoy-standart-plombir-s-taejnoy-chernikoy-v-vafelnom-stakanchike-89g-2000259552/
1272,https://dixy.ru/product/morojenoe-korovka-iz-korenovki-plombir-vanilnyy-15-100g-2000292043/
1273,https://dixy.ru/product/morojenoe-milka-eskimo-slivochnoe-s-shokoladnym-sousom-62g-2000330602/
1274,https://dixy.ru/product/morojenoe-belaya-dolina-plombir-na-slivkakh-450g-2000591371/
1275,https://dixy.ru/product/morojenoe-belaya-dolina-plombir-na-slivkakh-shokolad-450g-2000601991/
1276,https://dixy.ru/product/morojenoe-korovka-iz-korenovki-plombir-s-shokoladnoy-kroshkoy-400g-2000332339/
1277,https://dixy.ru/product/morojenoe-korovka-iz-korenovki-krem-bryule-gretskiy-orekh-solenaya-karamel-300g-2000633471/
1278,https://dixy.ru/product/morojenoe-ekzo-arbuz-dynya-520g-2000291505/
1279,https://dixy.ru/product/morojenoe-khutorok-plombir-v-shokoladnoy-glazuri-90g-2000597351/
1280,https://dixy.ru/product/morojenoe-zolotoy-standart-plombir-s-sufle-shokolad-445475g-2000238331/
1281,https://dixy.ru/product/morojenoe-rybinskiy-mz-krem-bryule-v-vafelnom-stakanchike-80g-2000339752/
1282,https://dixy.ru/product/morojenoe-rybinskiy-mz-nasha-lakomka-12-90g-2000339754/
1283,https://dixy.ru/product/morojenoe-shokoladnoe-rybinskiy-mz-v-vafelnom-stakanchike-80g-2000339750/
1284,https://dixy.ru/product/morojenoe-rybinskiy-mz-plombir-vanilnyy-v-vafelnom-stakanchike-80g-2000339749/
1285,https://dixy.ru/product/morojenoe-brand-ice-sladkaya-karamel-500ml-2000624653/
1286,https://dixy.ru/product/desert-lotte-morojenoe-im-mochi-klubnichnoe-65g-2000640912/
1287,https://dixy.ru/product/morojenoe-eskimo-snaq-fabriq-by-dubai-80g-2000622231/
1288,https://dixy.ru/product/sorbet-olifeolayf-mango-marakuyya-75g-2000625278/
1289,https://dixy.ru/product/sorbet-olifeolayf-chernaya-smorodina-75g-2000625277/
1290,https://dixy.ru/product/morojenoe-leningradskoe-slivochnoe-keshyu-karamel-11-450g-2000554172/
1291,https://dixy.ru/product/morojenoe-svitlogore-eskimo-plombir-so-vkusom-vanili-80g-2000617252/
1292,https://dixy.ru/product/morojenoe-bon-pari-fruktovyy-led-vzryvnoy-uragan-60g-2000218536/
1293,https://dixy.ru/product/syrok-tvorojnyy-khutorok-izyum-5-90g-2000521858/
1294,https://dixy.ru/product/syrok-tvorojnyy-khutorok-vanil-5-90g-2000521857/
1295,https://dixy.ru/product/syrok-tvorojnyy-rostagrokompleks-vanil-165-90g-2000190786/
1296,https://dixy.ru/product/syrok-glazirovannyy-arostagrokompleks-v-molochnom-shokolade-26-50g-2000152171/
1297,https://dixy.ru/product/syrok-tvorojnyy-arostagrokompleks-kartoshka-v-molochnom-shokolade-20-50g-2000179854/
1298,https://dixy.ru/product/syrok-glazirovannyy-syrkoff-kokos-23-40g-2000318699/
1299,https://dixy.ru/product/syrok-glazirovannyy-syrkoff-varenaya-sgushchenka-23-40g-2000318701/
1300,https://dixy.ru/product/tvorojnaya-massa-khutorok-dva-shokolada-35-170g-2000639432/
1301,https://dixy.ru/product/syrok-tvorojnyy-syrkoff-chernika-glazirovannyy-23-40g-2000638853/
1302,https://dixy.ru/product/syrok-glazirovannyy-syrkoff-pechene-sgushchennoe-moloko-23-40g-2000631533/
1303,https://dixy.ru/product/syrok-tvorojnyy-syrkoff-malina-s-pechenem-23-40g-2000571273/
1304,https://dixy.ru/product/tvorojnaya-massa-tvorogi-mango-marakuyya-35-170g-2000624231/
1305,https://dixy.ru/product/syrok-glazirovannyy-syrkoff-kartoshka-s-vafley-23-40g-2000571274/
1306,https://dixy.ru/product/syrok-glazirovannyy-sovetskie-traditsii-vanilnyy-26-45g-2000262551/
1307,https://dixy.ru/product/syrok-glazirovannyy-rostagroeksport-kartoshka-20-45g-tst0025678/
1308,https://dixy.ru/product/syrok-glazirovannyy-rostagroeksport-varenaya-sgushchenka-15-45g-tst0037142/
1309,https://dixy.ru/product/syrok-glazirovannyy-rostagroeksport-s-aromatom-vanili-20-45g-2000136039/
1310,https://dixy.ru/product/syrok-tvorojnyy-rostagroeksport-glazirovannyy-vanil-5-45g-2000181062/
1311,https://dixy.ru/product/syrok-glazirovannyy-prostokvashino-so-sgushchenkoy-20-40g-2000272539/
1312,https://dixy.ru/product/syrok-vkusnoteevo-premium-glazirovannyy-s-vanilyu-16-40g-2000182406/
1313,https://dixy.ru/product/syrok-glazirovannyy-rostagroeksport-klyukva-5-45g-2000645011/
1314,https://dixy.ru/product/syrok-tvorojnyy-svitlogore-glazirovannyy-s-kakao-26-50g-2000253992/
1315,https://dixy.ru/product/syrok-glazirovannyy-svitlogore-s-vanilinom-26-50g-2000227475/
1316,https://dixy.ru/product/syrok-glazirovannyy-sovetskie-traditsii-vanil-15-40g-2000647353/
1317,https://dixy.ru/product/syrok-glazirovannyy-sovetskie-traditsii-varenaya-sgushchenka-26-45g-2000265135/
1318,https://dixy.ru/product/syrok-tvorojnyy-syrkoff-mango-apelsin-malina-s-risovymi-sharikami-40g-2000635632/
1319,https://dixy.ru/product/syrok-arostagrokompleks-vanilnyy-v-belom-shokolade-26-50g-2000245291/
1320,https://dixy.ru/product/syrok-glazirovannyy-prostokvashino-shokolad-23-40g-tst0045590/
1321,https://dixy.ru/product/syrok-glazirovannyy-arostagrokompleks-v-temnom-shokolade-26-50g-tst0027791/
1322,https://dixy.ru/product/syrok-arostagrokompleks-s-varenym-sgushchennym-molokom-26-50g-2000278869/
1323,https://dixy.ru/product/biotvorog-tema-klubnika-banan-4-95g-2000222771/
1324,https://dixy.ru/product/biotvorog-tema-dlya-malyshey-45-95g-di00081378/
1325,https://dixy.ru/product/tvorog-agusha-45-s-6-mesyatsev-100g-2000002682/
1326,https://dixy.ru/product/biolakt-detskiy-tema-klubnika-i-banan-3-206g-2000537635/
1327,https://dixy.ru/product/moloko-sterilizovannoe-agusha-32-s-3-let-925ml-2000265601/
1328,https://dixy.ru/product/biolakt-detskiy-tema-yabloko-i-grusha-3-206g-2000537637/
1329,https://dixy.ru/product/ryajenka-agusha-klubnika-29-180g-2000281472/
1330,https://dixy.ru/product/biolakt-tema-detskiy-kislomolochnyy-bez-sakhara-34-206g-2000216351/
1331,https://dixy.ru/product/tvorog-fruktovyy-agusha-chernika-39-s-6-mesyatsev-100g-10j0079980/
1332,https://dixy.ru/product/ryajenka-agusha-32-180g-2000281487/
1333,https://dixy.ru/product/tvorog-detskiy-agusha-zasypay-ka-klubnika-banan-melissa-38-100g-2000279982/
1334,https://dixy.ru/product/tvorog-fruktovyy-agusha-yabloko-banan-39-s-6-mesyatsev-100g-2000005672/
1335,https://dixy.ru/product/yogurt-rastishka-yabloko-grusha-s-pechenem-v-shokolade-3-118g-2000280864/
1336,https://dixy.ru/product/yogurt-pitevoy-agusha-klubnika-banan-27-180g-tst0002708/
1337,https://dixy.ru/product/tvorog-agusha-detskiy-klubnika-39-100g-2000596194/
1338,https://dixy.ru/product/yogurt-pitevoy-rastishka-zemlyanika-16-90-g-2000196189/
1339,https://dixy.ru/product/tvorog-fruktovyy-agusha-grusha-39-s-6-mesyatsev-100g-2000005671/
1340,https://dixy.ru/product/napitok-kislomolochnyy-imunele-kids-klubnichnoe-morojenoe-15-100g-2000293763/
1341,https://dixy.ru/product/yogurt-pitevoy-rastishka-malinovoe-morojenoe-28-190g-2000571691/
1342,https://dixy.ru/product/yogurt-rastishka-plombir-s-khrustyashchimi-sharikami-yagodnyy-vkus-3-116g-2000596138/
1343,https://dixy.ru/product/yogurt-pitevoy-frutonyanya-klubnika-banan-detskiy-25-200ml-2000297163/
1344,https://dixy.ru/product/moloko-agusha-obogashchennoe-vitaminami-sterilizovannoe-25-200ml-2000002675/
1345,https://dixy.ru/product/yogurt-pitevoy-rastishka-klubnichnyy-plombir-28-190g-2000395294/
1346,https://dixy.ru/product/yogurt-pitevoy-frutonyanya-malina-detskiy-25-200ml-2000297164/
1347,https://dixy.ru/product/yogurt-pitevoy-detskiy-agusha-yabloko-grusha-27-180g-tst0002709/
1348,https://dixy.ru/product/yogurt-rastishka-golubika-plombir-16-90g-2000642593/
1349,https://dixy.ru/product/tvorog-rastishka-klubnika-banan-plombir-35-6kh45g-2000216292/
1350,https://dixy.ru/product/biotvorog-tema-zemlyanika-4-95g-2000641751/
1351,https://dixy.ru/product/napitok-kislomolochnyy-imunele-for-kids-malinovyy-plombir-15-95ml-2000200533/
1352,https://dixy.ru/product/snejok-frutonyanya-2-klubnika-i-zemlyanika-02l-2000579535/
1353,https://dixy.ru/product/tvorog-prostokvashino-2-200g-2000024202/
1354,https://dixy.ru/product/tvorog-rassypchatyy-prostokvashino-5-480g-2000634031/
1355,https://dixy.ru/product/tvorog-vkusnoteevo-5-350g-2000630294/
1356,https://dixy.ru/product/tvorog-vkusnoteevo-2-180g-2000648892/
1357,https://dixy.ru/product/tvorog-myagkiy-vkusnoteevo-5-120g-2000648891/
1358,https://dixy.ru/product/tvorog-vkusnoteevo-5-450-g-2000545392/
1359,https://dixy.ru/product/tvorog-vkusnoteevo-9-350g-2000423589/
1360,https://dixy.ru/product/syrok-tvorojnyy-khutorok-izyum-5-90g-2000521858/
1361,https://dixy.ru/product/syrok-tvorojnyy-khutorok-vanil-5-90g-2000521857/
1362,https://dixy.ru/product/syrok-tvorojnyy-rostagrokompleks-vanil-165-90g-2000190786/
1363,https://dixy.ru/product/tvorog-savushkin-khutorok-9-bzmj-300-g-2000280850/
1364,https://dixy.ru/product/tvorog-selo-zelenoe-5-300g-2000555052/
1365,https://dixy.ru/product/tvorog-khutorok-5-300g-2000568077/
1366,https://dixy.ru/product/tvorog-khutorok-5-700g-2000630353/
1367,https://dixy.ru/product/tvorog-khutorok-5-180g-2000539346/
1368,https://dixy.ru/product/tvorog-myagkiy-minskaya-marka-4-400g-2000032946/
1369,https://dixy.ru/product/tvorog-khutorok-9-300g-2000568076/
1370,https://dixy.ru/product/tvorog-khutorok-2-180g-2000622151/
1371,https://dixy.ru/product/massa-tvorojnaya-rostagroeksport-osobaya-s-izyumom-180g-2000190785/
1372,https://dixy.ru/product/tvorog-khutorok-9-180g-2000569975/
1373,https://dixy.ru/product/tvorog-savushkin-nejnyy-myagkiy-0-125g-2000096319/
1374,https://dixy.ru/product/tvorog-prostokvashino-5-200g-tst0047040/
1375,https://dixy.ru/product/tvorog-savushkin-nejnyy-myagkiy-5-bzmj-125g-2000322093/
1376,https://dixy.ru/product/tvorog-myagkiy-domik-v-derevne-5-150g-2000301689/
1377,https://dixy.ru/product/tvorojnaya-massa-tvorogi-grusha-mindal-170g-2000585314/
1378,https://dixy.ru/product/tvorojnaya-massa-khutorok-dva-shokolada-35-170g-2000639432/
1379,https://dixy.ru/product/tvorog-rassypchatyy-iskrenne-vash-9-500g-2000312025/
1380,https://dixy.ru/product/tvorog-lebedyan-9-350g-2000569871/
1381,https://dixy.ru/product/tvorog-obninskiy-5-250g-2000618256/
1382,https://dixy.ru/product/tvorojnoe-zerno-prostokvashino-v-slivkakh-5-130g-2000529735/
1383,https://dixy.ru/product/mayonez-sloboda-provansal-67-800ml-tst0045065/
1384,https://dixy.ru/product/mayonez-moskovskiy-provansal-klassicheskiy-67-700ml-2000156539/
1385,https://dixy.ru/product/sous-astoriya-burger-sous-200g-2000552952/
1386,https://dixy.ru/product/sous-heinz-syrnyy-200g-2000167842/
1387,https://dixy.ru/product/sous-heinz-tsezar-200g-2000175023/
1388,https://dixy.ru/product/sous-astoria-mayoneznyy-syrnyy-dlya-spagetti-i-garnirov-233g-2000158954/
1389,https://dixy.ru/product/sous-sloboda-syrnyy-200ml-2000313124/
1390,https://dixy.ru/product/mayonez-sloboda-olivkovyy-67-800ml-tst0044024/
1391,https://dixy.ru/product/mayonez-sloboda-olivkovyy-67-400ml-tst0044712/
1392,https://dixy.ru/product/mayonez-mr-ricco-provansal-67-340g-2000570511/
1393,https://dixy.ru/product/mayonez-moskovskiy-provansal-klassicheskiy-67-220ml-tst0027566/
1394,https://dixy.ru/product/mayonez-sloboda-olivkovyy-67-200ml-2000186981/
1395,https://dixy.ru/product/mayonez-ryaba-provansal-67-372ml-2000172969/
1396,https://dixy.ru/product/mayonez-mrricco-premium-na-perepelinom-yaytse-67-400ml-2000197367/
1397,https://dixy.ru/product/mayonez-ya-lyublyu-gotovit-provansal-67-700ml-2000539317/
1398,https://dixy.ru/product/mayonez-sloboda-provansal-67-400ml-2000135999/
1399,https://dixy.ru/product/sous-mayoneznyy-ryaba-postnyy-50-372g387ml-2000287444/
1400,https://dixy.ru/product/mayonez-ryaba-olivkovyy-67-350ml-2000265115/
1401,https://dixy.ru/product/mayonez-mrricco-premium-na-perepelinom-yaytse-67-220ml-2000300545/
1402,https://dixy.ru/product/sous-mayoneznyy-makheev-salatnyy-40-630g-2000569834/
1403,https://dixy.ru/product/mayonez-makheev-provansal-s-limonnym-sokom-67-400ml-tst0040573/
1404,https://dixy.ru/product/mayonez-moskovskiy-provansal-klassicheskiy-67-420ml-2000204803/
1405,https://dixy.ru/product/mayonez-mrricco-olivkovyy-67-400ml-2000300548/
1406,https://dixy.ru/product/mayonez-ryaba-smetannyy-505-344ml-2000202332/
1407,https://dixy.ru/product/mayonez-mrricco-premium-na-perepelinom-yaytse-67-800ml-2000202331/
1408,https://dixy.ru/product/mayonez-sloboda-provansal-67-100ml-2000429651/
1409,https://dixy.ru/product/mayonez-pervym-delom-provansal-67-600g-2000638254/
1410,https://dixy.ru/product/mayonez-mrricco-provansal-67-800-ml-2000321531/
1411,https://dixy.ru/product/mayonez-sloboda-na-perepelinykh-yaytsakh-67-400-ml-2000155802/
1412,https://dixy.ru/product/mayonez-heinz-klassicheskiy-67-300g-2000567053/
1413,https://dixy.ru/product/maslo-slivochnoe-vkusnoteevo-traditsionnoe-825-340g-2000581831/
1414,https://dixy.ru/product/maslo-slivochnoe-legenda-finlyandii-strana-ozer-825-180g-di00080070/
1415,https://dixy.ru/product/maslo-slivochnoe-vkusnoteevo-traditsionnoe-825-180g-2000509906/
1416,https://dixy.ru/product/maslo-iz-vologdy-825-180g-2000174824/
1417,https://dixy.ru/product/slivochnoe-maslo-ekomilk-gost-825-vysshiy-sort-180g-10j0079578/
1418,https://dixy.ru/product/maslo-brest-litovsk-slivochnoe-825-180g-2000186964/
1419,https://dixy.ru/product/maslo-ekomilk-traditsionnoe-slivochnoe-825-160g-2000609371/
1420,https://dixy.ru/product/maslo-slivochnoe-brest-litovsk-traditsionnoe-725-160g-2000636511/
1421,https://dixy.ru/product/slivochnoe-maslo-brest-litovsk-825-360g-2000541417/
1422,https://dixy.ru/product/maslo-khutorok-krestyanskoe-sladko-slivochnoe-725-180g-2000401635/
1423,https://dixy.ru/product/maslo-reznoy-palisad-slivochnoe-traditsionnoe-825-160-g-2000284482/
1424,https://dixy.ru/product/maslo-slivochnoe-brest-litovsk-825-120g-2000624972/
1425,https://dixy.ru/product/maslo-slivochnoe-fermerskoe-khozyaystvo-825-bzmj-170-g-2000320711/
1426,https://dixy.ru/product/maslo-prostokvashino-slivochnoe-82-bzmj-180-g-2000136059/
1427,https://dixy.ru/product/maslo-iz-vologdy-krestyanskoe-725-180g-2000177133/
1428,https://dixy.ru/product/maslo-slivochnoe-sele-zelenoe-traditsionnoe-825-175g-2000286441/
1429,https://dixy.ru/product/maslo-slivochnoe-pervym-delom-725-200g-2000538793/
1430,https://dixy.ru/product/maslo-slivochnoe-vkusnoteevo-krestyanskoe-725-180g-2000637072/
1431,https://dixy.ru/product/margarin-pyshka-dlya-vypechki-72-200g-2000582291/
1432,https://dixy.ru/product/spred-shchedraya-rus-725-180g-2000646715/
1433,https://dixy.ru/product/maslo-slivochnoe-belster-825-170g-2000643953/
1434,https://dixy.ru/product/maslo-sladkoslivochnoe-bogovarovo-krestyanskoe-725-170g-2000076320/
1435,https://dixy.ru/product/spred-kremlevskoe-725-180g-2000003173/
1436,https://dixy.ru/product/maslo-slivochnoe-bejin-lug-krestyanskoe-725-160g-2000174444/
1437,https://dixy.ru/product/maslo-slivochnoe-ekomilk-krestyanskoe-725-160g-2000636394/
1438,https://dixy.ru/product/maslo-slivochnoe-obereje-825-180g-2000532933/
1439,https://dixy.ru/product/maslo-toplenoe-predgore-kavkaza-99-280g-2000562233/
1440,https://dixy.ru/product/margarin-khozyayushka-slivochnyy-60-200g-2000003174/
1441,https://dixy.ru/product/maslo-slivochnoe-shchedraya-burenushka-krestyanskoe-725-180g-2000156506/
1442,https://dixy.ru/product/maslo-slivochnoe-aromatnoe-s-belymi-gribami-725-110g-2000612492/
1443,https://dixy.ru/product/yogurt-pitevoy-chudo-klubnika-zemlyanika-19-260g-2000094439/
1444,https://dixy.ru/product/napitok-kislomolochnyy-protein-max-latte-makiato-240g-2000646574/
1445,https://dixy.ru/product/napitok-kislomolochnyy-molvest-protein-max-granat-malina-240g-2000636611/
1446,https://dixy.ru/product/yogurt-pitevoy-epica-naturalnyy-29-260g-2000311166/
1447,https://dixy.ru/product/bioyogurt-pitevoy-aktibio-zlaki-16-870g-2000033300/
1448,https://dixy.ru/product/napitok-kislomolochnyy-frugurt-persik-1-930g-2000599892/
1449,https://dixy.ru/product/bioyogurt-pitevoy-aktibio-persik-malina-15-260g-2000618992/
1450,https://dixy.ru/product/bioyogurt-pitevoy-aktibio-klubnika-chernika-15-260g-2000618991/
1451,https://dixy.ru/product/bioyogurt-pitevoy-aktibio-naturalnyy-18-260g-2000326710/
1452,https://dixy.ru/product/bioyogurt-pitevoy-aktibio-chernika-zlaki-lnyanye-semena-16-260g-2000326717/
1453,https://dixy.ru/product/yogurt-pitevoy-khutorok-s-grushey-i-persikom-15-260g-2000524055/
1454,https://dixy.ru/product/yogurt-pitevoy-khutorok-s-malinoy-i-chernikoy-15-260g-2000524056/
1455,https://dixy.ru/product/bioyogurt-pitevoy-aktibio-klubnika-i-zemlyanika-15-260g-2000326715/
1456,https://dixy.ru/product/yogurt-pitevoy-khutorok-s-klubnikoy-15-260g-2000524057/
1457,https://dixy.ru/product/bioyogurt-pitevoy-aktibio-zlaki-16-260g-2000326712/
1458,https://dixy.ru/product/yogurt-aktibio-pitevoy-bez-sakhara-15-kivi-klubnika-260g-2000645932/
1459,https://dixy.ru/product/bioyogurt-pitevoy-aktibio-vishnya-semena-chia-15-260g-2000646531/
1460,https://dixy.ru/product/yogurt-epica-pitevoy-klubnika-s-marakuyey-25-260-g-2000299345/
1461,https://dixy.ru/product/kokteyl-molochnyy-top-malina-2-450g-2000646433/
1462,https://dixy.ru/product/yogurt-pitevoy-chudo-yagodnoe-morojenoe-19-260g-2000301763/
1463,https://dixy.ru/product/produkt-kislomolochnyy-actimuno-granat-15-95g-di00081163/
1464,https://dixy.ru/product/yogurt-fruate-persik-grusha-1-850g-2000646575/
1465,https://dixy.ru/product/yogurt-pitevoy-chudo-persik-mango-dynya-19-260g-2000171444/
1466,https://dixy.ru/product/kislomolochnyy-napitok-frugurt-chernika-1-930g-2000618011/
1467,https://dixy.ru/product/yogurt-pitevoy-khutorok-kivi-i-kryjovnik-15-260g-2000595652/
1468,https://dixy.ru/product/napitok-syvorotochnyy-majitel-apelsin-klyukva-myata-950g-2000646352/
1469,https://dixy.ru/product/yogurt-pitevoy-chudo-klubnika-zemlyanika-19-680g-2000227431/
1470,https://dixy.ru/product/napitok-kislomolochnyy-frugurt-klubnika-1-930g-2000599891/
1471,https://dixy.ru/product/bioyogurt-olifeolayf-klyukva-brusnika-15-260g-2000635111/
1472,https://dixy.ru/product/yogurt-pitevoy-epica-kivi-vinograd-25-260g-2000424799/
1473,https://dixy.ru/product/smetana-selo-zelenoe-20-300g-2000637171/
1474,https://dixy.ru/product/smetana-selo-zelenoe-15-300-g-2000323734/
1475,https://dixy.ru/product/smetana-vkusnoteevo-20-300g-2000509714/
1476,https://dixy.ru/product/smetana-khutorok-15-300g-2000411404/
1477,https://dixy.ru/product/smetana-prostokvashino-25-300g-2000100619/
1478,https://dixy.ru/product/smetana-prostokvashino-15-300g-2000024201/
1479,https://dixy.ru/product/smetana-domik-v-derevne-15-300g-2000220967/
1480,https://dixy.ru/product/smetana-brest-litovskaya-15-300g-2000276122/
1481,https://dixy.ru/product/smetana-khutorok-20-300g-2000411407/
1482,https://dixy.ru/product/smetana-piskarevskaya-15-450g-10e0074130/
1483,https://dixy.ru/product/smetana-brest-litovsk-15-bzmj-180-g-2000279280/
1484,https://dixy.ru/product/smetana-rostagroeksport-20-280g-2000544033/
1485,https://dixy.ru/product/smetana-vkusnoteevo-15-300g-2000321071/
1486,https://dixy.ru/product/smetana-domik-v-derevne-15-450g-2000595012/
1487,https://dixy.ru/product/smetana-prostokvashino-10-300g-2000230594/
1488,https://dixy.ru/product/smetana-prostokvashino-20-300g-2000166052/
1489,https://dixy.ru/product/smetana-brest-litovskaya-20-300g-2000276139/
1490,https://dixy.ru/product/smetana-khutorok-10-300g-2000558211/
1491,https://dixy.ru/product/smetana-khutorok-15-180g-2000630351/
1492,https://dixy.ru/product/smetana-khutorok-20-180g-2000630352/
1493,https://dixy.ru/product/smetana-domik-v-derevne-20-300g-2000220966/
1494,https://dixy.ru/product/smetana-reznoy-palisad-15-300-g-2000299726/
1495,https://dixy.ru/product/smetana-brest-litovsk-25-300g-2000630831/
1496,https://dixy.ru/product/produkt-smetannyy-alpiyskaya-korovka-15-400g-2000305304/
1497,https://dixy.ru/product/smetana-bezlaktoznaya-svejee-zavtra-15-300g-2000638115/
1498,https://dixy.ru/product/smetana-rostagroeksport-20-180g-2000509715/
1499,https://dixy.ru/product/smetana-vologodskaya-20-450g-2000599311/
1500,https://dixy.ru/product/smetana-piskarevskaya-20-300g-di00078939/
1501,https://dixy.ru/product/smetana-bolshaya-krujka-15-300g-2000144544/
1502,https://dixy.ru/product/smetana-piskarevskaya-15-200g-10e0074129/
1503,https://dixy.ru/product/biokefir-fitness-time-1-700g-2000647913/
1504,https://dixy.ru/product/kefir-prostokvashino-25-930ml-tst0028202/
1505,https://dixy.ru/product/ryajenka-iz-moloka-nashey-doyki-4-430g-2000643972/
1506,https://dixy.ru/product/kefir-iz-moloka-nashey-doyki-25-900g-2000649333/
1507,https://dixy.ru/product/snejok-iz-moloka-nashey-doyki-32-430g-2000650001/
1508,https://dixy.ru/product/kefir-selo-zelenoe-25-930-ml-bzmj-2000261432/
1509,https://dixy.ru/product/napitok-kislomolochnyy-molvest-protein-max-granat-malina-240g-2000636611/
1510,https://dixy.ru/product/napitok-kislomolochnyy-molvest-protein-max-klubnika-lichi-240g-2000636612/
1511,https://dixy.ru/product/kefir-khutorok-1-900g-2000270999/
1512,https://dixy.ru/product/kefir-khutorok-25-900g-2000282046/
1513,https://dixy.ru/product/kefir-prostokvashino-32-930ml-di00081047/
1514,https://dixy.ru/product/ryajenka-khutorok-4-900g-2000594631/
1515,https://dixy.ru/product/kefir-asenevskaya-ferma-32-900-ml-2000294595/
1516,https://dixy.ru/product/kefir-khutorok-32-900g-2000282040/
1517,https://dixy.ru/product/kefir-ekomilk-25-900ml-2000315336/
1518,https://dixy.ru/product/kefir-prostokvashino-1-bzmj-930-g-2000166045/
1519,https://dixy.ru/product/ryajenka-khutorok-32-430g-2000587053/
1520,https://dixy.ru/product/ryajenka-toplenaya-domik-v-derevne-32-900g-2000313789/
1521,https://dixy.ru/product/kefir-khutorok-32-430g-2000587052/
1522,https://dixy.ru/product/ryajenka-iz-moloka-nashey-doyki-4-900g-2000424896/
1523,https://dixy.ru/product/kefir-ekomilk-32-bzmj-900-ml-2000331970/
1524,https://dixy.ru/product/kefir-domik-v-derevne-32-1000-g-10f0050406/
1525,https://dixy.ru/product/kefirnyy-produkt-domik-v-derevne-1-900g-2000555231/
1526,https://dixy.ru/product/napitok-matsoni-rostagroeksport-kislomolochnyy-32-300g-2000182622/
1527,https://dixy.ru/product/varenets-rostagroeksport-termostatnyy-35-45-320g-2000581091/
1528,https://dixy.ru/product/ryajenka-khutorok-32-900g-2000564271/
1529,https://dixy.ru/product/ryajenka-domik-v-derevne-klubnika-21-260g-2000536773/
1530,https://dixy.ru/product/kefir-vologodskiy-1-930g-2000592511/
1531,https://dixy.ru/product/bioryajenka-4-500-g-2000549091/
1532,https://dixy.ru/product/prostokvasha-termostatnaya-ego-4-300g-2000543672/
1533,https://dixy.ru/product/slivki-vkusnoteevo-ultrapasterizovannye-20-450g-2000509149/
1534,https://dixy.ru/product/slivki-khutorok-ultrapasterizovannye-10-500ml-2000603851/
1535,https://dixy.ru/product/slivki-ultrapasterizovannye-prostokvashino-20-bzmj-200-g-tst0038767/
1536,https://dixy.ru/product/slivki-khutorok-ultrapasterizovannye-20-500g-2000634671/
1537,https://dixy.ru/product/slivki-sterilizovannyeultrapasterizovannye-10-11-v-assortimente-05kg-2000296193/
1538,https://dixy.ru/product/slivki-khutorok-ultrapasterizovannye-20-200ml-2000414240/
1539,https://dixy.ru/product/slivki-domik-v-derevne-sterilizovannye-10-950-g-2000555171/
1540,https://dixy.ru/product/slivki-khutorok-ultrapasterizovannye-10-200ml-2000633011/
1541,https://dixy.ru/product/slivki-vkusnoteevo-ultrapasterizovannye-33-250g-2000605212/
1542,https://dixy.ru/product/slivki-sterilizovannyeultrapasterizovannye-20-22-v-assortimente-05kg-2000304604/
1543,https://dixy.ru/product/slivki-campina-portsionnye-10-10sht-10e0076646/
1544,https://dixy.ru/product/slivki-sterilizovannyeultrapasterizovannye-v-assortimente-30-35-05kg-2000328513/
1545,https://dixy.ru/product/slivki-sterilizovannye-domik-v-derevne-10-480g-tst0002983/
1546,https://dixy.ru/product/slivki-ultrapasterizovannye-10-v-assortimente-1l1kg-2000412693/
1547,https://dixy.ru/product/slivki-pitevye-sterilizovannye-10-v-assortimente-200g-2000210032/
1548,https://dixy.ru/product/slivki-prostokvashino-ultrapasterizovannye-10-205g-2000557211/
1549,https://dixy.ru/product/slivki-sterilizovannye-domik-v-derevne-20-480g-tst0027102/
1550,https://dixy.ru/product/slivki-domik-v-derevne-pasterizovannye-10-270g-2000261332/
1551,https://dixy.ru/product/krem-piskarevskiy-mz-slivochnyy-s-vanilinom-15-250g-10e0074131/
1552,https://dixy.ru/product/slivki-yarmolprod-obereje-10-500g-tst0018271/
1553,https://dixy.ru/product/slivki-portsionnye-ehrmann-10-10-shtkh17g-170g-2000595693/
1554,https://dixy.ru/product/slivki-klever-ultrapasterizovannye-20-500g-2000152945/
1555,https://dixy.ru/product/slivki-bolshaya-krujka-ultrapasterizovannye-20-200ml-2000509756/
1556,https://dixy.ru/product/slivki-klever-ultrapasterizovannye-10-500g-2000575051/
1557,https://dixy.ru/product/slivki-vologjanka-10-470g-tst0018389/
1558,https://dixy.ru/product/slivki-bezlaktoznye-parmalat-ultrapasterizovannye-11-500ml-2000396730/
1559,https://dixy.ru/product/slivki-bolshaya-krujka-ultrapasterizovannye-20-05l-2000648512/
1560,https://dixy.ru/product/slivki-klever-ultrapasterizovannye-dlya-vzbivaniya-500g-2000592557/
1561,https://dixy.ru/product/slivki-vkusnoteevo-ultrapasterizovannye-10-450g-2000262255/
1562,https://dixy.ru/product/krem-vzbityy-alpengurt-kulinar-265-250g-2000599972/
1563,https://dixy.ru/product/moloko-sgushchennoe-alekseevskoe-85-650g-2000165425/
1564,https://dixy.ru/product/moloko-sgushchennoe-alekseevskoe-85-360g-2000270688/
1565,https://dixy.ru/product/moloko-sgushchennoe-rogachev-s-sakharom-85-gost-270g-2000186451/
1566,https://dixy.ru/product/moloko-sgushchennoe-alekseevskoe-varenoe-s-sakharom-8-380g-2000335387/
1567,https://dixy.ru/product/moloko-sgushchennoe-alekseevskoe-s-sakharom-85-270g-t000025031/
1568,https://dixy.ru/product/moloko-sgushchennoe-rogachev-s-sakharom-85-380g-2000014518/
1569,https://dixy.ru/product/moloko-sgushchennoe-khutorok-tselnoe-s-sakharom-85-380g-2000640271/
1570,https://dixy.ru/product/moloko-sgushchennoe-korovka-iz-korenovki-270g-2000347625/
1571,https://dixy.ru/product/moloko-sgushchennoe-varenoe-rogachev-egorka-25-360g-2000645653/
1572,https://dixy.ru/product/sgushchenka-varenaya-pervym-delom-s-sakharom-4-270g-2000609174/
1573,https://dixy.ru/product/sgushchenka-pervym-delom-s-sakharom-1-270g-2000609173/
1574,https://dixy.ru/product/produkt-kislomolochnyy-actimuno-yagodnyy-miks-15-95g-2000299206/
1575,https://dixy.ru/product/napitok-kislomolochnyy-protein-max-latte-makiato-240g-2000646574/
1576,https://dixy.ru/product/napitok-kislomolochnyy-molvest-protein-max-klubnika-lichi-240g-2000636612/
1577,https://dixy.ru/product/kokteyl-molochnyy-rastishka-klubnika-2-210g-2000342679/
1578,https://dixy.ru/product/kokteyl-molochnyy-chudo-shokolad-2-950g-2000155762/
1579,https://dixy.ru/product/kokteyl-molochnyy-top-malina-2-450g-2000646433/
1580,https://dixy.ru/product/kokteyl-molochnyy-ohdessert-plombir-2-900ml-2000618831/
1581,https://dixy.ru/product/napitok-kislomolochnyy-imunele-zemlyanika-12-100g-2000002674/
1582,https://dixy.ru/product/produkt-kislomolochnyy-actimuno-klubnika-15-95g-2000004065/
1583,https://dixy.ru/product/kokteyl-molochnyy-chudo-malinovyy-plombir-2-950g-2000649952/
1584,https://dixy.ru/product/napitok-syvorotochnyy-majitel-apelsin-klyukva-myata-950g-2000646352/
1585,https://dixy.ru/product/molochnyy-kokteyl-top-plombir-2-450g-2000629593/
1586,https://dixy.ru/product/kokteyl-molochnyy-chudo-klubnika-2-950g-2000182561/
1587,https://dixy.ru/product/molochnyy-kokteyl-top-molochnyy-shokolad-2-450g-2000629594/
1588,https://dixy.ru/product/napitok-syvorotochnyy-majitel-ananas-mango-003-950g-2000265597/
1589,https://dixy.ru/product/kokteyl-molochnyy-ohdessert-banan-2-900ml-2000618832/
1590,https://dixy.ru/product/kokteyl-molochnyy-chudo-shokolad-3-200ml-10e0074304/
1591,https://dixy.ru/product/kokteyl-molochnyy-teos-pro-molochnyy-shokolad-330g-2000647332/
1592,https://dixy.ru/product/kokteyl-molochnyy-neo-malina-fistashka-260g-2000642095/
1593,https://dixy.ru/product/kokteyl-molochnyy-top-solenaya-karamel-2-450g-2000646434/
1594,https://dixy.ru/product/kokteyl-molochnyy-proteinovyy-bombbar-klubnichnoe-djelato-350ml-2000635092/
1595,https://dixy.ru/product/kokteyl-molochnyy-proteinovyy-bombbar-shokoladnyy-plombir-350ml-2000635091/
1596,https://dixy.ru/product/napitok-syvorotochnyy-fitness-time-yagodnyy-mokhito-700ml-2000646651/
1597,https://dixy.ru/product/napitok-syvorotochnyy-fitness-time-persik-marakuyya-700ml-2000646652/
1598,https://dixy.ru/product/kokteyl-molochnyy-chudo-orekhovyy-latte-2-270g-2000646354/
1599,https://dixy.ru/product/kokteyl-molochnyy-chudo-klubnika-2-200ml-di00080792/
1600,https://dixy.ru/product/kokteyl-active-energy-arbuz-kryjovnik-05-230ml-2000647031/
1601,https://dixy.ru/product/molochnyy-kokteyl-angelato-klubnika-so-slivkami-2-200ml-2000529160/
1602,https://dixy.ru/product/kokteyl-molochnyy-teos-pro-vanil-330g-2000647331/
1603,https://dixy.ru/product/kokteyl-molochnyy-neo-shokolad-260g-2000642094/
1604,https://dixy.ru/product/napitok-nemoloko-ovsyanyy-klassicheskiy-1l-2000286929/
1605,https://dixy.ru/product/napitok-na-rastitelnom-syre-zinus-kokos-18-1l-2000609031/
1606,https://dixy.ru/product/napitok-na-rastitelnom-syre-zinus-mindal-18-1l-2000609033/
1607,https://dixy.ru/product/napitok-rastitelnyy-zinus-dubayskiy-shokolad-32-1l-2000629172/
1608,https://dixy.ru/product/produkt-ovsyanyy-pitevoy-olifeolayf-chernika-230g-2000638994/
1609,https://dixy.ru/product/napitok-rastitelnyy-selo-zelenoe-ovsyanyy-18-1l-2000635796/
1610,https://dixy.ru/product/napitok-cocogurt-prebiotic-mango-kokos-250ml-2000614671/
1611,https://dixy.ru/product/napitok-nemoloko-ovsyanyy-shokoladnyy-32-1l-2000336264/
1612,https://dixy.ru/product/sok-j7-apelsin-s-myakotyu-085l-2000318246/
1613,https://dixy.ru/product/produkt-ovsyanyy-olifeolayf-malina-ejevika-130g-2000638993/
1614,https://dixy.ru/product/smuzi-j7-kivi-yabloko-ananas-banan-i-mango-03l-2000424992/
1615,https://dixy.ru/product/kisel-olifeolayf-klyukva-500ml-2000624912/
1616,https://dixy.ru/product/produkt-ovsyanyy-olifeolayf-pechenoe-yabloko-130g-2000638991/
1617,https://dixy.ru/product/napitok-rastitelnyy-zinus-protein-multiorekhovoe-18-1l-2000629173/
1618,https://dixy.ru/product/napitok-ovsyanyy-nemoloko-shokoladnyy-250ml-2000292048/
1619,https://dixy.ru/product/napitok-mindalnyy-planto-1l-2000642712/
1620,https://dixy.ru/product/kisel-olifeolayf-chernaya-smorodina-500ml-2000627011/
1621,https://dixy.ru/product/napitok-soevyy-planto-fistashkovyy-plombir-1l-2000635151/
1622,https://dixy.ru/product/napitok-mindalnyy-nemoloko-na-risovoy-osnove-200ml-2000643372/
1623,https://dixy.ru/product/napitok-risovyy-nemoloko-mindal-1l-2000624792/
1624,https://dixy.ru/product/napitok-rastitelnyy-velle-barista-kokosovoe-15-1l-2000635851/
1625,https://dixy.ru/product/napitok-soevyy-planto-s-mindalem-so-vkusom-karameli-1l-2000618993/
1626,https://dixy.ru/product/napitok-kokosovyy-nemoloko-na-risovoy-osnove-1l-2000643371/
1627,https://dixy.ru/product/sok-j7-yabloko-osvetlennyy-085l-2000318247/
1628,https://dixy.ru/product/napitok-nemoloko-ovsyanyy-klassicheskiy-layt-15-1l-2000292047/
1629,https://dixy.ru/product/napitok-planto-mindalnyy-1l-2000411028/
1630,https://dixy.ru/product/napitok-kokosovyy-planto-s-risom-1l-2000411037/
1631,https://dixy.ru/product/napitok-kokosovyy-velle-klassicheskiy-15-1l-2000538092/
1632,https://dixy.ru/product/napitok-mindalnyy-velle-klassicheskiy-15-1l-2000544532/
1633,https://dixy.ru/product/produkt-ovsyanyy-velle-kasha-s-kuragoy-170-g-2000562492/
1634,https://dixy.ru/product/kefir-iz-moloka-nashey-doyki-25-900g-2000649333/
1635,https://dixy.ru/product/snejok-iz-moloka-nashey-doyki-32-430g-2000650001/
1636,https://dixy.ru/product/napitok-kislomolochnyy-ayran-elnatior-negazirovannyy-05-1l-2000645935/
1637,https://dixy.ru/product/varenets-khutorok-32-200g-2000650894/
1638,https://dixy.ru/product/napitok-kislomolochnyy-elnatior-tan-gazirovannyy-05-05l-2000645934/
1639,https://dixy.ru/product/katyk-rostagroeksport-termostatnyy-4-300g-2000591274/
1640,https://dixy.ru/product/ayran-molochnye-gorki-ayran-po-turetski-s-solyu-15-220-g-bzmj-2000325437/
1641,https://dixy.ru/product/atsidofilin-khutorok-32-200g-2000650893/
1642,https://dixy.ru/product/prostokvasha-slavyanskie-traditsii-4-380g-2000613552/
1643,https://dixy.ru/product/ryajenka-bolshaya-krujka-pechenoe-yabloko-35-800g-2000638113/
1644,https://dixy.ru/product/ryajenka-ramoz-arefinskaya-35-500-g-2000594671/
1645,https://dixy.ru/product/atsidofilin-muromskoe-podvore-25-300g-2000612912/
1646,https://dixy.ru/product/ayran-khalalmilk-1-500g-2000618451/
1647,https://dixy.ru/product/tan-rostagroeksport-s-ogurtsom-i-ukropom-05-1l-2000638474/
1648,https://dixy.ru/product/kefir-rogachev-15-900g-2000650776/
1649,https://dixy.ru/product/kefir-rogachev-25-900g-2000650777/
1650,https://dixy.ru/product/kefir-rogachev-32-900g-2000650778/
1651,https://dixy.ru/product/tayran-po-turetski-solenyy-ogurets-s-ukropom-15-220g-2000649733/
1652,https://dixy.ru/product/pirojnoe-biskvitnoe-kinder-pingui-s-molochnoy-nachinkoy-30g-2000000033/
1653,https://dixy.ru/product/pirojnoe-biskvitnoe-kinder-molochnyy-lomtik-so-vkusom-persika-i-marakuyi-28g-2000646251/
1654,https://dixy.ru/product/puding-selo-zelenoe-shokolad-3-120g-2000643731/
1655,https://dixy.ru/product/puding-bezlaktoznyy-ehrmann-shokolad-15-200g-2000410780/
1656,https://dixy.ru/product/puding-selo-zelenoe-karamel-3-120-g-2000590172/
1657,https://dixy.ru/product/vafelnaya-trubochka-khutorok-plombir-65g-2000608091/
1658,https://dixy.ru/product/puding-grand-dessert-molochnyy-shokolad-52-200g-2000245392/
1659,https://dixy.ru/product/pirojnoe-biskvitnoe-kinder-molochnyy-lomtik-5kh28g-2000267486/
1660,https://dixy.ru/product/pirojnoe-biskvitnoe-kinder-molochnyy-lomtik-28g-2000000034/
1661,https://dixy.ru/product/trubochka-vafelnaya-khutorok-so-sgushchennym-molokom-70g-2000320935/
1662,https://dixy.ru/product/vishnya-v-jele-rostagroeksport-150g-2000510710/
1663,https://dixy.ru/product/puding-grand-dessert-belyy-shokolad-i-klubnichnyy-muss-6-200g-2000293604/
1664,https://dixy.ru/product/desert-djeleo-s-sokom-vishni-persika-yabloka-04-150g-2000231751/
1665,https://dixy.ru/product/sufle-arostagrokompleks-vanilnoe-v-molochnom-shokolade-40g-2000550211/
1666,https://dixy.ru/product/desert-kolomenskiy-panna-cotta-slivki-i-malina-9-160-g-2000551454/
1667,https://dixy.ru/product/sufle-arostagrokompleks-so-sgushchennym-varenym-molokom-15-40g-2000641933/
1668,https://dixy.ru/product/jele-ouchauch-so-vkusom-babl-gam-170g-2000637791/
1669,https://dixy.ru/product/krem-piskarevskiy-mz-slivochnyy-s-vanilinom-15-250g-10e0074131/
1670,https://dixy.ru/product/puding-ehrmann-grand-dessert-solenaya-karamel-47-200g-2000342463/
1671,https://dixy.ru/product/puding-bezlaktoznyy-ehrmann-vanil-15-200g-2000410777/
1672,https://dixy.ru/product/pirojnoe-milka-choco-snack-s-kremom-v-molochnom-shokolade-32-g-2000296503/
1673,https://dixy.ru/product/puding-kolomenskiy-shokolad-13-160g-2000644332/
1674,https://dixy.ru/product/puding-kolomenskoe-klenovyy-sirop-13-160g-2000631254/
1675,https://dixy.ru/product/yogurt-viola-grecheskiy-bez-laktozy-4-180g-2000646203/
1676,https://dixy.ru/product/desert-rostagroeksport-tvorojnye-konfety-sgushchenka-15-40g-2000647351/
1677,https://dixy.ru/product/jele-ouchauch-so-vkusom-kola-170g-2000637792/
1678,https://dixy.ru/product/puding-bezlaktoznyy-ehrmann-karamel-15-200g-2000627431/
1679,https://dixy.ru/product/puding-molochnyy-ehrmann-grand-dessert-vanil-47-200g-2000245394/
1680,https://dixy.ru/product/zefir-zgdiop-imvppastukhova-vanil-60-g-2000421860/
1681,https://dixy.ru/product/vafli-kinder-maxi-king-s-shokoladom-i-karamelyu-35-g-2000000035/
1682,https://dixy.ru/product/biokefir-fitness-time-1-700g-2000647913/
1683,https://dixy.ru/product/kefir-prostokvashino-25-930ml-tst0028202/
1684,https://dixy.ru/product/kefir-iz-moloka-nashey-doyki-25-900g-2000649333/
1685,https://dixy.ru/product/snejok-iz-moloka-nashey-doyki-32-430g-2000650001/
1686,https://dixy.ru/product/kefir-selo-zelenoe-25-930-ml-bzmj-2000261432/
1687,https://dixy.ru/product/kefir-khutorok-1-900g-2000270999/
1688,https://dixy.ru/product/kefir-khutorok-25-900g-2000282046/
1689,https://dixy.ru/product/kefir-prostokvashino-32-930ml-di00081047/
1690,https://dixy.ru/product/kefir-asenevskaya-ferma-32-900-ml-2000294595/
1691,https://dixy.ru/product/kefir-khutorok-32-900g-2000282040/
1692,https://dixy.ru/product/kefir-ekomilk-25-900ml-2000315336/
1693,https://dixy.ru/product/kefir-prostokvashino-1-bzmj-930-g-2000166045/
1694,https://dixy.ru/product/kefir-khutorok-32-430g-2000587052/
1695,https://dixy.ru/product/kefir-ekomilk-32-bzmj-900-ml-2000331970/
1696,https://dixy.ru/product/kefir-domik-v-derevne-32-1000-g-10f0050406/
1697,https://dixy.ru/product/kefirnyy-produkt-domik-v-derevne-1-900g-2000555231/
1698,https://dixy.ru/product/kefir-vologodskiy-1-930g-2000592511/
1699,https://dixy.ru/product/kefir-piskarevskiy-25-900g-2000017481/
1700,https://dixy.ru/product/varenets-khutorok-32-200g-2000650894/
1701,https://dixy.ru/product/kefir-bolshaya-krujka-25-500g-2000549597/
1702,https://dixy.ru/product/biokefir-bolshaya-krujka-1-500g-2000549599/
1703,https://dixy.ru/product/kefir-vologodskiy-1-470g-2000577520/
1704,https://dixy.ru/product/atsidofilin-khutorok-32-200g-2000650893/
1705,https://dixy.ru/product/kefir-khutorok-1-400g-2000622671/
1706,https://dixy.ru/product/biokefir-zdravushka-1-930g-2000224737/
1707,https://dixy.ru/product/kefir-suzdalskiy-mz-32-930ml-2000326451/
1708,https://dixy.ru/product/kefir-rybinskiy-mz-25-bzmj-1kg-2000251094/
1709,https://dixy.ru/product/kefir-vologodskiy-25-500g-2000177121/
1710,https://dixy.ru/product/kefir-bejin-lug-1-925g-2000647496/
1711,https://dixy.ru/product/kefir-piskarevskiy-1-1l-2000294443/
1712,https://dixy.ru/product/ryajenka-iz-moloka-nashey-doyki-4-430g-2000643972/
1713,https://dixy.ru/product/ryajenka-agusha-klubnika-29-180g-2000281472/
1714,https://dixy.ru/product/ryajenka-agusha-32-180g-2000281487/
1715,https://dixy.ru/product/ryajenka-khutorok-4-900g-2000594631/
1716,https://dixy.ru/product/ryajenka-khutorok-32-430g-2000587053/
1717,https://dixy.ru/product/ryajenka-toplenaya-domik-v-derevne-32-900g-2000313789/
1718,https://dixy.ru/product/ryajenka-iz-moloka-nashey-doyki-4-900g-2000424896/
1719,https://dixy.ru/product/varenets-rostagroeksport-termostatnyy-35-45-320g-2000581091/
1720,https://dixy.ru/product/ryajenka-khutorok-32-900g-2000564271/
1721,https://dixy.ru/product/ryajenka-domik-v-derevne-klubnika-21-260g-2000536773/
1722,https://dixy.ru/product/bioryajenka-4-500-g-2000549091/
1723,https://dixy.ru/product/prostokvasha-termostatnaya-ego-4-300g-2000543672/
1724,https://dixy.ru/product/snejok-khutorok-25-430g-2000604081/
1725,https://dixy.ru/product/ryajenka-bolshaya-krujka-4-500g-2000549596/
1726,https://dixy.ru/product/atsidobifilin-piskarevskiy-25-500g-2000549191/
1727,https://dixy.ru/product/atsidobifilin-sladkiy-piskarevskiy-mz-22-500g-2000207293/
1728,https://dixy.ru/product/ryajenka-bolshaya-krujka-4-750g-2000546511/
1729,https://dixy.ru/product/ryajenka-termostatnaya-ego-32-300g-2000543673/
1730,https://dixy.ru/product/ryajenka-khutorok-4-400g-2000210009/
1731,https://dixy.ru/product/prostokvasha-slavyanskie-traditsii-4-380g-2000613552/
1732,https://dixy.ru/product/ryajenka-domik-v-derevne-toplenoe-moloko-25-270g-2000536771/
1733,https://dixy.ru/product/napitok-kislomolochnyy-vologodskiy-snejok-25-470g-2000177125/
1734,https://dixy.ru/product/snejok-domik-v-derevne-25-270g-2000536774/
1735,https://dixy.ru/product/ryajenka-shklovskiy-molochnik-35-09kg-2000543330/
1736,https://dixy.ru/product/napitok-kislomolochnyy-bejin-lug-snejok-25-450ml-2000174450/
1737,https://dixy.ru/product/ryajenka-bejin-lug-32-450g-2000174436/
1738,https://dixy.ru/product/ryajenka-bolshaya-krujka-pechenoe-yabloko-35-800g-2000638113/
1739,https://dixy.ru/product/produkt-kislomolochnyy-yarmolprod-snejok-25-500ml-tst0018263/
1740,https://dixy.ru/product/prostokvasha-vologjanka-27-470g-2000076419/
1741,https://dixy.ru/product/ryajenka-vologjanka-4-470g-2000040939/
1742,https://dixy.ru/product/bioyogurt-aktibio-3-kivi-klubnika-bez-sakhara-130g-2000645278/
1743,https://dixy.ru/product/tvorojok-danissimo-s-sochnym-kivi-55-130g-2000003585/
1744,https://dixy.ru/product/tvorojok-danissimo-s-izyskannym-shokoladom-67-130g-2000004079/
1745,https://dixy.ru/product/tvorojok-prostokvashino-golubika-banan-36-110g-2000602477/
1746,https://dixy.ru/product/desert-tvorojnyy-prostokvashino-vishnya-banan-110g-2000533552/
1747,https://dixy.ru/product/produkt-tvorojnyy-danissimo-s-khrustyashchimi-sharikami-72-130g-2000004081/
1748,https://dixy.ru/product/desert-tvorojnyy-vzbityy-chudo-klubnika-zemlyanika-4-100g-tst0000999/
1749,https://dixy.ru/product/produkt-tvorojnyy-prostokvashino-klubnika-zemlyanika-36-110g-2000642533/
1750,https://dixy.ru/product/produkt-tvorojnyy-prostokvashino-persik-abrikos-36-110g-2000642531/
1751,https://dixy.ru/product/produkt-tvorojnyy-prostokvashino-malina-36-110g-2000642534/
1752,https://dixy.ru/product/tvorojok-danissimo-so-vkusom-plombira-54-130-g-2000158869/
1753,https://dixy.ru/product/desert-tvorojnyy-prostokvashino-ananas-banan-110g-2000533553/
1754,https://dixy.ru/product/produkt-tvorojnyy-danissimo-malinovyy-plombir-56-130g-2000596141/
1755,https://dixy.ru/product/produkt-tvorojnyy-prostokvashino-grusha-banan-36-110g-2000642532/
1756,https://dixy.ru/product/desert-tvorojnyy-vzbityy-chudo-vishnya-chereshnya-4-100g-2000095259/
1757,https://dixy.ru/product/yogurt-kolomenskiy-greypfrut-ananas-zemlyanika-5-170g-2000645493/
1758,https://dixy.ru/product/yogurt-bezlaktoznyy-pro-complex-mango-malina-2-130g-2000649999/
1759,https://dixy.ru/product/yogurt-bezlaktoznyy-pro-complex-persik-matcha-2-130g-2000649998/
1760,https://dixy.ru/product/pasta-tvorojnaya-savushkin-kokos-i-mindal-35-120g-2000331251/
1761,https://dixy.ru/product/produkt-tvorojnyy-danissimo-chernichnyy-plombir-56-130g-2000625871/
1762,https://dixy.ru/product/pasta-tvorojnaya-savushkin-produkt-desertnaya-s-vishney-35-120g-2000331492/
1763,https://dixy.ru/product/pasta-tvorojnaya-savushkin-klubnika-35-120g-2000500449/
1764,https://dixy.ru/product/produkt-tvorojnyy-danissimo-mindalno-kokosovyy-desert-68-130g-2000628791/
1765,https://dixy.ru/product/produkt-tvorojnyy-frugurt-tvorojok-chernika-17-145g-2000649116/
1766,https://dixy.ru/product/pasta-tvorojnaya-savushkin-grusha-i-banan-35-120g-2000500440/
1767,https://dixy.ru/product/produkt-tvorojnyy-danissimo-klubnichnyy-krem-bryule-57-130g-2000618240/
1768,https://dixy.ru/product/desert-tvorojnyy-vzbityy-chudo-grusha-persik-42-100g-di00080773/
1769,https://dixy.ru/product/pasta-tvorojnaya-savushkin-so-vkusom-chizkeyka-35-120-g-2000331252/
1770,https://dixy.ru/product/yogurt-kolomenskiy-49-malinovoe-frappe-250g-2000645492/
1771,https://dixy.ru/product/desert-tvorojnyy-vzbityy-chudo-chernika-42-100-g-di00080774/
1772,https://dixy.ru/product/baton-nareznoy-kolomenskoe-narezka-400g-tst0030784/
1773,https://dixy.ru/product/baton-khlebnyy-dom-zvezdnyy-350g-2000337756/
1774,https://dixy.ru/product/baton-cheremushki-nareznoy-400g-2000276359/
1775,https://dixy.ru/product/khleb-pshenichnyy-harrys-470g-2000002595/
1776,https://dixy.ru/product/baton-khlebnyy-dom-domashniy-230g-2000181102/
1777,https://dixy.ru/product/khleb-khlebnyy-dom-tostovyy-pshenichnyy-350g-2000410110/
1778,https://dixy.ru/product/khleb-vkusno-i-prosto-tostovyy-pshenichnyy-320g-2000539394/
1779,https://dixy.ru/product/khleb-khlebnyy-dom-tostovyy-narezka-500g-2000019318/
1780,https://dixy.ru/product/baton-kolomenskiy-nareznoy-200g-2000178893/
1781,https://dixy.ru/product/baton-khlebnyy-dom-moskovskiy-nareznoy-narezka-350g-2000081179/
1782,https://dixy.ru/product/baton-lyubimye-traditsii-nareznoy-narezka-380g-2000208381/
1783,https://dixy.ru/product/baton-khlebnyy-dom-utrenniy-400g-2000178916/
1784,https://dixy.ru/product/baton-nareznoy-vs-nareznoy-dedovskiy-khleb-400g-2000419696/
1785,https://dixy.ru/product/baton-kolomenskiy-pshenichnyy-s-otrubyami-narezka-300g-tst0030782/
1786,https://dixy.ru/product/baton-russkiy-khleb-nareznoy-narezka-400g-2000193932/
1787,https://dixy.ru/product/baton-na-pshenichnoy-opare-svejiy-rumyanets-karavay-400g-2000559955/
1788,https://dixy.ru/product/khleb-harrys-pshenichnyy-s-otrubyami-515g-2000002596/
1789,https://dixy.ru/product/khleb-dlya-tostov-karavay-klassicheskiy-500g-2000600772/
1790,https://dixy.ru/product/khleb-tostovyy-lyubimye-traditsii-pshenichnyy-320g-2000615571/
1791,https://dixy.ru/product/baton-cheremushki-polyushko-narezka-300g-2000276371/
1792,https://dixy.ru/product/baton-khlebozavod-28-nareznoy-narezka-380-g-2000281037/
1793,https://dixy.ru/product/khleb-lyubimye-traditsii-tostovyy-narezka-500g-2000631113/
1794,https://dixy.ru/product/baton-cheremushki-nareznoy-narezka-200g-2000636631/
1795,https://dixy.ru/product/baton-nashe-solnyshko-v-narezke-195g-2000157964/
1796,https://dixy.ru/product/baton-karavay-solnyshko-v-narezke-400g-2000103499/
1797,https://dixy.ru/product/khleb-zernovoy-sibirskiy-pekar-6-zlakov-s-polboy-280g-2000632472/
1798,https://dixy.ru/product/khleb-zernovoy-olifeolayf-multizlakovyy-so-lnom-narezka-280g-2000638791/
1799,https://dixy.ru/product/khlebets-karavay-chernyy-yantar-zerno-i-solod-300g-2000575131/
1800,https://dixy.ru/product/khleb-fermerskiy-na-syvorotke-2000572392/
1801,https://dixy.ru/product/baton-khlebnyy-dom-utrenniy-polovinka-200g-2000576331/
1802,https://dixy.ru/product/khleb-khlebnyy-dom-stroynyy-retsept-bezdrojjevoy-narezka-350g-2000220293/
1803,https://dixy.ru/product/khleb-bezdrojjevoy-kolomenskoe-danilovskiy-350g-2000563331/
1804,https://dixy.ru/product/khleb-kolomenskiy-rjanoy-kray-zernovoy-narezka-300g-2000203640/
1805,https://dixy.ru/product/khleb-kolomenskiy-rjanoy-kray-zavarnoy-narezka-300g-2000195093/
1806,https://dixy.ru/product/khleb-khlebnyy-dom-gerkules-s-kukuruzoy-polovinka-narezka-255g-2000313928/
1807,https://dixy.ru/product/lepeshki-mission-so-zlakami-250g-2000262611/
1808,https://dixy.ru/product/lepeshki-delicados-tortili-pshenichnye-syrnye-400g-2000155501/
1809,https://dixy.ru/product/khleb-energiya-zdorovya-podovyy-s-zernami-i-semenami-300g-2000247891/
1810,https://dixy.ru/product/khleb-khlebnyy-dom-gerkules-zernovoy-polovina-250g-2000169907/
1811,https://dixy.ru/product/khleb-danilovskiy-zernovoy-narezka-300g-2000320268/
1812,https://dixy.ru/product/lavash-mission-derevenskiy-270g-2000529171/
1813,https://dixy.ru/product/khleb-kolomenskiy-darnitskiy-formovoy-v-upakovke-350g-2000125779/
1814,https://dixy.ru/product/khleb-cheremushki-stolichnyy-v-narezke-330g-2000276364/
1815,https://dixy.ru/product/khlebtsy-zdorovyy-kray-zernovye-260g-2000281818/
1816,https://dixy.ru/product/baton-kolomenskiy-pshenichnyy-s-otrubyami-narezka-300g-tst0030782/
1817,https://dixy.ru/product/khleb-cheremushki-zernovik-nareznoy-460g-2000276369/
1818,https://dixy.ru/product/khleb-khlebnyy-dom-marin-zavarnoy-narezka-350g-2000178919/
1819,https://dixy.ru/product/khleb-khlebnyy-dom-gerkules-s-otrubyami-polovinka-narezka-250g-2000177092/
1820,https://dixy.ru/product/khleb-cheremushki-borodinskiy-polovina-390g-2000276360/
1821,https://dixy.ru/product/khlebtsy-burje-shvedskie-s-semenami-280g-2000337794/
1822,https://dixy.ru/product/khleb-harrys-pshenichnyy-s-otrubyami-515g-2000002596/
1823,https://dixy.ru/product/khleb-dlya-tostov-karavay-klassicheskiy-500g-2000600772/
1824,https://dixy.ru/product/khleb-kolomenskiy-borodinskiy-s-koriandrom-polovinka-200g-tst0030781/
1825,https://dixy.ru/product/khleb-lyubimye-traditsii-borodinskiy-narezka-400g-2000615572/
1826,https://dixy.ru/product/khleb-karavay-stolovyy-polovina-narezka-375g-2000001893/
1827,https://dixy.ru/product/krayushki-khlebnyy-dom-rjano-pshenichnye-4kh60g-di00079786/
1828,https://dixy.ru/product/khleb-kolomenskiy-danilovskiy-na-pshenichnoy-zakvaske-250g-2000595653/
1829,https://dixy.ru/product/khleb-lyubimye-traditsii-tostovyy-narezka-500g-2000631113/
1830,https://dixy.ru/product/khleb-karavay-rjanoy-iz-obdirnoy-muki-narezka-380g-2000002594/
1831,https://dixy.ru/product/lavash-arnaut-tandyrnyy-bezdrojjevoy-200g-2000559576/
1832,https://dixy.ru/product/kruassan-7-days-s-kremom-kakao-4sht-2000213151/
1833,https://dixy.ru/product/mini-kruassany-7-days-s-kremom-kakao-300g-2000272273/
1834,https://dixy.ru/product/kruassany-7-days-mini-s-kremom-vanil-300g-2000272269/
1835,https://dixy.ru/product/khleb-dlya-tostov-karavay-klassicheskiy-500g-2000600772/
1836,https://dixy.ru/product/khleb-lyubimye-traditsii-tostovyy-narezka-500g-2000631113/
1837,https://dixy.ru/product/khleb-zernovoy-sibirskiy-pekar-6-zlakov-s-polboy-280g-2000632472/
1838,https://dixy.ru/product/khleb-zernovoy-olifeolayf-multizlakovyy-so-lnom-narezka-280g-2000638791/
1839,https://dixy.ru/product/khlebets-karavay-chernyy-yantar-zerno-i-solod-300g-2000575131/
1840,https://dixy.ru/product/khleb-khlebnyy-dom-sila-zlakov-rjano-pshenichnyy-zerna-rji-300g-2000605813/
1841,https://dixy.ru/product/khleb-karavay-borodinskiy-obed-polovinka-350g-2000634115/
1842,https://dixy.ru/product/plyushka-kolomenskoe-moskovskaya-150g-tst0030790/
1843,https://dixy.ru/product/keks-khlebnyy-dom-yagodnoe-lukoshko-s-vishney-2kh70g-di00080307/
1844,https://dixy.ru/product/keks-khlebnyy-dom-yagodnoe-lukoshko-s-chernikoy-2kh70g-2000285932/
1845,https://dixy.ru/product/pirojok-s-kapustoy-i-yaytsom-2000621171/
1846,https://dixy.ru/product/mini-maffiny-russkiy-biskvit-varenaya-sgushchenka-465g-2000327861/
1847,https://dixy.ru/product/bulochka-lyubimye-traditsii-sdobnaya-100g-2000216817/
1848,https://dixy.ru/product/bulochki-kolomenskoe-sdobnye-na-slivochnom-masle-200g-2000297523/
1849,https://dixy.ru/product/pirojok-s-kartofelem-i-lukom-2000621173/
1850,https://dixy.ru/product/khleb-darnitsa-rjanoy-podovyy-polovinka-narezka-380g-2000624675/
1851,https://dixy.ru/product/mini-kruassany-7days-klubnika-265g-2000598113/
1852,https://dixy.ru/product/pirog-karavay-s-klubnikoy-230g-2000624975/
1853,https://dixy.ru/product/mini-maffiny-russkiy-biskvit-shokolad-465g-2000544271/
1854,https://dixy.ru/product/sochni-tvorojnye-darnitsa-2kh60g-120g-2000189268/
1855,https://dixy.ru/product/vatrushka-master-pirogov-kolomenskaya-s-tvorogom-100g-2000123614/
1856,https://dixy.ru/product/bulochka-lyubimye-traditsii-kaloriyka-100g-2000216811/
1857,https://dixy.ru/product/sloyka-s-vishney-2000554434/
1858,https://dixy.ru/product/sochen-khlebozavod-28-s-tvorogom-110g-2000281027/
1859,https://dixy.ru/product/bulochka-darnitsa-s-abrikosovoy-nachinkoy-75g-2000415881/
1860,https://dixy.ru/product/pirog-domashniy-s-tvorojnoy-nachinkoy-2000582991/
1861,https://dixy.ru/product/sloyka-master-pirogov-venskiy-konvertik-abrikos-persik-70g-2000300664/
1862,https://dixy.ru/product/lepeshki-mission-so-vkusom-syra-250g-2000588752/
1863,https://dixy.ru/product/lepeshki-mission-so-zlakami-250g-2000262611/
1864,https://dixy.ru/product/lepeshki-delicados-tortili-pshenichnye-syrnye-400g-2000155501/
1865,https://dixy.ru/product/lavash-armyanskiy-tonkiy-360g-tst0025734/
1866,https://dixy.ru/product/lepeshki-pshenichnye-mission-deli-tortili-originalnye-250-g-2000211329/
1867,https://dixy.ru/product/lavash-mission-derevenskiy-270g-2000529171/
1868,https://dixy.ru/product/lavash-dom-vypechki-kruglyy-bezdrojjevoy-150g-2000624435/
1869,https://dixy.ru/product/khleb-dlya-tostov-karavay-klassicheskiy-500g-2000600772/
1870,https://dixy.ru/product/khleb-lyubimye-traditsii-tostovyy-narezka-500g-2000631113/
1871,https://dixy.ru/product/lavash-kruglyy-khlebnyy-dom-syrnyy-120g-2000624677/
1872,https://dixy.ru/product/lavash-arnaut-tandyrnyy-bezdrojjevoy-200g-2000559576/
1873,https://dixy.ru/product/khleb-zernovoy-sibirskiy-pekar-6-zlakov-s-polboy-280g-2000632472/
1874,https://dixy.ru/product/khleb-zernovoy-olifeolayf-multizlakovyy-so-lnom-narezka-280g-2000638791/
1875,https://dixy.ru/product/khleb-khlebnyy-dom-sila-zlakov-rjano-pshenichnyy-zerna-rji-300g-2000605813/
1876,https://dixy.ru/product/khleb-karavay-borodinskiy-obed-polovinka-350g-2000634115/
1877,https://dixy.ru/product/lepeshka-ryazankhleb-pita-turetskaya-5kh80g-400g-2000295723/
1878,https://dixy.ru/product/lavash-kruglyy-khlebnyy-dom-pshenichnyy-120g-2000624678/
1879,https://dixy.ru/product/lavash-arnaut-armyanskiy-mini-8-sht-200g-2000552812/
1880,https://dixy.ru/product/khleb-darnitsa-rjanoy-podovyy-polovinka-narezka-380g-2000624675/
1881,https://dixy.ru/product/pirog-karavay-s-klubnikoy-230g-2000624975/
1882,https://dixy.ru/product/lepeshka-tomaty-s-bazilikom-2000275241/
1883,https://dixy.ru/product/khleb-khlebnyy-dom-stolichnyy-narezka-350g-2000632591/
1884,https://dixy.ru/product/khleb-rijskiy-khleb-aromatnyy-s-izyumom-300g-2000640492/
1885,https://dixy.ru/product/lavash-natsionalnye-khleba-vostochnyy-250g-2000553052/
1886,https://dixy.ru/product/lavashi-malyshi-arnaut-syrnye-140g-2000605811/
1887,https://dixy.ru/product/lavash-ip-babayan-an-armyanskiy-300g-2000541813/
1888,https://dixy.ru/product/khleb-avangard-okskiy-narezka-300g-2000617261/
1889,https://dixy.ru/product/khleb-darnitskiy-v-upakovke-350g-2000584771/
1890,https://dixy.ru/product/khleb-kolomenskoe-dvinskiy-350g-2000604851/
1891,https://dixy.ru/product/khleb-vyaznikovskiy-khk-vkusnyy-khleb-darnitskiy-325g-2000609553/
1892,https://dixy.ru/product/mini-khlebtsy-risovye-frutonyanya-yabloko-klubnika-i-banan-30g-2000532453/
1893,https://dixy.ru/product/khlebtsy-zdorovyy-kray-zernovye-260g-2000281818/
1894,https://dixy.ru/product/khlebtsy-burje-shvedskie-s-semenami-280g-2000337794/
1895,https://dixy.ru/product/khleb-dlya-tostov-karavay-klassicheskiy-500g-2000600772/
1896,https://dixy.ru/product/khlebtsy-karavay-finskie-rjano-pshenichnye-240g-2000300576/
1897,https://dixy.ru/product/khleb-khlebnyy-dom-sila-zlakov-rjano-pshenichnyy-zerna-rji-300g-2000605813/
1898,https://dixy.ru/product/khlebtsy-rjanye-magic-grain-semena-lna-kunjuta-i-podsolnechnika-160g-2000309315/
1899,https://dixy.ru/product/khleb-elizaveta-vafelnyy-lnyanoy-55g-2000315424/
1900,https://dixy.ru/product/khlebtsy-molodtsy-layt-vafelnye-70-g-2000163909/
1901,https://dixy.ru/product/khlebtsy-tselnozernovye-fitneslayn-mineral-plyus-100g-t000024332/
1902,https://dixy.ru/product/khlebtsy-molodtsy-fitnes-liniya-tselnozernovye-100g-tst0039957/
1903,https://dixy.ru/product/khlebtsy-molodtsy-vafelnye-layt-rjanye-70g-2000072099/
1904,https://dixy.ru/product/khlebtsy-fitstart-vkus-v-assortimente-100g-2000298223/
1905,https://dixy.ru/product/khlebtsy-shchedrye-rjanye-tonkie-170g-2000288000/
1906,https://dixy.ru/product/khlebtsy-borodinskie-shchedrye-khrustyashchie-100g-2000193850/
1907,https://dixy.ru/product/khlebtsy-drkorner-khrustyashchie-grechnevye-s-vitaminami-100g-2000136520/
1908,https://dixy.ru/product/baton-nareznoy-arnaut-vysshiy-300g-2000605812/
1909,https://dixy.ru/product/khlebtsy-drkorner-kukuruzno-risovye-karamelnye-90g-2000271583/
1910,https://dixy.ru/product/lavashi-malyshi-arnaut-syrnye-140g-2000605811/
1911,https://dixy.ru/product/desert-zlakovyy-drkorner-grechnevyy-klubnika-yogurt-34g-2000650614/
1912,https://dixy.ru/product/khlebtsy-kruazett-rjanye-tonkie-200g-2000163917/
1913,https://dixy.ru/product/khleb-kolomenskoe-dvinskiy-350g-2000604851/
1914,https://dixy.ru/product/khleb-pereslavskiy-khz-darnitskiy-novyy-narezka-325g-2000591291/
1915,https://dixy.ru/product/khlebtsy-ogo-kukuruznye-75-g-2000273681/
1916,https://dixy.ru/product/baton-gorchichnyy-svejiy-khleb-narezannyy-350g-2000600552/
1917,https://dixy.ru/product/khleb-rjanoy-prostoy-s-otrubyami-narezka-350-g-2000588131/
1918,https://dixy.ru/product/khleb-jukovskiy-khleb-bezdrojjevoy-350g-2000608231/
1919,https://dixy.ru/product/desert-zlakovyy-drkorner-risovyy-apelsin-yogurt-34g-2000650612/
1920,https://dixy.ru/product/desert-zlakovyy-drkorner-risovyy-klubnika-yogurt-34g-2000650616/
1921,https://dixy.ru/product/khlebtsy-shchedrye-rjanye-100g-2000163918/
1922,https://dixy.ru/product/baton-lyubimye-traditsii-nareznoy-narezka-380g-2000208381/
1923,https://dixy.ru/product/khleb-tostovyy-lyubimye-traditsii-pshenichnyy-320g-2000615571/
1924,https://dixy.ru/product/khleb-lyubimye-traditsii-borodinskiy-narezka-400g-2000615572/
1925,https://dixy.ru/product/khleb-lyubimye-traditsii-tostovyy-narezka-500g-2000631113/
1926,https://dixy.ru/product/khleb-zernovoy-olifeolayf-multizlakovyy-so-lnom-narezka-280g-2000638791/
1927,https://dixy.ru/product/baton-pervym-delom-nareznoy-narezka-300g-2000230013/
1928,https://dixy.ru/product/khleb-lyubimye-traditsii-darnitskiy-320g-2000208378/
1929,https://dixy.ru/product/khleb-pervym-delom-darnitskiy-gost-narezka-650g-2000230691/
1930,https://dixy.ru/product/baton-pervym-delom-novyy-380g400g-2000322111/
1931,https://dixy.ru/product/khleb-pervym-delom-ukrainskiy-rjano-pshenichnyy-700g-2000208375/
1932,https://dixy.ru/product/khleb-pervym-delom-darnitskiy-narezka-325g-2000642952/
1933,https://dixy.ru/product/bulochka-lyubimye-traditsii-sdobnaya-100g-2000216817/
1934,https://dixy.ru/product/bulochka-lyubimye-traditsii-kaloriyka-100g-2000216811/
1935,https://dixy.ru/product/sloyka-lyubimye-traditsii-sverdlovskaya-v-assortimente-90g100g-2000216814/
1936,https://dixy.ru/product/baton-lyubimye-traditsii-nareznoy-lyubitelskiy-narezka-350g-2000561451/
1937,https://dixy.ru/product/sloyka-lyubimye-traditsii-s-vishney-80g-2000637233/
1938,https://dixy.ru/product/lavash-lyubimye-traditsii-armyanskiy-300g-2000627013/
1939,https://dixy.ru/product/lepeshka-lyubimye-traditsii-uzbekskaya-250g-2000627012/
1940,https://dixy.ru/product/lepeshka-kruglaya-350g-2000627193/
1941,https://dixy.ru/product/khleb-lyubimye-traditsii-darnitskiy-narezka-160g-2000637232/
1942,https://dixy.ru/product/khleb-rjano-pshenichnyy-lyubimye-traditsii-borodinskiy-narezka-350g-2000638615/
1943,https://dixy.ru/product/baton-lyubimye-traditsii-s-otrubyami-narezka-300g-2000638614/
1944,https://dixy.ru/product/khleb-lyubimye-traditsii-tostovyy-narezka-250g-2000638613/
1945,https://dixy.ru/product/plyushka-lyubimye-traditsii-moskovskaya150g-2000216812/
1946,https://dixy.ru/product/sloyka-lyubimye-traditsii-voskresenskaya-80g-2000319043/
1947,https://dixy.ru/product/sloyka-lyubimye-traditsii-s-syrom-80g-2000555471/
1948,https://dixy.ru/product/sloyka-lyubimye-traditsii-s-malinoy-80g-2000637231/
1949,https://dixy.ru/product/khleb-olifeolayf-pshenichnyy-s-semenami-lna-i-morkovyu-narezka-300g-2000641911/
1950,https://dixy.ru/product/khleb-olifeolayf-pshenichnyy-zavarnoy-s-proroshchennym-zernom-rji-narezka-300g-2000641912/
1951,https://dixy.ru/product/sukhari-lyubimye-traditsii-s-izyumom-obsypannye-sakharom-300g-2000293703/
1952,https://dixy.ru/product/mini-sushki-lyubimye-traditsii-prostye-180g-2000601093/
1953,https://dixy.ru/product/sushki-nina-farina-tarallini-s-chesnokom-180g-2000328973/
1954,https://dixy.ru/product/sushki-nina-farina-tarallini-klassicheskie-180g-2000328972/
1955,https://dixy.ru/product/pryaniki-lyubimye-traditsii-so-vkusom-shokolada-400g-2000594792/
1956,https://dixy.ru/product/baranki-lyubimye-traditsii-vanilnye-300g-2000319731/
1957,https://dixy.ru/product/sushki-lyubimye-traditsii-chelnochok-250g-2000551571/
1958,https://dixy.ru/product/sushka-krokha-s-makom-200g-tst0002146/
1959,https://dixy.ru/product/sukhari-pervym-delom-vanilnye-250g-2000212289/
1960,https://dixy.ru/product/pryaniki-pervym-delom-klassicheskie-400g-2000592872/
1961,https://dixy.ru/product/baranki-voljskiy-pekar-voljskie-so-vkusom-vanili-350g-2000647933/
1962,https://dixy.ru/product/baranki-lyubimye-traditsii-sdobnye-s-makom-300g-tst0001368/
1963,https://dixy.ru/product/mini-sushki-lyubimye-traditsii-makovye-180g-2000601092/
1964,https://dixy.ru/product/sushki-semeyka-ozbi-prostye-mini-150g-2000190677/
1965,https://dixy.ru/product/solomka-lotte-pepero-v-shokoladnoy-glazuri-s-mindalem-36g-2000048159/
1966,https://dixy.ru/product/solomka-moreslav-gorbusha-vyalenaya-40g-2000603211/
1967,https://dixy.ru/product/mini-pryaniki-yashkino-s-malinovoy-nachinkoy-300g-2000610452/
1968,https://dixy.ru/product/palochki-saltlettssoltletts-solenye-klassicheskie-75g-2000645811/
1969,https://dixy.ru/product/sukhari-sakharnye-ogo-luxe-s-aromatom-vanili-250g-2000614631/
1970,https://dixy.ru/product/sushki-nevskaya-sushka-makovye-275g-2000335209/
1971,https://dixy.ru/product/khrustimki-timosha-s-aromatom-smetany-i-zeleni-180g-2000603331/
1972,https://dixy.ru/product/sushki-moya-tsena-traditsionnye-300-g-2000536021/
1973,https://dixy.ru/product/mini-sukhari-semeyka-ozbi-s-izyumom-v-sakhare-200g-2000643852/
1974,https://dixy.ru/product/sukhari-posolskie-s-izyumom-v-sakhare-300g-2000643853/
1975,https://dixy.ru/product/krendel-khrustyashchiy-saltletts-s-chesnokom-i-zelenyu-70g-2000637513/
1976,https://dixy.ru/product/krendel-khrustyashchiy-saltletts-s-rozmarinom-70g-2000637512/
1977,https://dixy.ru/product/solomka-lotte-pepero-original-47g-2000402373/
1978,https://dixy.ru/product/chipsy-lays-doner-po-khorvatski-105g-2000647134/
1979,https://dixy.ru/product/grenki-fishka-so-vkusom-smetany-i-luka-120g-2000158872/
1980,https://dixy.ru/product/sukhariki-khrusteam-v-assortimente-40g-2000265800/
1981,https://dixy.ru/product/sukhariki-khrusteam-baget-tomatykrabsyrbujenina-v-assortimente-60g-2000265801/
1982,https://dixy.ru/product/grenki-don-kruton-lisichki-so-smetanoy-130g-2000627411/
1983,https://dixy.ru/product/grenki-777-so-vkusom-krasnoy-ikry-150g-2000626577/
1984,https://dixy.ru/product/grenki-don-kruton-so-vkusom-tayskogo-pertsa-130g-2000620197/
1985,https://dixy.ru/product/lomtiki-khlebnye-maretti-70g-v-assortimente-2000295964/
1986,https://dixy.ru/product/sukhariki-tri-korochki-semga-i-syr-s-sousom-tartar-60g-2000429093/
1987,https://dixy.ru/product/grenki-fishka-v-assortimente-chesnochnyekholodets-s-khrenom-120g-2000301073/
1988,https://dixy.ru/product/grenki-vorontsovskie-rjano-pshenichnye-v-assortimente-60g-2000429452/
1989,https://dixy.ru/product/grenki-rjano-pshenichnye-vian-grenok-budesh-tomat-zelenchesnok-v-assortimente-100g-2000545311/
1990,https://dixy.ru/product/sukhariki-khrusteam-barnyy-miks-v-assortimente-steyk-chernyy-peretssyrnye-palochki-140g-2000619992/
1991,https://dixy.ru/product/grenki-don-kruton-utka-po-pekinski-130g-2000642374/
1992,https://dixy.ru/product/sukhariki-rjanye-kirieshki-v-assortimente-40g-di00080855/
1993,https://dixy.ru/product/sukhariki-khrusteam-v-assortimente-60g-2000539693/
1994,https://dixy.ru/product/sukhariki-vorontsovskie-rjano-pshenichnye-v-assortimente-80g-2000429779/
1995,https://dixy.ru/product/grenki-don-kruton-kimchi-130g-2000642375/
1996,https://dixy.ru/product/grenki-dobrynov-derevenskie-palochki-s-chesnokom-100g-2000431152/
1997,https://dixy.ru/product/grenki-fishka-italyanskaya-pitstsa-s-ketchupom-80g-2000634193/
1998,https://dixy.ru/product/grenki-dobrynov-tayskiy-peretskholodets-khren-100g-2000639539/
1999,https://dixy.ru/product/chipsy-lays-syr-chedder-s-khalapeno-po-meksikanski-105g-2000647137/
2000,https://dixy.ru/product/chipsy-riflenye-lays-kolbaski-bratvurst-po-nemetski-105g-2000647136/
2001,https://dixy.ru/product/sukhariki-khrusteam-jarenye-krevetki-v-chesnochnom-souse-70g-2000647135/
2002,https://dixy.ru/product/chipsy-dr-diesel-mramornyy-steyklobster-120g-2000648716/
2003,https://dixy.ru/product/chipsy-moskovskiy-kartofel-sous-churaskoananas-chili-i-moreprodukty-120g-2000647095/
2004,https://dixy.ru/product/chipsy-russkaya-kartoshka-zelenyy-luk-i-smetana-190g-2000648717/
2005,https://dixy.ru/product/chipsy-pomsticks-ostryy-perets-chili-solomka-90g-2000647076/
2006,https://dixy.ru/product/chipsy-riflenye-dr-diesel-khrustyashchaya-rybkasmetana-i-ukrop-120g-2000648714/
2007,https://dixy.ru/product/chipsy-riflenye-lays-steyk-ribay-s-perechnym-sousom-50g-2000647138/
2008,https://dixy.ru/product/chipsy-lays-riflenye-smetana-i-luk-225g-2000568012/
2009,https://dixy.ru/product/chipsy-lays-doner-po-khorvatski-105g-2000647134/
2010,https://dixy.ru/product/chipsy-kartofelnye-khrustyashchiy-kartofel-s-solyu-160g-2000314963/
2011,https://dixy.ru/product/chipsy-kukuruznye-delicados-nachos-s-olivkami-i-paprikoy-150g-2000265269/
2012,https://dixy.ru/product/kukuruznye-palochki-cheetos-syr-130g-2000605551/
2013,https://dixy.ru/product/chipsy-pringles-smetana-lukpaprika-v-assortimente-165g-2000265799/
2014,https://dixy.ru/product/chipsy-kartofelnye-lays-krab-225g-2000516043/
2015,https://dixy.ru/product/chipsy-lays-naturalnye-140g-2000200412/
2016,https://dixy.ru/product/chipsy-kartofelnye-lays-smetana-i-zelen-225g-2000264237/
2017,https://dixy.ru/product/chipsy-lays-smetana-i-luk-140g-tst0044994/
2018,https://dixy.ru/product/chipsy-kartofelnye-khrustyashchiy-kartofel-smetana-i-luk-160g-2000186543/
2019,https://dixy.ru/product/sneki-kukuruznye-cheetos-pitstsa-43g-2000626432/
2020,https://dixy.ru/product/chipsy-lays-maxx-kurinye-krylyshki-barbekyu-100g-2000202310/
2021,https://dixy.ru/product/chipsy-riflenye-lays-paprika-140g-2000219296/
2022,https://dixy.ru/product/chipsy-kukuruznye-nachos-so-vkusom-sousa-ranch-150g-2000589651/
2023,https://dixy.ru/product/chipsy-kukuruznye-delicados-nachos-s-nejneyshim-syrom-150g-2000265267/
2024,https://dixy.ru/product/kukuruznye-sneki-cheetos-syrketchup-50g-2000265100/
2025,https://dixy.ru/product/chipsy-kartofelnye-lays-iz-pechi-lisichki-85g-2000291570/
2026,https://dixy.ru/product/chipsy-kartofelnye-lays-so-vkusom-syra-140g-tst0044992/
2027,https://dixy.ru/product/chipsy-riflenye-lays-langustiny-v-pikantnom-souse-93g-2000641072/
2028,https://dixy.ru/product/chipsy-riflenye-moskovskiy-kartofel-v-assortimente-120g-2000412095/
2029,https://dixy.ru/product/chipsy-lays-zelenyy-luk-140g-2000001184/
2030,https://dixy.ru/product/chipsy-lays-maxx-pitstsa-4-syra-100g-2000222012/
2031,https://dixy.ru/product/chipsy-lays-maxx-dvoynoy-gamburger-100g-2000627752/
2032,https://dixy.ru/product/chipsy-lays-krab-140g-2000155810/
2033,https://dixy.ru/product/chipsy-lays-nejnyy-syr-s-tryufelem-93g-2000641071/
2034,https://dixy.ru/product/chipsy-lorenz-pomsticks-sol-100g-2000020978/
2035,https://dixy.ru/product/chipsy-kartofelnye-lays-malosolnye-ogurchiki-s-ukropom-140g-2000431160/
2036,https://dixy.ru/product/chipsy-kartofelnye-lays-stax-v-assortimente-140g-2000341465/
2037,https://dixy.ru/product/chipsy-lays-iz-pechi-muss-iz-lososya-s-avokado-81g-2000619994/
2038,https://dixy.ru/product/mango-sushenoe-500-g-2000589371/
2039,https://dixy.ru/product/finiki-sushenye-v-upakovke-200-g-tst0024102/
2040,https://dixy.ru/product/finiki-korolevskie-medjul-200g-2000541715/
2041,https://dixy.ru/product/finiki-deglet-nur-sushenye-s-kostochkoy-500g-2000410751/
2042,https://dixy.ru/product/finiki-mazafati-v-assortimente-200g-2000583531/
2043,https://dixy.ru/product/makadamiya-v-skorlupe-300-g-2000549412/
2044,https://dixy.ru/product/gretskiy-orekh-v-skorlupe-v-upakovke-2000178515/
2045,https://dixy.ru/product/smes-orekhov-i-sukhofruktov-2000630912/
2046,https://dixy.ru/product/fistashki-neochishchennye-jarenye-solenye-2000643258/
2047,https://dixy.ru/product/semechki-podsolnechnye-polosatye-neochishchennye-2000630911/
2048,https://dixy.ru/product/smes-orekhov-i-sukhofruktov-2000643261/
2049,https://dixy.ru/product/kuraga-2000643260/
2050,https://dixy.ru/product/arakhis-jarenyy-solenyy-2000643259/
2051,https://dixy.ru/product/gretskiy-orekh-ochishchennyy-2000643254/
2052,https://dixy.ru/product/izyum-svetlyy-2000643252/
2053,https://dixy.ru/product/chernosliv-bez-kostochki-2000643253/
2054,https://dixy.ru/product/izyum-opngo-bez-kostochki-150g-2000599911/
2055,https://dixy.ru/product/keshyu-jarenyy-semushka-110g-2000512851/
2056,https://dixy.ru/product/gretskiy-orekh-olifeolayf-100g-2000639472/
2057,https://dixy.ru/product/chernosliv-opngo-bez-kostochki-200g-2000589672/
2058,https://dixy.ru/product/yadra-orekhov-mindalya-opngo-100g-2000594771/
2059,https://dixy.ru/product/smes-fruktovo-orekhovaya-olifeolayf-kokteyl-100g-2000639471/
2060,https://dixy.ru/product/smes-jarenykh-orekhov-i-izyuma-semushka-110g-2000623711/
2061,https://dixy.ru/product/kuraga-opngo-150g-2000593483/
2062,https://dixy.ru/product/arakhis-vostochnyy-gost-jarenyy-solenyy-150g-2000535292/
2063,https://dixy.ru/product/fistashki-olifeolayf-100g-2000639473/
2064,https://dixy.ru/product/klyukva-vyalenaya-snacksila-100g-2000635872/
2065,https://dixy.ru/product/kuraga-opngo-300g-2000642751/
2066,https://dixy.ru/product/fistashki-pervym-delom-jarenye-solenye-70g-2000539549/
2067,https://dixy.ru/product/mindal-semushka-jarenyy-100g-2000538336/
2068,https://dixy.ru/product/semechki-podsolnechnye-polosatye-neochishchennye-2000630911/
2069,https://dixy.ru/product/semechki-ot-martina-otbornye-polosatye-s-solyu-360g-2000582352/
2070,https://dixy.ru/product/semechki-ot-martina-otbornye-polosatye-s-solyu-150g-2000285542/
2071,https://dixy.ru/product/semechki-ot-martina-podsolnechnika-otbornye-200g-2000196729/
2072,https://dixy.ru/product/semechki-solenye-djinn-solnechnyy-velikan-200g-2000521981/
2073,https://dixy.ru/product/semechki-ot-martina-otbornye-s-morskoy-solyu-300g-2000540213/
2074,https://dixy.ru/product/semechki-ot-martina-otbornye-300g-2000326002/
2075,https://dixy.ru/product/semechki-tykvennye-ot-martina-neochishchennye-s-solyu-100g-2000224832/
2076,https://dixy.ru/product/semechki-ot-martina-otbornye-s-morskoy-solyu-200g-2000224673/
2077,https://dixy.ru/product/semechki-babkiny-semechki-jarenye-300330g-2000144499/
2078,https://dixy.ru/product/semechki-ot-martina-otbornye-polosatye-bez-soli-360g-2000582351/
2079,https://dixy.ru/product/semechki-ot-martina-podsolnechnye-otbornye-100g-2000151864/
2080,https://dixy.ru/product/semechki-ot-martina-otbornye-polosatye-bez-soli-150g-2000562834/
2081,https://dixy.ru/product/semechki-ot-martina-otbornye-s-morskoy-solyu-100g-2000300666/
2082,https://dixy.ru/product/semechki-ot-martina-belye-solenye-150g-2000633693/
2083,https://dixy.ru/product/semechki-podsolnechnye-djinn-solnechnyy-velikan-s-solyu-100g-2000433743/
2084,https://dixy.ru/product/yadra-podsolnechnika-jarenye-take-itteyk-itopngo-70g-2000568551/
2085,https://dixy.ru/product/yadra-podsolnechnika-opngo-jarenye-solenye-70g-2000596431/
2086,https://dixy.ru/product/kompotnaya-smes-opngo-500g-2000600612/
2087,https://dixy.ru/product/semechki-ot-atamana-podsolnechnika-otbornye-objarennye-250g-2000228392/
2088,https://dixy.ru/product/semechki-bogucharskie-otbornye-jarenye-80g-2000632734/
2089,https://dixy.ru/product/semechki-bogucharskie-podsolennye-80g-2000632735/
2090,https://dixy.ru/product/semechki-pervym-delom-objarennye-100g-2000318668/
2091,https://dixy.ru/product/semena-tykvy-olifeolayf-ochishchennye-100g-2000646911/
2092,https://dixy.ru/product/semechki-ot-martina-megapapa-polosatye-jarenye-s-solyu-200-g-2000590457/
2093,https://dixy.ru/product/semechki-ot-martina-konfetnye-140g-2000645958/
2094,https://dixy.ru/product/semechki-ot-martina-polosatye-supersolenye-150-g-2000590454/
2095,https://dixy.ru/product/semechki-djinn-solnechnyy-velikan-polosatye-jarenye-100g-2000332664/
2096,https://dixy.ru/product/semechki-ot-martina-podsolnechnye-belye-s-solyu-100g-2000282287/
2097,https://dixy.ru/product/smes-fruktovo-orekhovaya-naturfoods-mango-i-keshyu-100g-2000613852/
2098,https://dixy.ru/product/kreker-yashkino-frantsuzskiy-s-kunjutom-185g-2000165623/
2099,https://dixy.ru/product/palochkikrendelki-lorenz-saltletts-solenye-125g-tst0042137/
2100,https://dixy.ru/product/galety-lyubyatovo-klassicheskie-185g-t000022831/
2101,https://dixy.ru/product/kreker-tuc-syr-100g-2000157617/
2102,https://dixy.ru/product/kreker-tuc-mini-so-smetanoy-i-lukom-110g-2000330160/
2103,https://dixy.ru/product/solomka-lotte-pepero-v-shokoladnoy-glazuri-s-mindalem-36g-2000048159/
2104,https://dixy.ru/product/krekery-belogore-cristo-twisto-so-vkusom-syra-205g-2000245651/
2105,https://dixy.ru/product/palochki-saltlettssoltletts-solenye-klassicheskie-75g-2000645811/
2106,https://dixy.ru/product/kreker-tuc-smetana-i-luk-100g-2000215277/
2107,https://dixy.ru/product/kreker-tuc-so-vkusom-pitstsy-100g-2000255195/
2108,https://dixy.ru/product/kreker-lyubyatovo-vitaminnyy-300g-2000432691/
2109,https://dixy.ru/product/kreker-veselye-prilipaly-chudesnyy-ulov-250g-2000542856/
2110,https://dixy.ru/product/kreker-s-otrubyami-lyubimye-traditsii-270g-2000555591/
2111,https://dixy.ru/product/kreker-figurnyy-lyubimye-traditsii-400g-2000555592/
2112,https://dixy.ru/product/pechene-sdobnoe-lyubyatovo-vanilnye-koltsa-s-glazuryu-190g-2000593211/
2113,https://dixy.ru/product/pechene-sdobnoe-lyubyatovo-shokoladnoy-s-nejnoy-glazuryu-197g-2000593212/
2114,https://dixy.ru/product/kreker-tuc-mini-s-syrom-110-g-2000314206/
2115,https://dixy.ru/product/pechene-sdobnoe-khlebnyy-spas-polovinki-apelsin-240g-2000603031/
2116,https://dixy.ru/product/pechene-ovsyanoe-reeel-shokolad-40g-2000603633/
2117,https://dixy.ru/product/pechene-yubileynoe-vitaminizirovannoe-molochnoe-s-glazuryu-348g-2000603093/
2118,https://dixy.ru/product/pechene-medovoe-sofi-novogodnee-na-palochke-15g-2000605271/
2119,https://dixy.ru/product/pechene-zatyajnoe-grimaldi-so-vkusom-yabloka-i-koritsy-135g-2000608873/
2120,https://dixy.ru/product/pechene-na-palochke-sofi-tyulpan-v-assortimente-50g-2000611195/
2121,https://dixy.ru/product/pechene-papita-s-karamelyu-i-sakharnym-draje-33g-2000614652/
2122,https://dixy.ru/product/pechene-papita-molochnyy-shokolad-molochnyy-krem-draje-33g-2000614651/
2123,https://dixy.ru/product/pechene-semeyka-ozbi-s-izyumom-180g-2000612412/
2124,https://dixy.ru/product/pechene-shokoladnoe-na-palochke-sofi-paskhalnoe-30g-2000613231/
2125,https://dixy.ru/product/kreker-tuc-kopchenye-kolbaski-100g-2000274279/
2126,https://dixy.ru/product/krendel-khrustyashchiy-saltletts-s-chesnokom-i-zelenyu-70g-2000637513/
2127,https://dixy.ru/product/krendel-khrustyashchiy-saltletts-s-rozmarinom-70g-2000637512/
2128,https://dixy.ru/product/izyum-opngo-bez-kostochki-150g-2000599911/
2129,https://dixy.ru/product/gretskiy-orekh-olifeolayf-100g-2000639472/
2130,https://dixy.ru/product/chernosliv-opngo-bez-kostochki-200g-2000589672/
2131,https://dixy.ru/product/yadra-orekhov-mindalya-opngo-100g-2000594771/
2132,https://dixy.ru/product/smes-fruktovo-orekhovaya-olifeolayf-kokteyl-100g-2000639471/
2133,https://dixy.ru/product/kuraga-opngo-150g-2000593483/
2134,https://dixy.ru/product/arakhis-vostochnyy-gost-jarenyy-solenyy-150g-2000535292/
2135,https://dixy.ru/product/fistashki-olifeolayf-100g-2000639473/
2136,https://dixy.ru/product/kuraga-opngo-300g-2000642751/
2137,https://dixy.ru/product/fistashki-pervym-delom-jarenye-solenye-70g-2000539549/
2138,https://dixy.ru/product/popkorn-ouchauch-s-solyu-92g-2000639312/
2139,https://dixy.ru/product/yadra-podsolnechnika-jarenye-take-itteyk-itopngo-70g-2000568551/
2140,https://dixy.ru/product/chipsy-lays-gorchitsa-i-avokadopryanoe-barbekyunori-v-assortimente-90g-2000642191/
2141,https://dixy.ru/product/arakhis-pd-jarenyy-solenyy-70g-2000539547/
2142,https://dixy.ru/product/yadra-podsolnechnika-opngo-jarenye-solenye-70g-2000596431/
2143,https://dixy.ru/product/chernosliv-pervym-delom-bez-kostochki-100-g-2000237181/
2144,https://dixy.ru/product/smes-fruktovo-orekhovaya-olifeolayf-100g-2000642811/
2145,https://dixy.ru/product/izyum-temnyy-pervym-delom-100g-2000237177/
2146,https://dixy.ru/product/vobla-vyalenaya-moreslav-150g-2000599295/
2147,https://dixy.ru/product/smes-kompotnaya-krugloe-leto-500g-2000642711/
2148,https://dixy.ru/product/klubnika-i-banan-sushenye-olifeolayf-bez-sakhara-15g-2000628112/
2149,https://dixy.ru/product/chipsy-olifeolayf-iz-batata-parmezan-i-tryufel-75g-2000628111/
2150,https://dixy.ru/product/chipsy-nutovye-olifeolayf-so-vkusom-smetany-i-zeleni-50g-2000636254/
2151,https://dixy.ru/product/funduk-objarennyy-olifeolayf-100g-2000644271/
2152,https://dixy.ru/product/chipsy-ouchauch-sladkiy-tayskiy-perets-80g-2000628113/
2153,https://dixy.ru/product/flaychipsy-olifeolayf-s-tomatom-i-olivkami-40g-2000404488/
2154,https://dixy.ru/product/putassu-moreslav-solomka-70g-2000524231/
2155,https://dixy.ru/product/chipsy-nutovye-olifeolayf-so-vkusom-gribov-50g-2000636253/
2156,https://dixy.ru/product/yantarnaya-rybka-moreslav-solomka-s-pertsem-70g-2000524232/
2157,https://dixy.ru/product/arakhis-ouchauch-so-vkusom-vasabi-50g-2000627591/
2158,https://dixy.ru/product/polosatik-jeltyy-sukhogruz-70g-2000175975/
2159,https://dixy.ru/product/kalmar-sukhogruz-sushenyy-70g-2000175972/
2160,https://dixy.ru/product/vobla-vyalenaya-moreslav-150g-2000599295/
2161,https://dixy.ru/product/koltsa-kalmara-sukhogruz-soleno-sushenye-70g-2000175974/
2162,https://dixy.ru/product/poloski-kalmara-sukhogruz-susheno-vyalenye-so-vkusom-kraba-70g-2000615733/
2163,https://dixy.ru/product/putassu-moreslav-solomka-70g-2000524231/
2164,https://dixy.ru/product/yantarnaya-rybka-moreslav-solomka-s-pertsem-70g-2000524232/
2165,https://dixy.ru/product/jeltyy-polosatik-moreslav-soleno-sushenyy-35g-2000162541/
2166,https://dixy.ru/product/leshch-moreslav-vyalenyy-150g-2000599294/
2167,https://dixy.ru/product/solomka-moreslav-gorbusha-vyalenaya-40g-2000603211/
2168,https://dixy.ru/product/stavridka-sukhogruz-sushenaya-70-g-2000238115/
2169,https://dixy.ru/product/anchous-sukhogruz-susheno-vyalenyy-70g-2000429774/
2170,https://dixy.ru/product/narezka-mintaya-sukhogruz-susheno-vyalenaya-70g-2000322474/
2171,https://dixy.ru/product/myaso-kalmara-sukhogruz-susheno-vyalenoe-file-50g-2000431146/
2172,https://dixy.ru/product/chipsy-chills-kolbaski-gril-s-gorchitseytryufel-110g-2000649351/
2173,https://dixy.ru/product/solomka-sukhogruz-so-vkusom-barbekyu-30g-2000650275/
2174,https://dixy.ru/product/leshch-vyalenyy-moreslav-300g-2000649691/
2175,https://dixy.ru/product/solomka-rybnaya-tiksy-pryanaya-putassu-susheno-vyalenaya-20g-2000651083/
2176,https://dixy.ru/product/krendel-khrustyashchiy-saltletts-s-chesnokom-i-zelenyu-70g-2000637513/
2177,https://dixy.ru/product/krendel-khrustyashchiy-saltletts-s-rozmarinom-70g-2000637512/
2178,https://dixy.ru/product/chipsy-myasnye-meat-house-pigsony-syrovyalenye-50g-2000640151/
2179,https://dixy.ru/product/kolbaski-myasnitskiy-ryad-kabanossi-s-bekonom-syrokopchenye-60g-2000563298/
2180,https://dixy.ru/product/kolbaski-meat-house-original-syrokopchenye-60g-2000619551/
2181,https://dixy.ru/product/chipsy-myasnye-ouchauch-kuritsa-teriyaki-25g-2000641991/
2182,https://dixy.ru/product/kolbaski-dymov-so-vkusom-khamona-pikolini-syrokopchenye-50g-2000288071/
2183,https://dixy.ru/product/jerky-iz-kuritsy-mk-alekseevskiy-po-meksikanski-25g-2000623211/
2184,https://dixy.ru/product/chipsy-myasnye-ouchauch-iz-svininy-25g-2000642771/
2185,https://dixy.ru/product/kolbaski-pikolini-slim-so-vkusom-khamona-70g-2000641851/
2186,https://dixy.ru/product/palochki-kukuruznye-kuzya-lakomkin-sladkie-140g-2000177672/
2187,https://dixy.ru/product/popkorn-ouchauch-s-solyu-92g-2000639312/
2188,https://dixy.ru/product/popkorn-ouchauch-so-vkusom-karameli-92g-2000639311/
2189,https://dixy.ru/product/popkorn-little-donkeyv-assortimente-98g-2000640172/
2190,https://dixy.ru/product/popkorn-ouchauch-syrnaya-lava-85g-2000642812/
2191,https://dixy.ru/product/syr-kopchenyy-syrkach-klassicheskiy-80g-2000161067/
2192,https://dixy.ru/product/kolbaski-hitmeat-kabanos-super-bbq-syrokopchenye-80g-2000424691/
2193,https://dixy.ru/product/kolbaski-dymov-futo-buta-so-vkusom-tom-yam-syrokopchenye-50g-2000620174/
2194,https://dixy.ru/product/kolbaski-gorskie-s-kuritsey-syrokopchenye-70g-2000627832/
2195,https://dixy.ru/product/kolbaski-remit-pikachos-syr-syrokopchenye-40g-2000634356/
2196,https://dixy.ru/product/mini-kolbaski-delikaiser-so-slivochnym-vkusom-syrokopchenye-50g-2000641094/
2197,https://dixy.ru/product/snek-myasnoy-cherkizovo-so-vkusom-burgera-70g-2000647511/
2198,https://dixy.ru/product/sneki-kukuruznye-deluna-churros-so-vkusom-karameli-85g-2000603794/
2199,https://dixy.ru/product/chipsy-binggrae-morskaya-kapusta-40g-2000621254/
2200,https://dixy.ru/product/popkorn-cranpers-dlya-svch-s-solyu-92g-2000284017/
2201,https://dixy.ru/product/popkorn-reeel-brauni-55g-2000603861/
2202,https://dixy.ru/product/popkorn-reeel-kola-55g-2000603862/
2203,https://dixy.ru/product/shariki-kukuruznye-syrball-so-vkusom-syra-140g-2000186979/
2204,https://dixy.ru/product/popkorn-cranpers-dlya-svch-s-karamelyu-92g-2000616116/
2205,https://dixy.ru/product/chipsy-binggrae-krab-50g-d000004768/
2206,https://dixy.ru/product/fistashki-neochishchennye-jarenye-solenye-2000643258/
2207,https://dixy.ru/product/smes-orekhov-i-sukhofruktov-2000643261/
2208,https://dixy.ru/product/kuraga-2000643260/
2209,https://dixy.ru/product/arakhis-jarenyy-solenyy-2000643259/
2210,https://dixy.ru/product/gretskiy-orekh-ochishchennyy-2000643254/
2211,https://dixy.ru/product/chernosliv-bez-kostochki-2000643253/
2212,https://dixy.ru/product/keshyu-jarenyy-semushka-110g-2000512851/
2213,https://dixy.ru/product/gretskiy-orekh-olifeolayf-100g-2000639472/
2214,https://dixy.ru/product/yadra-orekhov-mindalya-opngo-100g-2000594771/
2215,https://dixy.ru/product/smes-fruktovo-orekhovaya-olifeolayf-kokteyl-100g-2000639471/
2216,https://dixy.ru/product/smes-jarenykh-orekhov-i-izyuma-semushka-110g-2000623711/
2217,https://dixy.ru/product/arakhis-vostochnyy-gost-jarenyy-solenyy-150g-2000535292/
2218,https://dixy.ru/product/fistashki-olifeolayf-100g-2000639473/
2219,https://dixy.ru/product/fistashki-pervym-delom-jarenye-solenye-70g-2000539549/
2220,https://dixy.ru/product/mindal-semushka-jarenyy-100g-2000538336/
2221,https://dixy.ru/product/arakhis-pd-jarenyy-solenyy-70g-2000539547/
2222,https://dixy.ru/product/smes-fruktovo-orekhovaya-olifeolayf-100g-2000642811/
2223,https://dixy.ru/product/yadro-kedrovoe-udachnye-objarennoe-30g-2000635491/
2224,https://dixy.ru/product/kompotnaya-smes-opngo-500g-2000600612/
2225,https://dixy.ru/product/funduk-objarennyy-olifeolayf-100g-2000644271/
2226,https://dixy.ru/product/arakhis-karavan-orekhov-standart-jarenyy-solenyy-90g-2000332665/
2227,https://dixy.ru/product/funduk-sushenyy-opngo-130g-2000589673/
2228,https://dixy.ru/product/arakhis-ouchauch-so-vkusom-vasabi-50g-2000627591/
2229,https://dixy.ru/product/kokteyl-pervym-delom-smes-sladkaya-70g-2000539548/
2230,https://dixy.ru/product/mindal-jarenyy-adams-garden-so-vkusom-papriki-100g-2000642233/
2231,https://dixy.ru/product/fistashki-summertime-solenye-100g-2000539534/
2232,https://dixy.ru/product/snek-yaponskiy-tako-samurai-wasabi-endo-arare-90g-2000639752/
2233,https://dixy.ru/product/kokteyl-sladkiy-tverdyy-znak-orekhi-izyum-250g-2000434480/
2234,https://dixy.ru/product/arakhis-ouchauch-so-vkusom-kimchi-50g-2000637311/
2235,https://dixy.ru/product/keshyu-greenuts-v-kunjute-130g-2000642378/
2236,https://dixy.ru/product/finiki-korolevskie-medjul-200g-2000541715/
2237,https://dixy.ru/product/smes-orekhov-i-sukhofruktov-2000643261/
2238,https://dixy.ru/product/kuraga-2000643260/
2239,https://dixy.ru/product/izyum-svetlyy-2000643252/
2240,https://dixy.ru/product/chernosliv-bez-kostochki-2000643253/
2241,https://dixy.ru/product/izyum-opngo-bez-kostochki-150g-2000599911/
2242,https://dixy.ru/product/chernosliv-opngo-bez-kostochki-200g-2000589672/
2243,https://dixy.ru/product/smes-fruktovo-orekhovaya-olifeolayf-kokteyl-100g-2000639471/
2244,https://dixy.ru/product/smes-jarenykh-orekhov-i-izyuma-semushka-110g-2000623711/
2245,https://dixy.ru/product/kuraga-opngo-150g-2000593483/
2246,https://dixy.ru/product/klyukva-vyalenaya-snacksila-100g-2000635872/
2247,https://dixy.ru/product/kuraga-opngo-300g-2000642751/
2248,https://dixy.ru/product/papayya-naturfoods-tsukaty-so-vkusom-ananasa-200g-2000615132/
2249,https://dixy.ru/product/chernosliv-pervym-delom-bez-kostochki-100-g-2000237181/
2250,https://dixy.ru/product/abrikosy-pervym-delom-sushenye-bez-kostochki-100-g-2000237175/
2251,https://dixy.ru/product/smes-fruktovo-orekhovaya-olifeolayf-100g-2000642811/
2252,https://dixy.ru/product/izyum-temnyy-pervym-delom-100g-2000237177/
2253,https://dixy.ru/product/smes-kompotnaya-krugloe-leto-500g-2000642711/
2254,https://dixy.ru/product/klubnika-i-banan-sushenye-olifeolayf-bez-sakhara-15g-2000628112/
2255,https://dixy.ru/product/kompotnaya-smes-opngo-500g-2000600612/
2256,https://dixy.ru/product/khurma-sushenaya-snacksila-100g-2000635871/
2257,https://dixy.ru/product/kokteyl-sladkiy-tverdyy-znak-orekhi-izyum-250g-2000434480/
2258,https://dixy.ru/product/smes-izyuma-semushka-150g-2000642372/
2259,https://dixy.ru/product/smes-fruktovo-orekhovaya-naturfoods-mango-i-keshyu-100g-2000613852/
2260,https://dixy.ru/product/chernosliv-natur-foods-bez-kostochki-150-g-2000299791/
2261,https://dixy.ru/product/tsukaty-mango-naturfoods-listochki-70-g-2000599491/
2262,https://dixy.ru/product/zdorovyy-yagodnyy-perekus-zelenika-klubnika-15-g-2000413236/
2263,https://dixy.ru/product/zdorovyy-perekus-zelenika-morkov-svekla-tykva-30g-2000606275/
2264,https://dixy.ru/product/zdorovyy-ovoshchnoy-perekus-zelenika-batat30-g-2000413234/
2265,https://dixy.ru/product/fruktovyy-zdorovyy-perekus-zelenika-mango-15-g-2000413235/
2266,https://dixy.ru/product/syr-belebeevskiy-45-190g-2000397447/
2267,https://dixy.ru/product/syr-natura-slivochnyy-45-300g-2000302672/
2268,https://dixy.ru/product/syr-brest-litovsk-rossiyskiy-polutverdyy-50-200g-2000329214/
2269,https://dixy.ru/product/syr-polutverdyy-brest-litovsk-tilziter-45-200g-2000325241/
2270,https://dixy.ru/product/syr-landers-slivochnyy-45-200g-2000589051/
2271,https://dixy.ru/product/syr-starodub-gauda-tertyy-45-300g-2000311184/
2272,https://dixy.ru/product/syr-landers-legkiy-30-200g-2000588771/
2273,https://dixy.ru/product/syr-brest-litovsk-maasdam-polutverdyy-45-200g-2000327690/
2274,https://dixy.ru/product/syr-polutverdyy-hochland-grunlander-50-400g-2000407435/
2275,https://dixy.ru/product/syr-lamber-50-230g-2000176772/
2276,https://dixy.ru/product/syr-brest-litovsk-finskiy-polutverdyy-45-200g-2000325240/
2277,https://dixy.ru/product/syr-selo-zelenoe-rossiyskiy-molodoy-50-160g-2000620991/
2278,https://dixy.ru/product/syr-milken-mite-gauda-45-200g-2000603373/
2279,https://dixy.ru/product/syr-milken-mite-tilsiter-lyuks-45-200g-2000420018/
2280,https://dixy.ru/product/syr-selo-zelenoe-gauda-premium-40-400g-2000406516/
2281,https://dixy.ru/product/syr-polutverdyy-starodubskiy-tilziter-45-400g-2000541532/
2282,https://dixy.ru/product/syr-selo-zelenoe-tilziter-50-400g-2000322829/
2283,https://dixy.ru/product/syr-brest-litovsk-klassicheskiy-45-200g-2000184737/
2284,https://dixy.ru/product/syr-larets-s-lisichkami-4550-245g-2000569771/
2285,https://dixy.ru/product/syr-larets-s-gretskimi-orekhami-4550-245g-2000281063/
2286,https://dixy.ru/product/syr-produkty-iz-elani-legkiy-20-160g-2000623976/
2287,https://dixy.ru/product/syr-lamber-gurme-55-230g-2000605412/
2288,https://dixy.ru/product/syr-natura-slivochnyy-slays-narezka-45-150g-2000365650/
2289,https://dixy.ru/product/syr-syrovarnya-trubetskikh-parmezan-45-180g-2000598952/
2290,https://dixy.ru/product/syr-radost-vkusa-legkiy-35-narezka-125g-2000365909/
2291,https://dixy.ru/product/syr-tverdyy-belster-parmesan-6-mesyatsev-40-195g-2000541155/
2292,https://dixy.ru/product/syr-brest-litovsk-rossiyskiy-50-500g-2000634592/
2293,https://dixy.ru/product/syr-selo-zelenoe-gauda-premium-40-160g-2000632011/
2294,https://dixy.ru/product/syr-lamber-legkiy-30-230g-2000617912/
2295,https://dixy.ru/product/syr-slivochnyy-khutorok-45-fassovannyy-2000601254/
2296,https://dixy.ru/product/syr-tvorojnyy-almette-slivochnyy-60-150g-di00080346/
2297,https://dixy.ru/product/syr-tvorojnyy-hochland-slivochnyy-60-220g-2000266891/
2298,https://dixy.ru/product/syr-tvorojnyy-sveza-slivochnyy-60-150g-2000412545/
2299,https://dixy.ru/product/syr-tvorojnyy-cream-nuvo-65-380g-2000325249/
2300,https://dixy.ru/product/syr-tvorojnyy-hochland-dlya-kulinarii-65-400g-2000336267/
2301,https://dixy.ru/product/syr-tvorojnyy-ekomilk-60-350g-2000516592/
2302,https://dixy.ru/product/syr-savushkin-tvorojnyy-60-150g-2000407514/
2303,https://dixy.ru/product/syr-tvorojnyy-sveza-s-zelenyu-60-150g-2000518445/
2304,https://dixy.ru/product/syr-karat-violette-tvorojnyy-slivochnyy-70-140g-2000124040/
2305,https://dixy.ru/product/syr-pretto-rikotta-myagkiy-45-200g-2000281060/
2306,https://dixy.ru/product/syr-tvorojnyy-violette-s-lososem-70-140g-2000580415/
2307,https://dixy.ru/product/syr-tvorojnyy-sveza-vozdushnyy-s-zelenyu-60-150g-2000412398/
2308,https://dixy.ru/product/syr-karat-violette-tvorojnyy-s-zelenyu-70-140g-2000123606/
2309,https://dixy.ru/product/syr-tvorojnyy-hochland-s-zelenyu-60-140g-2000173428/
2310,https://dixy.ru/product/syr-tvorojnyy-sveza-legkiy-35-150g-2000636018/
2311,https://dixy.ru/product/syr-tvorojnyy-sveza-vozdushnyy-s-avokado-60-150g-2000624971/
2312,https://dixy.ru/product/syr-tvorojnyy-natura-slivochnyy-55-150g-2000628922/
2313,https://dixy.ru/product/syr-tvorojnyy-ekomilk-60-120g-2000625311/
2314,https://dixy.ru/product/syr-tvorojnyy-violette-slivochnyy-70-400-g-2000288366/
2315,https://dixy.ru/product/syr-tvorojnyy-almette-vyalenye-tomaty-bazilik-60-150g-2000336840/
2316,https://dixy.ru/product/syr-tvorojnyy-natura-s-zelenyu-55-150g-2000628920/
2317,https://dixy.ru/product/syr-tvorojnyy-natura-s-belymi-gribami-55-150g-2000628921/
2318,https://dixy.ru/product/syr-milken-mite-maskarpone-80-250g-2000643672/
2319,https://dixy.ru/product/syr-tvorojnyy-president-s-travami-54-140g-2000643351/
2320,https://dixy.ru/product/syr-rikotta-bondjorno-s-kokosom-30-180g-2000627392/
2321,https://dixy.ru/product/syr-rikotta-bondjorno-mango-i-marakuyya-30-180g-2000627391/
2322,https://dixy.ru/product/syr-tvorojnyy-hochland-slivochnyy-60-140g-2000173403/
2323,https://dixy.ru/product/syr-tvorojnyy-lattesco-slivochnyy-60-140g-2000602353/
2324,https://dixy.ru/product/syr-hochland-tvorojnyy-s-zelenyu-220g-2000306364/
2325,https://dixy.ru/product/syr-olifeolayf-rikotta-45-180g-2000639536/
2326,https://dixy.ru/product/syr-galbani-burrata-mini-50-125g-2000314148/
2327,https://dixy.ru/product/syr-belebeevskiy-45-190g-2000397447/
2328,https://dixy.ru/product/syr-supreme-myagkiy-s-beloy-plesenyu-60-125g-2000331952/
2329,https://dixy.ru/product/syr-myagkiy-hochland-fetaksa-v-rassole-45-250g-2000330253/
2330,https://dixy.ru/product/syr-natura-slivochnyy-45-300g-2000302672/
2331,https://dixy.ru/product/syr-tvorojnyy-almette-slivochnyy-60-150g-di00080346/
2332,https://dixy.ru/product/syr-tvorojnyy-hochland-slivochnyy-60-220g-2000266891/
2333,https://dixy.ru/product/syr-plavlenyy-hochland-chizburger-45-lomtiki-150g-2000001092/
2334,https://dixy.ru/product/syr-brest-litovsk-rossiyskiy-polutverdyy-50-200g-2000329214/
2335,https://dixy.ru/product/syrnyy-produkt-sirtaki-rassolnyy-szmj-55-200g-2000264629/
2336,https://dixy.ru/product/syr-brest-litovsk-maasdam-45-narezka-130g-2000529991/
2337,https://dixy.ru/product/syr-polutverdyy-brest-litovsk-tilziter-45-200g-2000325241/
2338,https://dixy.ru/product/syr-tvorojnyy-sveza-slivochnyy-60-150g-2000412545/
2339,https://dixy.ru/product/syr-landers-slivochnyy-45-200g-2000589051/
2340,https://dixy.ru/product/syr-rassolnyy-myagkiy-sveza-feta-nejnaya-4045-250g-2000542744/
2341,https://dixy.ru/product/syr-starodub-gauda-tertyy-45-300g-2000311184/
2342,https://dixy.ru/product/syr-landers-legkiy-30-200g-2000588771/
2343,https://dixy.ru/product/syr-tvorojnyy-cream-nuvo-65-380g-2000325249/
2344,https://dixy.ru/product/syr-tvorojnyy-hochland-dlya-kulinarii-65-400g-2000336267/
2345,https://dixy.ru/product/syr-brynza-serbskaya-40-200g-2000594011/
2346,https://dixy.ru/product/syr-tvorojnyy-ekomilk-60-350g-2000516592/
2347,https://dixy.ru/product/syr-galbani-strachatella-52-250g-2000608011/
2348,https://dixy.ru/product/syr-savushkin-tvorojnyy-60-150g-2000407514/
2349,https://dixy.ru/product/syr-brest-litovsk-maasdam-polutverdyy-45-200g-2000327690/
2350,https://dixy.ru/product/syr-tvorojnyy-sveza-s-zelenyu-60-150g-2000518445/
2351,https://dixy.ru/product/syr-karat-violette-tvorojnyy-slivochnyy-70-140g-2000124040/
2352,https://dixy.ru/product/syr-polutverdyy-hochland-grunlander-50-400g-2000407435/
2353,https://dixy.ru/product/syr-lamber-50-230g-2000176772/
2354,https://dixy.ru/product/syr-brest-litovsk-finskiy-polutverdyy-45-200g-2000325240/
2355,https://dixy.ru/product/syr-starodub-suluguni-45-300g-2000587911/
2356,https://dixy.ru/product/syr-plavlenyy-hochland-chizburger-45-lomtiki-150g-2000001092/
2357,https://dixy.ru/product/syr-karat-drujba-plavlenyy-45-90g-tst0039597/
2358,https://dixy.ru/product/syr-plavlenyy-viola-slivochnyy-50-400g-0231101069/
2359,https://dixy.ru/product/syr-viola-finskoe-izbrannoe-assorti-50-130g-2000159741/
2360,https://dixy.ru/product/syr-plavlenyy-viola-s-lesnymi-gribami-35-380g-2000636011/
2361,https://dixy.ru/product/syr-plavlenyy-hochland-assorti-slivochnyy-vetchina-griby-50-140g-2000153088/
2362,https://dixy.ru/product/syr-plavlenyy-hochland-slivochnyy-55-400g-tst0017738/
2363,https://dixy.ru/product/syr-plavlenyy-viola-klassicheskiy-35-380g-2000631674/
2364,https://dixy.ru/product/syr-plavlenyy-milken-mite-s-vetchinoy-50-350g-2000558411/
2365,https://dixy.ru/product/syr-milken-mite-slivochnyy-plavlenyy-50-350g-2000409871/
2366,https://dixy.ru/product/syr-plavlenyy-syrobogatov-vishnya-v-shokolade-30-130g-2000649052/
2367,https://dixy.ru/product/syr-plavlenyy-gorod-syra-kolbasno-kopchenyy-narezka-40-200g-2000548751/
2368,https://dixy.ru/product/syr-karat-plavlenyy-dlya-supa-s-lukom-45-90g-2000173388/
2369,https://dixy.ru/product/syr-plavlenyy-fetaksa-60-hochland-bzmj-200-g-2000335967/
2370,https://dixy.ru/product/syr-plavlenyy-viola-klassicheskiy-35-190g-2000615335/
2371,https://dixy.ru/product/syr-karat-plavlenyy-shokoladnyy-30-230g-10f0046696/
2372,https://dixy.ru/product/syr-plavlenyy-syrobogatov-russkoe-assorti-45-130g-2000624391/
2373,https://dixy.ru/product/syr-plavlenyy-viola-slivochnyy-tosty-45-140g-2000273846/
2374,https://dixy.ru/product/syr-plavlenyy-viola-s-salyami-35-190g-2000615334/
2375,https://dixy.ru/product/syr-plavlenyy-syrobogatov-so-vkusom-toplenogo-moloka-45-130g-2000541172/
2376,https://dixy.ru/product/syr-plavlenyy-hochland-sendvich-45-150g-0231101142/
2377,https://dixy.ru/product/syr-plavlenyy-viola-slivochnyy-45-130g-di00079294/
2378,https://dixy.ru/product/syr-plavlenyy-syrobogatov-kolbasnyy-kopchenyy-35-2000624291/
2379,https://dixy.ru/product/syr-president-plavlenyy-slivochnyy-45-400g-tst0042617/
2380,https://dixy.ru/product/syr-plavlenyy-viola-viola-kamamber-45-130g-2000616452/
2381,https://dixy.ru/product/syr-plavlenyy-viola-chetyre-syra-35-190g-2000644514/
2382,https://dixy.ru/product/syr-plavlenyy-viola-dip-hunter-parmesan-45-180g-2000632092/
2383,https://dixy.ru/product/syr-plavlenyy-syrobogatov-shokoladnyy-s-apelsinom-30-130g-2000630691/
2384,https://dixy.ru/product/syr-plavlenyy-hochland-chizburger-50-200g-2000631792/
2385,https://dixy.ru/product/syr-plavlenyy-hochland-slivochnyy-35-bzmj-100-g-2000000570/
2386,https://dixy.ru/product/syr-milken-mite-gauda-45-200g-2000603373/
2387,https://dixy.ru/product/syr-milken-mite-tilsiter-lyuks-45-200g-2000420018/
2388,https://dixy.ru/product/syr-milken-mite-rossiyskiy-tertyy-50-150g-2000604491/
2389,https://dixy.ru/product/syr-slivochnyy-khutorok-45-fassovannyy-2000601254/
2390,https://dixy.ru/product/syr-plavlenyy-milken-mite-s-vetchinoy-50-350g-2000558411/
2391,https://dixy.ru/product/syr-khutorok-gollandskiy-45-fassovannyy-2000570612/
2392,https://dixy.ru/product/syr-milken-mite-slivochnyy-plavlenyy-50-350g-2000409871/
2393,https://dixy.ru/product/syr-milken-mite-maasdam-45-narezka-125g-2000639692/
2394,https://dixy.ru/product/syr-khutorok-rossiyskiy-50-fassovannyy-2000570611/
2395,https://dixy.ru/product/syr-premier-of-taste-parmesan-40-fassovannyy-2000527654/
2396,https://dixy.ru/product/syr-tverdyy-milken-mite-vyderjannyy-kubiki-40-150g-2000603374/
2397,https://dixy.ru/product/syr-milken-mite-maskarpone-80-250g-2000643672/
2398,https://dixy.ru/product/syr-olifeolayf-rikotta-45-180g-2000639536/
2399,https://dixy.ru/product/syr-bri-milken-mite-50-125g-2000642551/
2400,https://dixy.ru/product/syr-galbani-burrata-mini-50-125g-2000314148/
2401,https://dixy.ru/product/syr-supreme-myagkiy-s-beloy-plesenyu-60-125g-2000331952/
2402,https://dixy.ru/product/syr-vitalat-bri-s-beloy-plesenyu-60-100g-2000596751/
2403,https://dixy.ru/product/syr-myagkiy-president-kamamber-s-beloy-plesenyu-45-125g-2000310707/
2404,https://dixy.ru/product/syr-kamamber-selo-zelenoe-50-100g-2000645719/
2405,https://dixy.ru/product/syr-bri-selo-zelenoe-50-100g-2000645720/
2406,https://dixy.ru/product/syr-myagkiy-vitalat-kamamber-s-beloy-plesenyu-45-100g-2000576515/
2407,https://dixy.ru/product/syr-grand-blu-clivochnyy-s-goluboy-plesenyu-56-100g-2000317363/
2408,https://dixy.ru/product/syr-cheese-voyage-kamamber-myagkiy-s-beloy-plesenyu-50-80g-2000322199/
2409,https://dixy.ru/product/syr-montblu-s-blagorodnoy-goluboy-plesenyu-50-100g-2000295166/
2410,https://dixy.ru/product/syr-white-cheese-from-zhukovka-kamamber-dlya-grilya-50-125g-2000648472/
2411,https://dixy.ru/product/syr-white-cheese-from-zhukovka-bri-60-100g-2000643892/
2412,https://dixy.ru/product/syr-monblu-s-goluboy-blagorodnoy-plesenyu-s-tryufelem-100g-2000637593/
2413,https://dixy.ru/product/syr-bri-milken-mite-50-125g-2000642551/
2414,https://dixy.ru/product/syr-white-cheese-from-zhukovka-kamamber-50-100g-2000643893/
2415,https://dixy.ru/product/syr-bri-premiere-of-taste-125g-2000595611/
2416,https://dixy.ru/product/syr-syrmeyster-belper-knolle-45-90g-2000618571/
2417,https://dixy.ru/product/syr-cheese-voyage-bri-s-beloy-plesenyu-56-100g-2000633331/
2418,https://dixy.ru/product/syr-bri-grand-plaisir-50-125g-2000637011/
2419,https://dixy.ru/product/syr-white-cheese-from-zhukovka-kamamber-s-chernym-tryufelem-50-125g-2000637392/
2420,https://dixy.ru/product/syr-myagkiy-monbri-s-pajitnikom-50-125g-2000644395/
2421,https://dixy.ru/product/syr-whitecheese-from-zhukovka-bri-60-s-belym-gribom-125g-2000646271/
2422,https://dixy.ru/product/syr-brest-litovsk-maasdam-45-narezka-130g-2000529991/
2423,https://dixy.ru/product/syr-landers-slivochnyy-45-200g-2000589051/
2424,https://dixy.ru/product/syr-starodub-gauda-tertyy-45-300g-2000311184/
2425,https://dixy.ru/product/syr-landers-legkiy-30-200g-2000588771/
2426,https://dixy.ru/product/syr-selo-zelenoe-rossiyskiy-molodoy-50-160g-2000620991/
2427,https://dixy.ru/product/syr-produkty-iz-elani-legkiy-20-160g-2000623976/
2428,https://dixy.ru/product/syr-brest-litovsk-rossiyskiy-narezka-50-130g-2000330819/
2429,https://dixy.ru/product/syr-milken-mite-rossiyskiy-tertyy-50-150g-2000604491/
2430,https://dixy.ru/product/syr-selo-zelenoe-gauda-premium-narezka-40-130g-2000566493/
2431,https://dixy.ru/product/syr-natura-slivochnyy-slays-narezka-45-150g-2000365650/
2432,https://dixy.ru/product/syr-syrovarnya-trubetskikh-parmezan-45-180g-2000598952/
2433,https://dixy.ru/product/syr-radost-vkusa-legkiy-35-narezka-125g-2000365909/
2434,https://dixy.ru/product/syr-brest-litovsk-klassicheskiy-45-v-narezke-130g-2000204091/
2435,https://dixy.ru/product/syr-brest-litovsk-rossiyskiy-50-500g-2000634592/
2436,https://dixy.ru/product/syr-selo-zelenoe-tilziter-50-narezka-130g-2000612451/
2437,https://dixy.ru/product/syr-brest-litovsk-finskiy-45-narezka-130g-2000624973/
2438,https://dixy.ru/product/syr-plavlenyy-gorod-syra-kolbasno-kopchenyy-narezka-40-200g-2000548751/
2439,https://dixy.ru/product/syr-korol-syrov-so-vkusom-toplenogo-moloka-40-narezka-125g-2000631371/
2440,https://dixy.ru/product/syr-tverdyy-brest-litovsk-vyderjannyy-12-mesyatsev-45-tertyy-50g-2000648491/
2441,https://dixy.ru/product/syr-tverdyy-emandhof-hard-extra-kolotyy-40-150g-2000557813/
2442,https://dixy.ru/product/syr-milken-mite-maasdam-45-narezka-125g-2000639692/
2443,https://dixy.ru/product/syr-emandhof-parmezan-3-mesyatsa-40-150g-2000605391/
2444,https://dixy.ru/product/syr-tertyy-vkusnoteevo-miks-syrov-4-syra-45-150g-2000644853/
2445,https://dixy.ru/product/syr-syrobogatov-maasdam-narezka-45-125g-2000409192/
2446,https://dixy.ru/product/syr-x-tra-fit-20-180g-2000618932/
2447,https://dixy.ru/product/syr-oldenburger-s-tomatom-i-bazilikom-4550-narezka-125g-2000571497/
2448,https://dixy.ru/product/syr-syrovarnya-trubetskikh-maasdam-45-350g-2000625831/
2449,https://dixy.ru/product/syr-tverdyy-palermo-chedder-40-2000637812/
2450,https://dixy.ru/product/syr-natura-tilziter-45-180g-2000623704/
2451,https://dixy.ru/product/syr-laime-parmezan-4045-200g-2000597551/
2452,https://dixy.ru/product/syr-galbani-strachatella-52-250g-2000608011/
2453,https://dixy.ru/product/syr-predgore-kavkaza-kosa-45-110g-2000565173/
2454,https://dixy.ru/product/syr-predgore-kavkaza-adygeyskiy-45-110g-2000418432/
2455,https://dixy.ru/product/syr-umalat-suluguni-40-200g-2000626771/
2456,https://dixy.ru/product/syr-umalat-suluguni-45-bzmj-120-g-2000327412/
2457,https://dixy.ru/product/syr-hochland-brynza-45-250g-2000614592/
2458,https://dixy.ru/product/syr-predgore-kavkaza-bochonok-kopchenyy-40-50g-2000627394/
2459,https://dixy.ru/product/syr-president-chechil-belyy-spagetti-35-100g-2000277067/
2460,https://dixy.ru/product/syr-skit-skamortstsa-chiledjine-40-150g-2000278019/
2461,https://dixy.ru/product/syr-skit-skamortstsa-kopchenyy-40-150-g-bzmj-2000277065/
2462,https://dixy.ru/product/syr-predgore-kavkaza-assorti-rassolnyy-45-110g-2000565172/
2463,https://dixy.ru/product/syr-predgore-kavkaza-chechil-spagetti-45-110g-2000336160/
2464,https://dixy.ru/product/syr-vitalat-perlini-kopchenyy-40-100g-2000187430/
2465,https://dixy.ru/product/kosa-kopchenaya-stanitsyno-s-zmj-40-2000617431/
2466,https://dixy.ru/product/syr-predgore-kavkaza-chechil-spagetti-kopchenyy-45-110g-2000541648/
2467,https://dixy.ru/product/kosa-stanitsyno-s-zmj-40-2000626875/
2468,https://dixy.ru/product/syr-galbani-burrata-mini-50-125g-2000314148/
2469,https://dixy.ru/product/syr-myagkiy-hochland-fetaksa-v-rassole-45-250g-2000330253/
2470,https://dixy.ru/product/syrnyy-produkt-sirtaki-rassolnyy-szmj-55-200g-2000264629/
2471,https://dixy.ru/product/syr-rassolnyy-myagkiy-sveza-feta-nejnaya-4045-250g-2000542744/
2472,https://dixy.ru/product/syr-brynza-serbskaya-40-200g-2000594011/
2473,https://dixy.ru/product/syr-galbani-strachatella-52-250g-2000608011/
2474,https://dixy.ru/product/syr-starodub-suluguni-45-300g-2000587911/
2475,https://dixy.ru/product/syr-motsarella-gold-landers-200g-2000589031/
2476,https://dixy.ru/product/syr-predgore-kavkaza-adygeyskiy-legkiy-30-300g-2000541651/
2477,https://dixy.ru/product/syr-pretto-motsarella-chiledjina-45-100g-2000365606/
2478,https://dixy.ru/product/syr-sveza-motsarella-dlya-pitstsy-40-200g-2000597071/
2479,https://dixy.ru/product/syr-predgore-kavkaza-kosa-45-110g-2000565173/
2480,https://dixy.ru/product/syr-predgore-kavkaza-adygeyskiy-45-110g-2000418432/
2481,https://dixy.ru/product/syr-landers-suluguni-40-200g-2000588411/
2482,https://dixy.ru/product/syr-umalat-suluguni-40-200g-2000626771/
2483,https://dixy.ru/product/syr-rassolnyy-myagkiy-sveza-brynza-nejnaya-4045-250g-2000543357/
2484,https://dixy.ru/product/syr-plavlenyy-fetaksa-60-hochland-bzmj-200-g-2000335967/
2485,https://dixy.ru/product/syr-galbani-motsarella-45-125g-2000190809/
2486,https://dixy.ru/product/syr-umalat-suluguni-45-bzmj-120-g-2000327412/
2487,https://dixy.ru/product/syr-hochland-brynza-45-250g-2000614592/
2488,https://dixy.ru/product/syr-pretto-motsarella-dlya-buterbrodov-45-200g-2000302184/
2489,https://dixy.ru/product/syr-predgore-kavkaza-bochonok-kopchenyy-40-50g-2000627394/
2490,https://dixy.ru/product/syr-president-chechil-belyy-spagetti-35-100g-2000277067/
2491,https://dixy.ru/product/syr-khalumi-dlya-jarki-50-100g-2000582372/
2492,https://dixy.ru/product/syr-motsarella-pretto-40-palochki-60g-2000639373/
2493,https://dixy.ru/product/syr-skit-skamortstsa-chiledjine-40-150g-2000278019/
2494,https://dixy.ru/product/syr-skit-skamortstsa-kopchenyy-40-150-g-bzmj-2000277065/
2495,https://dixy.ru/product/syr-predgore-kavkaza-assorti-rassolnyy-45-110g-2000565172/
2496,https://dixy.ru/product/syr-predgore-kavkaza-chechil-spagetti-45-110g-2000336160/
2497,https://dixy.ru/product/syr-vitalat-perlini-kopchenyy-40-100g-2000187430/
2498,https://dixy.ru/product/sosiski-papa-mojet-sochnye-410g-2000528072/
2499,https://dixy.ru/product/sosiski-klinskiy-mk-slivochnye-470g-2000174171/
2500,https://dixy.ru/product/sosiski-klinskiy-mk-molochnye-470g-2000540031/
2501,https://dixy.ru/product/sosiski-dymov-molochnye-gost-464g-2000300143/
2502,https://dixy.ru/product/sosiski-klinskiy-mk-klinskie-460g-2000279644/
2503,https://dixy.ru/product/sosiski-cherkizovo-slivochnye-po-cherkizovski-650-g-2000181981/
2504,https://dixy.ru/product/sosiski-slivushki-vyazanka-slivochnye-450g-2000286260/
2505,https://dixy.ru/product/sosiski-klinskiy-mk-domashnie-470-g-2000318804/
2506,https://dixy.ru/product/sosiski-vladimirskiy-standart-bavarskie-400g-2000308550/
2507,https://dixy.ru/product/sosiski-vyazanka-molochnye-molokushi-450g-2000322511/
2508,https://dixy.ru/product/sosiski-papa-mojet-super-sytnye-600g-2000614833/
2509,https://dixy.ru/product/sosiski-yadrena-kopot-klassicheskie-420g-tst0047282/
2510,https://dixy.ru/product/sosiski-klinskiy-mk-venskie-470g-2000190007/
2511,https://dixy.ru/product/sosiski-indilayt-grandos-440g-2000527172/
2512,https://dixy.ru/product/sosiski-myasnitskiy-ryad-slivochnye-420g-2000326151/
2513,https://dixy.ru/product/sardelki-dym-dymych-s-govyadinoy-400g-2000297047/
2514,https://dixy.ru/product/sosiski-yadrena-kopot-s-syrom-300g-2000617751/
2515,https://dixy.ru/product/sosiski-vladimirskiy-standart-black-angus-rublenye-450g-2000565391/
2516,https://dixy.ru/product/sosiski-ostankino-fileynye-420-g-2000424551/
2517,https://dixy.ru/product/sosiski-blijnie-gorki-molochnye-gost-450g-2000290348/
2518,https://dixy.ru/product/sosiski-velkom-klassicheskie-440g-2000618411/
2519,https://dixy.ru/product/sosiski-blijnie-gorki-sochnye-450g-2000632271/
2520,https://dixy.ru/product/sosiski-myasnitskiy-ryad-domashnie-420g-2000330718/
2521,https://dixy.ru/product/sosiski-velikolukskiy-mk-detyam-330g-2000189095/
2522,https://dixy.ru/product/shpikachki-myasnoy-dom-borodina-domashnie-480g-2000289144/
2523,https://dixy.ru/product/sardelki-rublevskiy-rublevskie-svinye-lyuks-400g-2000562352/
2524,https://dixy.ru/product/sosiski-velikolukskiy-mk-detyam-s-krolikom-330g-2000418174/
2525,https://dixy.ru/product/sosiski-papa-mojet-sochnyy-gril-410g-2000577622/
2526,https://dixy.ru/product/sosiski-myasoedov-venskie-470g-2000606072/
2527,https://dixy.ru/product/sosiski-vladimirskiy-standart-vladimirskie-s-molokom-480g-2000281303/
2528,https://dixy.ru/product/kolbasa-papa-mojet-varenaya-700g-2000603232/
2529,https://dixy.ru/product/kolbasa-vyazanka-fileyskaya-varenaya-450g-2000566596/
2530,https://dixy.ru/product/kolbasa-vyazanka-molokusha-varenaya-450g-2000566592/
2531,https://dixy.ru/product/kolbasa-varenaya-rublevskiy-mk-doktorskaya-400g-2000322516/
2532,https://dixy.ru/product/kolbasa-latifa-musulmanskaya-s-govyadinoy-varenaya-400g-2000643151/
2533,https://dixy.ru/product/kolbasa-remit-doktorskaya-varenaya-400g-2000644111/
2534,https://dixy.ru/product/kolbasa-papa-mojet-s-indeykoy-varenaya-400g-2000644311/
2535,https://dixy.ru/product/kolbasa-vyazanka-doktorskaya-varenaya-gost-400g-2000288592/
2536,https://dixy.ru/product/kolbasa-papa-mojet-molochnaya-varenaya-500g-2000563511/
2537,https://dixy.ru/product/kolbasa-klinskiy-mk-molochnaya-varenaya-narezka-190g-2000544937/
2538,https://dixy.ru/product/kolbasa-myasnitskiy-ryad-lyubitelskaya-varenaya-400g-2000568911/
2539,https://dixy.ru/product/kolbasa-rublevskiy-doktorskaya-varenaya-2000623432/
2540,https://dixy.ru/product/kolbasa-blijnie-gorki-doktorskaya-varenaya-400g-2000620731/
2541,https://dixy.ru/product/kolbasa-myasnoy-dom-borodina-doktorskaya-varenaya-500g-2000255091/
2542,https://dixy.ru/product/kolbasa-myasnoy-dom-borodina-doktorskaya-varenaya-400g-2000404595/
2543,https://dixy.ru/product/kolbasa-velikolukskiy-mk-doktorskaya-varenaya-gost-500g-2000279549/
2544,https://dixy.ru/product/kolbasa-klinskiy-mk-doktorskaya-varenaya-400g-2000545571/
2545,https://dixy.ru/product/kolbasa-myasnitskiy-ryad-kajdomu-po-vkusu-varenaya-400g-2000402411/
2546,https://dixy.ru/product/kolbasa-md-borodina-doktorskaya-varenaya-narezka-190g-2000556092/
2547,https://dixy.ru/product/varenaya-kolbasa-starodvore-starodvorskaya-v-obvyazke-775g-2000566594/
2548,https://dixy.ru/product/kolbasa-starodvore-starodvorskaya-varenaya-370g-2000538031/
2549,https://dixy.ru/product/kolbasa-myasnitskiy-ryad-dlya-zavtraka-varenaya-400g-2000302807/
2550,https://dixy.ru/product/kolbasa-klinskiy-doktorskaya-varenaya-narezka-190-g-2000307304/
2551,https://dixy.ru/product/kolbasa-papa-mojet-papin-buter-varenaya-400g-2000638211/
2552,https://dixy.ru/product/kolbasa-belorusskaya-traditsiya-vkusnaya-belorusskayabrestskaya-varenaya-450g-2000620013/
2553,https://dixy.ru/product/kolbasa-myasoedov-doktorskaya-varenaya-gost-400g-2000601454/
2554,https://dixy.ru/product/kolbasa-delikaiser-doktorskaya-varenaya-400g-2000571531/
2555,https://dixy.ru/product/kolbasa-rublevskiy-doktorskaya-varenaya-narezka-190g-2000632651/
2556,https://dixy.ru/product/kolbasa-starodvore-myasnaya-starodvorskaya-varenaya-400g-2000617831/
2557,https://dixy.ru/product/kolbasa-velkom-doktorskaya-varenaya-400g-2000609451/
2558,https://dixy.ru/product/kolbasa-cherkizovo-salchichon-syrokopchenaya-narezka-100g-2000158720/
2559,https://dixy.ru/product/kolbasa-cherkizovo-serveletti-syrokopchenaya-narezka-85g-2000558771/
2560,https://dixy.ru/product/kolbasa-cherkizovo-svinaya-po-cherkizovski-syrokopchenaya-225g-2000598631/
2561,https://dixy.ru/product/kolbasa-velmit-braunshveygskaya-osobaya-syrokopchenaya-200g-2000413915/
2562,https://dixy.ru/product/kolbasa-myasnaya-istoriya-salchichon-toskana-syrokopchenaya-narezka-100g-2000290355/
2563,https://dixy.ru/product/kolbasa-cherkizovo-salchichon-syrokopchenaya-300g-2000574031/
2564,https://dixy.ru/product/kolbasa-cherkizovo-elitnaya-syrokopchenaya-225g-2000615551/
2565,https://dixy.ru/product/kolbasa-ostankino-italyanskaya-salyami-syrokopchenaya-narezka-150g-2000118719/
2566,https://dixy.ru/product/kolbasa-egorevskaya-fkg-fuet-polusukhaya-syrovyalenaya-100g-2000556415/
2567,https://dixy.ru/product/kolbasa-myasnitskiy-ryad-salchichon-syrokopchenaya-300g-2000637532/
2568,https://dixy.ru/product/kolbasa-dym-dymych-otlichnaya-syrokopchenaya-250g-2000565393/
2569,https://dixy.ru/product/kolbasa-ompk-presijn-syrokopchenaya-250g-2000291603/
2570,https://dixy.ru/product/kolbasa-klinskiy-mk-mini-salyami-syrokopchenaya-narezka-95g-2000594693/
2571,https://dixy.ru/product/kolbasa-klinskiy-mk-ispanskaya-syrokopchenaya-narezka-85g-2000315993/
2572,https://dixy.ru/product/kolbasa-papa-mojet-okhotnichya-syrokopchenaya-narezka-100g-2000563071/
2573,https://dixy.ru/product/kolbasa-egorevskaya-braunshveygskaya-syrokopchenaya-narezka-100g-2000149353/
2574,https://dixy.ru/product/kolbasa-syrovyalenaya-myasnitskiy-ryad-verona-polusukhaya-narezka-90g-2000308847/
2575,https://dixy.ru/product/kolbasa-myasnitskiy-ryad-verona-syrovyalenaya-narezka-150g-2000596451/
2576,https://dixy.ru/product/kolbasa-myasnoy-dom-borodina-shervudskaya-syrokopchenaya-narezka-70g-2000424915/
2577,https://dixy.ru/product/kolbasa-iney-litovskaya-syrokopchenaya-narezka-100g-2000246313/
2578,https://dixy.ru/product/kolbasa-myasoedov-braunshveygskaya-syrokopchenaya-narezka-100g-2000609711/
2579,https://dixy.ru/product/kolbasa-myasolyubov-salyami-syrokopchenaya-narezka-90g-2000641152/
2580,https://dixy.ru/product/kolbasa-okhotnichya-tsaritsyno-syrokopchenaya-250g-2000397424/
2581,https://dixy.ru/product/kolbasa-rublevskiy-salchichon-syrokopchenaya-narezka-70g-2000627831/
2582,https://dixy.ru/product/kolbasa-egorevskaya-stolichnaya-syrokopchenaya-v-narezke-100g-2000161666/
2583,https://dixy.ru/product/kolbasa-myasnitskiy-ryad-chorizo-syrokopchenaya-90g-2000607991/
2584,https://dixy.ru/product/kolbasa-cherkizovo-proshutto-syrokopchenaya-narezka-100g-2000514615/
2585,https://dixy.ru/product/kolbasa-myasolyubov-ispanskaya-syrokopchenaya-narezka-90g-2000641153/
2586,https://dixy.ru/product/kolbaski-myasnitskiy-ryad-kabanossi-s-bekonom-syrokopchenye-60g-2000563298/
2587,https://dixy.ru/product/kolbasa-ekgf-salyami-syrokopchenaya-narezka-100g-2000619032/
2588,https://dixy.ru/product/kolbasa-papa-mojet-servelat-karelskiy-vareno-kopchenaya-280g-2000590791/
2589,https://dixy.ru/product/kolbasa-ostankino-servelat-finskiy-vareno-kopchenyy-350g-2000422431/
2590,https://dixy.ru/product/kolbasa-blijnie-gorki-balykovaya-vareno-kopchenaya-350g-2000549954/
2591,https://dixy.ru/product/kolbasa-myasoedovmyasolyubov-balykovaya-vareno-kopchenaya-300g-2000601456/
2592,https://dixy.ru/product/servelat-blijnie-gorki-zernistyy-vareno-kopchenyy-330g-2000565251/
2593,https://dixy.ru/product/kolbasa-papa-mojet-servelat-zernistyy-vareno-kopchenaya-350g-2000422001/
2594,https://dixy.ru/product/kolbasa-ompk-servelat-prajskiy-vareno-kopchenaya-350g-2000535171/
2595,https://dixy.ru/product/kolbasa-starodvore-servelat-myasorubskiy-vareno-kopchenyy-400g-2000575031/
2596,https://dixy.ru/product/kolbasa-myasnitskiy-ryad-krakovskaya-polukopchenaya-gost-300g-2000412734/
2597,https://dixy.ru/product/kolbasa-cherkizovo-varshavskaya-traditsionnaya-polukopchenaya-350g-2000394250/
2598,https://dixy.ru/product/kolbasa-cherkizovo-servelat-finskiy-vareno-kopchenaya-narezka-150g-2000563731/
2599,https://dixy.ru/product/kolbasa-myasoedov-krakovskaya-polukopchenaya-350g-2000613071/
2600,https://dixy.ru/product/kolbaski-delikaiser-okhotnichi-polukopchenye-250g-2000621611/
2601,https://dixy.ru/product/servelat-miratorg-finskiy-vareno-kopchenyy-narezka-100g-2000567153/
2602,https://dixy.ru/product/kolbasa-vladimirskiy-standart-servelat-fileynyy-vareno-kopchenaya-270g-2000627551/
2603,https://dixy.ru/product/kolbasa-delikaiser-vetchinno-rublenaya-polukopchenaya-400g-2000621612/
2604,https://dixy.ru/product/kolbasa-myasnitskiy-ryad-moskovskaya-vareno-kopchenaya-250-g-2000423271/
2605,https://dixy.ru/product/kolbasa-eko-dorojnaya-khalyal-polukopchenaya-300g-2000518311/
2606,https://dixy.ru/product/kolbasa-rublevskiy-servelat-venskiy-vareno-kopchenaya-300g-2000632652/
2607,https://dixy.ru/product/kolbasa-vareno-kopchenaya-balykovaya-traditsionnaya-300g-2000552611/
2608,https://dixy.ru/product/kolbasa-myasnoy-dom-borodina-krakovskaya-polukopchenaya-400g-2000272780/
2609,https://dixy.ru/product/kolbasa-miratorg-balykovaya-vareno-kopchenaya-250g-2000637234/
2610,https://dixy.ru/product/kolbasa-myasoedov-servelat-finskiy-vareno-kopchenaya-350g-2000611431/
2611,https://dixy.ru/product/kolbasa-starodvore-servelat-myasinskiy-vareno-kopchenaya-580g-2000639111/
2612,https://dixy.ru/product/vareno-kopchenyy-servelat-starodvore-starodvorskiy-280g-2000558891/
2613,https://dixy.ru/product/kolbasa-govyajya-tsaritsyno-idel-polukopchenaya-500g-2000172107/
2614,https://dixy.ru/product/kolbasa-papa-mojet-chesnochnaya-polukopchenaya-350g-2000422446/
2615,https://dixy.ru/product/kolbasa-iney-servelat-vareno-kopchenaya-150g-2000072219/
2616,https://dixy.ru/product/kolbasa-velikolukskiy-mk-krakovskaya-polukopchenaya-300-g-2000250214/
2617,https://dixy.ru/product/kolbasa-blijnie-gorki-servelat-chesnochnyy-vareno-kopchenaya-330g-2000631511/
2618,https://dixy.ru/product/svinina-ompk-po-domashnemu-kopcheno-varenaya-300g-2000544972/
2619,https://dixy.ru/product/grudinka-obninskiy-kz-derevenskaya-vareno-kopchenaya-2000630953/
2620,https://dixy.ru/product/salo-po-domashnemu-2000565371/
2621,https://dixy.ru/product/golen-kurinaya-imperiya-vkusa-vareno-kopchenaya-2000605154/
2622,https://dixy.ru/product/file-grudki-indeyki-indilayt-narezka-120g-2000579332/
2623,https://dixy.ru/product/bekon-myasnitskiy-ryad-vengerskiy-syrokopchenyy-narezka-200g-2000592268/
2624,https://dixy.ru/product/bekon-klinskiy-myasokombinat-chernyy-kaban-syrokopchenyy-200g-2000572451/
2625,https://dixy.ru/product/grudka-tsyplenka-myasoedovmyasolyubov-kopcheno-varenaya-2000600272/
2626,https://dixy.ru/product/vetchina-cherkizovo-nejnaya-iz-indeyki-narezka-150g-2000627054/
2627,https://dixy.ru/product/bekon-myasoedovmyasolyubov-syrokopchenyy-narezka-150g-2000635717/
2628,https://dixy.ru/product/grudinka-papa-mojet-okhotnichya-vareno-kopchenaya-300g-2000602874/
2629,https://dixy.ru/product/karbonad-rublevskie-kolbasy-vareno-kopchenyy-250g-2000558251/
2630,https://dixy.ru/product/okorochka-tsyplyat-myasoedov-vareno-kopchenye-2000609151/
2631,https://dixy.ru/product/file-grudki-indeyki-indilayt-300g-2000642916/
2632,https://dixy.ru/product/studen-myasoedovmyasolyubov-iz-govyadiny-i-kuritsy-400g-2000518371/
2633,https://dixy.ru/product/karpachcho-cherkizovo-iz-indeyki-syrokopchenoe-narezka-85g-2000614091/
2634,https://dixy.ru/product/pashtet-myasnoy-rublevskiy-utka-s-chernoslivom-200g-2000262758/
2635,https://dixy.ru/product/bekon-myasnitskiy-ryad-vengerskiy-syrokopchenyy-narezka-300g-2000616353/
2636,https://dixy.ru/product/bekon-velkom-syrokopchenyy-v-narezke-200g-2000208190/
2637,https://dixy.ru/product/karbonad-myasolyubov-kopcheno-varenyy-narezka-100g-2000641151/
2638,https://dixy.ru/product/pashtet-myasnoy-rublevskie-kolbasy-pechenochnyy-250g-2000542412/
2639,https://dixy.ru/product/bekon-velikolukskiy-mk-syrokopchenyy-v-narezke-150-g-2000322510/
2640,https://dixy.ru/product/okorok-myasnitskiy-ryad-kopcheno-varenyy-300g-2000400737/
2641,https://dixy.ru/product/balyk-svinoy-myasnitskiy-ryad-vareno-kopchenyy-100g-2000619531/
2642,https://dixy.ru/product/grudinka-atyashevo-izyskannaya-vareno-kopchenaya-300g-2000338453/
2643,https://dixy.ru/product/karpachcho-olifeolayf-iz-indeyki-narezka-80g-2000637411/
2644,https://dixy.ru/product/rebra-rublevskie-kolbasy-svinye-kopcheno-varenye-2000282002/
2645,https://dixy.ru/product/pashtet-egorevskiy-derevenskiy-iz-pecheni-150g-2000113059/
2646,https://dixy.ru/product/shinka-iney-vareno-kopchenaya-narezka-100g-2000598672/
2647,https://dixy.ru/product/pashtet-egorevskiy-klassicheskiy-iz-pecheni-150g-2000113039/
2648,https://dixy.ru/product/file-grudki-indeyki-indilayt-narezka-120g-2000579332/
2649,https://dixy.ru/product/vetchina-imperiya-vkusa-s-indeykoy-400g-2000113079/
2650,https://dixy.ru/product/vetchina-klinskiy-mk-dlya-tostov-narezka-120g-2000331563/
2651,https://dixy.ru/product/vetchina-cherkizovo-nejnaya-iz-indeyki-narezka-150g-2000627054/
2652,https://dixy.ru/product/vetchina-papa-mojet-s-indeykoy-400g-2000310963/
2653,https://dixy.ru/product/vetchina-svinaya-po-cherkizovski-400g-2000563474/
2654,https://dixy.ru/product/vetchina-papa-mojet-rublenaya-300g-2000558091/
2655,https://dixy.ru/product/vetchina-cherkizovo-po-cherkizovski-narezka-200g-2000563471/
2656,https://dixy.ru/product/vetchina-rublevskie-kolbasy-dlya-zavtraka-gost-300g-2000543240/
2657,https://dixy.ru/product/vetchina-starodvorskie-kolbasy-fileyskaya-450g-2000623891/
2658,https://dixy.ru/product/vetchina-svinaya-velkom-klassicheskaya-350g-2000627571/
2659,https://dixy.ru/product/vetchina-iney-svinaya-narezka-100g-2000598671/
2660,https://dixy.ru/product/vetchina-vyazanka-slivushka-s-indeykoy-narezka-100g-2000649871/
2661,https://dixy.ru/product/vetchina-baltiyskiy-bereg-krabovaya-imitatsiya-250g-2000616951/
2662,https://dixy.ru/product/vetchina-delikaiser-rublenaya-400g-2000640293/
2663,https://dixy.ru/product/vetchina-papa-mojet-klassicheskaya-350g-2000640553/
2664,https://dixy.ru/product/vetchina-delikaiser-dlya-zavtraka-gost-350g-2000645858/
2665,https://dixy.ru/product/kolbasa-blijnie-gorki-livernaya-yaichnaya-gost-300g-2000300085/
2666,https://dixy.ru/product/kolbasa-vostryakovo-livernaya-domashnyaya-400g-2000585571/
2667,https://dixy.ru/product/kolbasa-atyashevo-pechenochnaya-livernaya-250g-2000188843/
2668,https://dixy.ru/product/grudka-tsyplenka-myasoedovmyasolyubov-kopcheno-varenaya-2000600272/
2669,https://dixy.ru/product/bekon-myasoedovmyasolyubov-syrokopchenyy-narezka-150g-2000635717/
2670,https://dixy.ru/product/okorochka-tsyplyat-myasoedov-vareno-kopchenye-2000609151/
2671,https://dixy.ru/product/studen-myasoedovmyasolyubov-iz-govyadiny-i-kuritsy-400g-2000518371/
2672,https://dixy.ru/product/karbonad-myasolyubov-kopcheno-varenyy-narezka-100g-2000641151/
2673,https://dixy.ru/product/karpachcho-olifeolayf-iz-indeyki-narezka-80g-2000637411/
2674,https://dixy.ru/product/rebra-svinye-myasoedovmyasolyubov-kopcheno-varenye-2000546152/
2675,https://dixy.ru/product/salo-zapechennoe-myasoedovmyasolyubov-s-mojjevelnikom-narezka-100g-2000625593/
2676,https://dixy.ru/product/salo-myasoedovmyasolyubov-traditsionnoe-narezka-100g-2000625591/
2677,https://dixy.ru/product/karpachcho-iz-myasa-ptitsy-myasoedovmyasolyubov-syrokopchenoe-2000609491/
2678,https://dixy.ru/product/grudinka-myasoedovmyasolyubov-kopcheno-varenaya-narezka-150g-2000608491/
2679,https://dixy.ru/product/pashtet-olifeolayf-frantsuzskiy-s-gusinym-myasom-160g-2000633411/
2680,https://dixy.ru/product/krylya-tsyplyat-derevenskie-napevy-okhlajdennye-2000271861/
2681,https://dixy.ru/product/yazyk-govyajiy-olifeolayf-varenyy-narezka-100g-2000636392/
2682,https://dixy.ru/product/studen-svinoy-pervym-delom-300g-2000550793/
2683,https://dixy.ru/product/pashtet-pervym-delom-pechenochnyy-150g-2000286162/
2684,https://dixy.ru/product/yazyki-svinye-myasoedovmyasolyubov-v-jele-2000608311/
2685,https://dixy.ru/product/kolbasa-myasoedovmyasolyubov-balykovaya-vareno-kopchenaya-300g-2000601456/
2686,https://dixy.ru/product/kolbasa-myasoedov-krakovskaya-polukopchenaya-350g-2000613071/
2687,https://dixy.ru/product/kolbasa-myasnitskiy-ryad-verona-syrovyalenaya-narezka-150g-2000596451/
2688,https://dixy.ru/product/kolbasa-myasoedov-braunshveygskaya-syrokopchenaya-narezka-100g-2000609711/
2689,https://dixy.ru/product/kolbasa-myasolyubov-salyami-syrokopchenaya-narezka-90g-2000641152/
2690,https://dixy.ru/product/kolbasa-myasoedov-doktorskaya-varenaya-gost-400g-2000601454/
2691,https://dixy.ru/product/kolbasa-myasolyubov-ispanskaya-syrokopchenaya-narezka-90g-2000641153/
2692,https://dixy.ru/product/kolbasa-myasoedovmyasolyubov-doktorskaya-varenaya-narezka-200g-2000633451/
2693,https://dixy.ru/product/chipsy-myasnye-ouchauch-kuritsa-teriyaki-25g-2000641991/
2694,https://dixy.ru/product/kolbasa-myasoedov-servelat-finskiy-vareno-kopchenaya-350g-2000611431/
2695,https://dixy.ru/product/kolbasa-myasoedovmyasolyubov-braunshveygskaya-syrokopchenaya-200g-2000609712/
2696,https://dixy.ru/product/kolbasa-pervym-delom-servelat-prazdnichnyy-syrokopchenyy-300g-2000280340/
2697,https://dixy.ru/product/kolbasa-pervym-delom-originalnayaklassicheskaya-varenaya-350g-2000531974/
2698,https://dixy.ru/product/govyadina-tushenaya-grodfud-975-myasa-338g-2000258591/
2699,https://dixy.ru/product/pashtet-hame-s-gusinoy-pechenyu-105g-2000175557/
2700,https://dixy.ru/product/pashtet-hame-s-indeykoy-105g-2000175556/
2701,https://dixy.ru/product/svinina-tushenaya-semidal-325g-2000616631/
2702,https://dixy.ru/product/indeyka-indilayt-po-domashnemu-325g-2000629691/
2703,https://dixy.ru/product/govyadina-tushenaya-sytnyy-zapas-340g-2000611731/
2704,https://dixy.ru/product/svinina-tushenaya-velikolukskiy-mk-325g-2000329129/
2705,https://dixy.ru/product/govyadina-tushenaya-semidal-vysshiy-sort-325g-2000562832/
2706,https://dixy.ru/product/pashtet-setra-kurinyy-100-g-2000329692/
2707,https://dixy.ru/product/pashtet-setra-iz-indeyki-100-g-2000153905/
2708,https://dixy.ru/product/vetchina-velikolukskiy-mk-325g-2000329132/
2709,https://dixy.ru/product/svinina-tushenaya-bars-vysshiy-sort-gost-325-g-2000332650/
2710,https://dixy.ru/product/govyadina-tushenaya-bars-vysshiy-sort-325g-2000332649/
2711,https://dixy.ru/product/golubtsy-pervym-delom-farshirovannye-540g-2000214490/
2712,https://dixy.ru/product/pashtet-hame-s-myasom-ptitsy-105g-2000163018/
2713,https://dixy.ru/product/pashtet-pechenochnyy-ivan-myasoedov-250g-2000568571/
2714,https://dixy.ru/product/pashtet-iz-indeyki-myasoedov-100g-2000568572/
2715,https://dixy.ru/product/myaso-tsyplyat-pervym-delom-v-sobstvennom-soku-325g-2000567531/
2716,https://dixy.ru/product/svinina-tushenaya-ivan-myasoedov-gost-325g-2000204154/
2717,https://dixy.ru/product/pashtet-khame-s-govyajey-pechenyu-105g-2000622391/
2718,https://dixy.ru/product/tsyplenok-tushenyy-zolotoy-petushok-325g-1100074508/
2719,https://dixy.ru/product/govyadina-tushenaya-pervym-delom-kuskovaya-340g-2000220776/
2720,https://dixy.ru/product/pashtet-perva-s-indyushinoy-pechenyu-100g-2000618772/
2721,https://dixy.ru/product/pashtet-pervym-delom-pechenochnyy-95g-2000628572/
2722,https://dixy.ru/product/pashtet-pervym-delom-iz-indeyki-95g-2000628573/
2723,https://dixy.ru/product/govyadina-tushenaya-ivan-myasoedov-vysshiy-sort-gost-325g-2000192964/
2724,https://dixy.ru/product/govyadina-tushenaya-semeynyy-byudjet-gost-500g-2000302684/
2725,https://dixy.ru/product/svinina-tushenaya-semeynyy-byudjet-gost-500g-2000302685/
2726,https://dixy.ru/product/svinina-tushenaya-grodfud-975-myasa-338g-2000303429/
2727,https://dixy.ru/product/govyadina-sovok-tushenaya-338-g-2000313236/
2728,https://dixy.ru/product/vafli-korovka-toplenoe-moloko-150g-2000189286/
2729,https://dixy.ru/product/vafli-yashkino-glazirovannye-khrustyashchie-s-oreshkami-200g-2000279440/
2730,https://dixy.ru/product/vafli-yashkino-shokoladnye-300g-2000228173/
2731,https://dixy.ru/product/trubochki-yashkino-vafelnye-orekhovye-190g-2000145642/
2732,https://dixy.ru/product/vafli-kolomenskiy-kaprichchio-s-shokoladnoy-nachinkoy-200g-2000155509/
2733,https://dixy.ru/product/vafli-yashkino-gollandskie-s-karamelnoy-nachinkoy-290g-2000088699/
2734,https://dixy.ru/product/vafli-kolomenskoe-s-khalvoy-200g-2000227832/
2735,https://dixy.ru/product/vafli-yashkino-gollandskie-s-varenoy-sgushchenkoy-165g-2000618255/
2736,https://dixy.ru/product/vafli-yashkino-s-varenoy-sgushchenkoy-300g-2000227772/
2737,https://dixy.ru/product/ruletiki-yashkino-vafelnye-so-vkusom-sgushchennogo-moloka-160g-2000145643/
2738,https://dixy.ru/product/vafli-yashkino-glazirovannye-khrustyashchie-200g-t000021585/
2739,https://dixy.ru/product/vafli-tonkie-kolomenskie-limonnyy-sorbet-100g-2000647934/
2740,https://dixy.ru/product/vafli-pervym-delom-s-vanilno-slivochnym-vkusom-170g-2000564511/
2741,https://dixy.ru/product/kruassany7days-mini-s-dvoynoy-nachinkoy-vishnya-vanil-265g-2000598112/
2742,https://dixy.ru/product/vafli-yashkino-gollandskie-s-karamelnoy-nachinkoy-165g-2000618254/
2743,https://dixy.ru/product/vafli-venskie-akulchev-so-sgushchenkoy-100g-tst0039982/
2744,https://dixy.ru/product/vafli-kolomenskoe-so-vkusom-toplenogo-moloka-200g-2000176705/
2745,https://dixy.ru/product/vafli-kolomenskoe-traditsionnye-slivochnye-200g-2000155508/
2746,https://dixy.ru/product/vafli-venskie-akulchev-so-vkusom-banana-100g-2000395386/
2747,https://dixy.ru/product/vafli-akulchev-venskie-myagkie-s-zemlyanikoy-100g-2000287420/
2748,https://dixy.ru/product/trubochki-vafelnye-yashkino-so-sgushchennym-molokom-190g-2000149901/
2749,https://dixy.ru/product/mini-kruassany-7days-kokosovyy-desert-265g-2000631112/
2750,https://dixy.ru/product/mini-kruassany-7days-karamel-265g-2000630551/
2751,https://dixy.ru/product/mini-kruassany-7-days-igristoe-vino-265g-2000631111/
2752,https://dixy.ru/product/vafli-lyubimye-traditsii-s-aromatom-toplenogo-moloka-200g-2000177101/
2753,https://dixy.ru/product/vafli-lyubimye-traditsii-s-aromatom-shokolada-200g-2000201056/
2754,https://dixy.ru/product/vafli-akulchev-myafli-myagkie-310g-2000306264/
2755,https://dixy.ru/product/vafli-lyubimye-traditsii-s-aromatom-lesnogo-orekha-200g-2000561074/
2756,https://dixy.ru/product/vafli-lyubimye-traditsii-s-aromatom-limona-200g-2000571911/
2757,https://dixy.ru/product/vafli-pervym-delom-s-aromatom-toplenogo-moloka-170g-2000591951/
2758,https://dixy.ru/product/khalva-rotfront-glazirovannaya-370g-2000183787/
2759,https://dixy.ru/product/khalva-timosha-podsolnechnaya-250-g-t000020187/
2760,https://dixy.ru/product/khalva-rot-front-drujba-s-arakhisom-220-g-2000560311/
2761,https://dixy.ru/product/kozinak-azovskaya-kf-assorti-280g-2000158961/
2762,https://dixy.ru/product/kozinaki-bogucharskie-s-semenami-podsolnechnika-i-kunjuta-250g-2000583452/
2763,https://dixy.ru/product/khalva-azovskaya-kf-podsolnechnaya-s-arakhisom-250g-2000172401/
2764,https://dixy.ru/product/konditerskoe-izdelie-chak-chak-vostochnyy-gost-250g-2000587831/
2765,https://dixy.ru/product/nabor-neva-assorti-zefir-pastila-marmelad-650g-2000616852/
2766,https://dixy.ru/product/kozinaki-olifeolayf-250g-2000639571/
2767,https://dixy.ru/product/khalva-vostochnyy-gost-podsolnechnaya-500-g-2000573571/
2768,https://dixy.ru/product/rakhat-lukum-azovskaya-kf-assorti-200g-2000323330/
2769,https://dixy.ru/product/khalva-azovskaya-kf-podsolnechnaya-250g-2000158958/
2770,https://dixy.ru/product/kozinak-azovskaya-kf-arakhisovyy-170-g-2000136960/
2771,https://dixy.ru/product/kozinak-podsolnechnyy-vostochnyy-gost-150g-2000273750/
2772,https://dixy.ru/product/shcherbet-vostochnyy-gost-s-arakhisom-200-g-2000572971/
2773,https://dixy.ru/product/kozinaki-bogucharskie-arakhisovye-250g-2000588171/
2774,https://dixy.ru/product/khalva-podsolnechnaya-vostochnyy-gost-glazirovannaya-350g-2000588493/
2775,https://dixy.ru/product/kozinaki-udachnye-200g-2000616851/
2776,https://dixy.ru/product/kozinaki-podsolnechnye-bogucharskie-v-temnoy-glazuri-250g-2000628491/
2777,https://dixy.ru/product/khalva-podsolnechnaya-bogucharskaya-mramornaya-250g-2000644731/
2778,https://dixy.ru/product/jevatelnaya-rezinka-mentos-pure-fresh-tutti-frutti-155g-2000265436/
2779,https://dixy.ru/product/jevatelnaya-rezinka-dirol-myata-bez-sakhara-136g-2000177950/
2780,https://dixy.ru/product/jevatelnaya-rezinka-dirol-colors-xxl-assorti-fruktovykh-vkusov-19g-2000291409/
2781,https://dixy.ru/product/jevatelnaya-rezinka-mentos-pure-fresh-svejaya-myata-155g-2000265435/
2782,https://dixy.ru/product/jevatelnaya-rezinka-dirol-arbuzno-dynnyy-kokteyl-136g-di00081042/
2783,https://dixy.ru/product/jevatelnaya-rezinka-dirol-moroznaya-myata-bez-sakhara-136g-2000072059/
2784,https://dixy.ru/product/jevatelnaya-rezinka-orbit-skittles-fruktovyy-miks-136g-2000644713/
2785,https://dixy.ru/product/jevatelnaya-rezinka-orbit-white-bubblemint-xxl-204g-2000296925/
2786,https://dixy.ru/product/jevatelnaya-rezinka-wrigleys-spearmint-bez-sakhara-13g-2000001784/
2787,https://dixy.ru/product/jevatelnaya-rezinka-orbit-nejnaya-myata-136g-2000001790/
2788,https://dixy.ru/product/jevatelnaya-rezinka-orbit-sladkaya-myata-204g-2000247871/
2789,https://dixy.ru/product/jevatelnaya-rezinka-big-babol-klubnika-20g-2000287489/
2790,https://dixy.ru/product/jevatelnaya-rezinka-orbit-winterfresh-136g-2000000602/
2791,https://dixy.ru/product/jevatelnaya-rezinka-juicy-fruit-so-vkusom-fruktov-13g-2000001782/
2792,https://dixy.ru/product/jevatelnaya-rezinka-orbit-sladkaya-myata-136g-2000000604/
2793,https://dixy.ru/product/jevatelnaya-rezinka-orbit-klassicheskiy-detskiy-115g-2000000609/
2794,https://dixy.ru/product/jevatelnaya-rezinka-orbit-sochnyy-arbuz-136g-2000000606/
2795,https://dixy.ru/product/jevatelnaya-rezinka-orbit-white-klassicheskiy-bez-sakhara-136g-2000000605/
2796,https://dixy.ru/product/jevatelnaya-rezinka-eclipse-ledyanaya-vishnya-bez-sakhara-136-g-2000001763/
2797,https://dixy.ru/product/jevatelnaya-rezinka-wrigleys-5-cyclone-arbuznyy-shkval-312g-2000103899/
2798,https://dixy.ru/product/jevatelnaya-rezinka-wrigleys-5electro-svejaya-myata-312g-2000164061/
2799,https://dixy.ru/product/jevatelnaya-rezinka-orbit-klubnika-i-banan-136g-2000164006/
2800,https://dixy.ru/product/jevatelnaya-rezinka-dirol-x-fresh-arbuznyy-led-16g-2000189205/
2801,https://dixy.ru/product/jevatelnaya-rezinka-orbit-white-bubblemint-136g-2000201084/
2802,https://dixy.ru/product/jevatelnaya-rezinka-dirol-white-klubnichnaya-polyana-136g-2000195168/
2803,https://dixy.ru/product/jevatelnaya-rezinka-orbit-xxl-klubnika-banan-204g-2000205489/
2804,https://dixy.ru/product/jevatelnaya-rezinka-dirol-klubnika-i-chereshnya-136g-2000211409/
2805,https://dixy.ru/product/jevatelnaya-rezinka-mentos-pure-fresh-tutti-frutti-54g-2000226494/
2806,https://dixy.ru/product/jevatelnaya-rezinka-dirol-marakuyya-laym-i-myata-136g-2000253531/
2807,https://dixy.ru/product/jevatelnaya-rezinka-orbit-white-xxl-sochnoe-yabloko-bez-sakhara-204g-2000281630/
2808,https://dixy.ru/product/marmelad-olifeolayf-miks-s-sokom-250g-2000624071/
2809,https://dixy.ru/product/marmelad-jevatelnyy-abrau-dyurso-s-dobavleniem-vina-v-assortimente-70g-2000639731/
2810,https://dixy.ru/product/karamel-ledentsovaya-halls-colors-assorti-6925g-2000617412/
2811,https://dixy.ru/product/marmelad-bon-pari-mashinki-jevatelnyy-75g-2000029499/
2812,https://dixy.ru/product/marmelad-jevatelnyy-ouchauch-mishki-250g-2000624831/
2813,https://dixy.ru/product/marmelad-bon-pari-veselye-koshmariki-jevatelnyy-75g-2000312103/
2814,https://dixy.ru/product/marmelad-jevatelnyy-fruittella-medvejata-s-fruktovym-sokom-70g-2000001779/
2815,https://dixy.ru/product/marmelad-jevatelnyy-fruittella-krutoy-miks-kislyy-70g-2000287492/
2816,https://dixy.ru/product/marshmellou-kandi-klab-krashmellou-fastfud-9g-2000647367/
2817,https://dixy.ru/product/konfety-jevatelnye-ouchauch-miks-tropicheskikh-vkusov-180g-2000638691/
2818,https://dixy.ru/product/desert-jeleynyy-kandi-klab-lapki-24g-2000647358/
2819,https://dixy.ru/product/draje-tic-tac-marakuyya-ananas-16g-2000646672/
2820,https://dixy.ru/product/marmelad-kislyy-salbro-kusochki-remeshka-mango-marakuyya-80g-2000646512/
2821,https://dixy.ru/product/marmelad-kislyy-salbro-kusochki-karandasha-klubnika-45g-2000646515/
2822,https://dixy.ru/product/marmelad-jevatelnyy-sweet-box-fuggler-s-podarkom-10g-2000650111/
2823,https://dixy.ru/product/konfety-jevatelnye-juy-juysy-miks-2000636051/
2824,https://dixy.ru/product/konfety-jevatelnye-nota-bum-s-orekhovoy-nachinkoy-2000649812/
2825,https://dixy.ru/product/konfety-knyajeskie-s-mindalem-200g-2000623213/
2826,https://dixy.ru/product/konfety-jevatelnye-mamba-fantastik-miks-150g-2000405836/
2827,https://dixy.ru/product/konfeta-jevatelnaya-fruittella-klubnichnyy-yogurt-41g-2000283826/
2828,https://dixy.ru/product/konfety-luchshee-ot-slavyanki-6-498g-2000634831/
2829,https://dixy.ru/product/marmelad-jevatelnyy-konfitreyd-cubiquest-s-podarkom-10g-2000647551/
2830,https://dixy.ru/product/karamel-jidkaya-kandi-klab-lipstik-lova-lova-v-assortimente20g-2000647365/
2831,https://dixy.ru/product/sladkaya-vata-kandi-klab-babl-vata-assorti-5g-2000647360/
2832,https://dixy.ru/product/draje-sakharnoe-kandi-klab-khrustyamba-klevo-fruktovo-10g-2000647362/
2833,https://dixy.ru/product/karamel-jidkaya-kandi-klab-zombie-detox-so-vzryvnoy-karamelyu-7g-2000647369/
2834,https://dixy.ru/product/karamel-jidkaya-kandi-klab-kislaya-granata-assorti-50g-2000647366/
2835,https://dixy.ru/product/karamel-vzryvnaya-kandi-klab-klevyy-braslet-s-igrushkoy-i-tatuirovkoy-1g-2000647354/
2836,https://dixy.ru/product/desert-jeleynyy-kandi-klab-morojenka-assorti-45g-2000647361/
2837,https://dixy.ru/product/konfeta-jevatelnaya-kandi-klab-ostraya-pravda-s-tatuirovkoy-15g-2000647355/
2838,https://dixy.ru/product/konfety-jeleynye-barbarisovyy-vkus-2000601274/
2839,https://dixy.ru/product/karamel-ledentsovaya-halls-colors-assorti-6925g-2000617412/
2840,https://dixy.ru/product/konfety-konti-marmeladnye-istorii-sitsiliyskiy-apelsin-2000572053/
2841,https://dixy.ru/product/konfety-konti-jivinka-arbuz-2000260401/
2842,https://dixy.ru/product/konfety-lucky-days-jeleynye-assorti-2000528447/
2843,https://dixy.ru/product/pastilki-fruktovye-olifeolayf-naturalnye-assorti-2000627931/
2844,https://dixy.ru/product/desert-jeleynyy-kandi-klab-lapki-24g-2000647358/
2845,https://dixy.ru/product/marmelad-jevatelnyy-sweet-box-fuggler-s-podarkom-10g-2000650111/
2846,https://dixy.ru/product/konfety-jevatelnye-nota-bum-s-orekhovoy-nachinkoy-2000649812/
2847,https://dixy.ru/product/konfety-knyajeskie-s-mindalem-200g-2000623213/
2848,https://dixy.ru/product/konfety-luchshee-ot-slavyanki-6-498g-2000634831/
2849,https://dixy.ru/product/karamel-jidkaya-kandi-klab-lipstik-lova-lova-v-assortimente20g-2000647365/
2850,https://dixy.ru/product/sladkaya-vata-kandi-klab-babl-vata-assorti-5g-2000647360/
2851,https://dixy.ru/product/draje-sakharnoe-kandi-klab-khrustyamba-klevo-fruktovo-10g-2000647362/
2852,https://dixy.ru/product/karamel-jidkaya-kandi-klab-zombie-detox-so-vzryvnoy-karamelyu-7g-2000647369/
2853,https://dixy.ru/product/karamel-jidkaya-kandi-klab-kislaya-granata-assorti-50g-2000647366/
2854,https://dixy.ru/product/karamel-vzryvnaya-kandi-klab-klevyy-braslet-s-igrushkoy-i-tatuirovkoy-1g-2000647354/
2855,https://dixy.ru/product/desert-jeleynyy-kandi-klab-morojenka-assorti-45g-2000647361/
2856,https://dixy.ru/product/konfeta-jevatelnaya-kandi-klab-ostraya-pravda-s-tatuirovkoy-15g-2000647355/
2857,https://dixy.ru/product/karamel-vzryvnaya-kandi-klab-mega-mech-s-igrushkoy-i-tatuirovkoy-1g-2000647364/
2858,https://dixy.ru/product/konfeta-jidkaya-kandi-klab-ochki-zapivalochki-30g-2000647370/
2859,https://dixy.ru/product/karamel-na-palochke-sweet-maksi-box-s-podarkom-begemoty-20g-2000646852/
2860,https://dixy.ru/product/konfeta-jidkaya-kandi-klab-mister-zajigalkin-xxl-50g-2000647357/
2861,https://dixy.ru/product/karamel-na-palochke-kandi-klab-crazy-ponchik-v-assortimente-10g-2000647368/
2862,https://dixy.ru/product/karamel-chupa-chups-aziatskaya-volna-17g-2000646856/
2863,https://dixy.ru/product/karamel-na-palochke-sweet-maksi-box-s-podarkom-pandy-20g-2000646853/
2864,https://dixy.ru/product/konfety-zolotaya-strekoza-jeleynye-2000317104/
2865,https://dixy.ru/product/konfety-bonita-assorti-2000601433/
2866,https://dixy.ru/product/konfety-abrau-dyurso-sparkling-truffle-bez-sakhara-160g-2000597131/
2867,https://dixy.ru/product/konfety-glazirovannye-vasilisa-s-jarenym-droblenym-arakhisom-2000599191/
2868,https://dixy.ru/product/pastila-belevskaya-olifeolayf-klassicheskaya-bez-sakhara-100g-2000623695/
2869,https://dixy.ru/product/zefir-kolomenskiy-vanil-i-malina-250g-2000561712/
2870,https://dixy.ru/product/zefir-dolchemania-belo-rozovyy-300g-2000538475/
2871,https://dixy.ru/product/pastila-dolcemania-s-marmeladoms-aromatom-vanili-220g-2000276200/
2872,https://dixy.ru/product/zefir-kolomenskiy-yablochnyy-250g-2000561711/
2873,https://dixy.ru/product/zefir-dolchemania-vanilnyy-300-g-2000538474/
2874,https://dixy.ru/product/pastila-belevskaya-olifeolayf-chernaya-smorodina-bez-sakhara-100g-2000638591/
2875,https://dixy.ru/product/zefir-belevskiy-antonovka-250g-2000325955/
2876,https://dixy.ru/product/merengi-yablochnye-olifeolayf-bez-sakhara-35g-2000631331/
2877,https://dixy.ru/product/zefir-sharmel-klassicheskiy-v-shokolade-250g-10f0049349/
2878,https://dixy.ru/product/zefir-udarnitsa-sharmel-s-aromatom-vanili-255g-2000002178/
2879,https://dixy.ru/product/pastila-udarnitsa-sharmel-vanilnaya-221g-t000020574/
2880,https://dixy.ru/product/zefir-olifeolayf-antonovka-250g-2000626435/
2881,https://dixy.ru/product/zefir-belevskiy-zefirnoe-detstvodetskiy-250g-2000293505/
2882,https://dixy.ru/product/pastila-udarnitsa-sharmel-klyukvennaya-221g-2000002181/
2883,https://dixy.ru/product/nabor-neva-assorti-zefir-pastila-marmelad-650g-2000616852/
2884,https://dixy.ru/product/zefir-dolcemania-glazirovannyy-240g-2000598971/
2885,https://dixy.ru/product/marshmellou-kandi-klab-krashmellou-fastfud-9g-2000647367/
2886,https://dixy.ru/product/desert-jeleynyy-kandi-klab-lapki-24g-2000647358/
2887,https://dixy.ru/product/marshmellou-kidsi-s-aromatom-klubniki-40g-2000601091/
2888,https://dixy.ru/product/marshmellou-kidsi-s-aromatom-vanili-70g-2000598991/
2889,https://dixy.ru/product/marshmellou-s-podarkom-utochki-s-aromatom-popkorna-50g-2000646854/
2890,https://dixy.ru/product/zefir-glazirovannyy-doni-zefironi-vishnya-210g-2000648265/
2891,https://dixy.ru/product/zefir-glazirovannyy-doni-zefironi-mango-210g-2000648266/
2892,https://dixy.ru/product/marshmellou-s-podarkom-fuggler-s-aromatom-popkorna-50g-2000646855/
2893,https://dixy.ru/product/marshmellou-opngo-dlya-barbekyu-vanil-200g-2000617691/
2894,https://dixy.ru/product/zefir-pervym-delom-s-aromatom-vanili-180g-2000572251/
2895,https://dixy.ru/product/konfety-luchshee-ot-slavyanki-6-498g-2000634831/
2896,https://dixy.ru/product/pastila-belevskaya-klassicheskaya-100g-2000246811/
2897,https://dixy.ru/product/pastila-belevskaya-klassicheskayayagodnoe-assorti-bez-sakhara-50g-2000573731/
2898,https://dixy.ru/product/konfety-slavyanka-zolotoy-step-2000132481/
2899,https://dixy.ru/product/konfety-rot-front-moskvichka-karamel-2000279567/
2900,https://dixy.ru/product/karamel-rot-front-limonchiki-250g-tst0023680/
2901,https://dixy.ru/product/karamel-ledentsovaya-halls-colors-assorti-6925g-2000617412/
2902,https://dixy.ru/product/konfety-shokoladnye-mars-minis-182g-2000228172/
2903,https://dixy.ru/product/konfety-ouchauch-vishnevaya-kola-bez-sakhara-14g-2000639534/
2904,https://dixy.ru/product/karamel-ledentsovaya-bon-pari-fruktovyy-miks-75g-2000000264/
2905,https://dixy.ru/product/karamel-rot-front-barbaris-2000533091/
2906,https://dixy.ru/product/shokoladnye-batonchiki-snickers-v-assortimente-180g-2000275182/
2907,https://dixy.ru/product/karamel-bon-pari-fruktovyy-miks-500g-2000530251/
2908,https://dixy.ru/product/desert-jeleynyy-kandi-klab-lapki-24g-2000647358/
2909,https://dixy.ru/product/draje-tic-tac-marakuyya-ananas-16g-2000646672/
2910,https://dixy.ru/product/karamel-chupa-chups-fruit-tella-17g-2000126579/
2911,https://dixy.ru/product/karamel-lyubimye-traditsii-s-limonnoy-nachinkoy-200g-2000269602/
2912,https://dixy.ru/product/marmelad-jevatelnyy-sweet-box-fuggler-s-podarkom-10g-2000650111/
2913,https://dixy.ru/product/konfety-jevatelnye-nota-bum-s-orekhovoy-nachinkoy-2000649812/
2914,https://dixy.ru/product/konfety-knyajeskie-s-mindalem-200g-2000623213/
2915,https://dixy.ru/product/karamel-ledentsovaya-ouchauch-miks-kislykh-vkusov-40g-2000639371/
2916,https://dixy.ru/product/konfety-luchshee-ot-slavyanki-6-498g-2000634831/
2917,https://dixy.ru/product/karamel-jidkaya-kandi-klab-lipstik-lova-lova-v-assortimente20g-2000647365/
2918,https://dixy.ru/product/sladkaya-vata-kandi-klab-babl-vata-assorti-5g-2000647360/
2919,https://dixy.ru/product/draje-sakharnoe-kandi-klab-khrustyamba-klevo-fruktovo-10g-2000647362/
2920,https://dixy.ru/product/karamel-jidkaya-kandi-klab-zombie-detox-so-vzryvnoy-karamelyu-7g-2000647369/
2921,https://dixy.ru/product/karamel-jidkaya-kandi-klab-kislaya-granata-assorti-50g-2000647366/
2922,https://dixy.ru/product/karamel-vzryvnaya-kandi-klab-klevyy-braslet-s-igrushkoy-i-tatuirovkoy-1g-2000647354/
2923,https://dixy.ru/product/desert-jeleynyy-kandi-klab-morojenka-assorti-45g-2000647361/
2924,https://dixy.ru/product/konfeta-jevatelnaya-kandi-klab-ostraya-pravda-s-tatuirovkoy-15g-2000647355/
2925,https://dixy.ru/product/karamel-vzryvnaya-kandi-klab-mega-mech-s-igrushkoy-i-tatuirovkoy-1g-2000647364/
2926,https://dixy.ru/product/konfeta-jidkaya-kandi-klab-ochki-zapivalochki-30g-2000647370/
2927,https://dixy.ru/product/karamel-na-palochke-sweet-maksi-box-s-podarkom-begemoty-20g-2000646852/
2928,https://dixy.ru/product/konfety-rot-front-batonchiki-2000116547/
2929,https://dixy.ru/product/konfety-akkond-otlomi-vafelnye-glazirovannye-2000280208/
2930,https://dixy.ru/product/konfety-rot-front-khalva-glazirovannaya-2000133579/
2931,https://dixy.ru/product/konfety-rotfront-batonchiki-250g-tst0023694/
2932,https://dixy.ru/product/konfety-essen-daej-s-karamelyu-arakhisom-i-krispi-2000324249/
2933,https://dixy.ru/product/konfety-konti-zolotaya-liliya-2000234072/
2934,https://dixy.ru/product/konfety-35-so-vkusom-shokolada-i-slivochnoy-nachinkoy-2000255060/
2935,https://dixy.ru/product/konfety-rot-front-ptiche-moloko-slivochno-vanilnye-225g-2000190315/
2936,https://dixy.ru/product/konfety-slavyanka-zolotoy-step-2000132481/
2937,https://dixy.ru/product/konfety-nevskiy-konditer-kartoshka-2000317648/
2938,https://dixy.ru/product/konfety-multizlakovye-olifeolayf-s-beloy-i-temnoy-glazuryu-200g-2000629571/
2939,https://dixy.ru/product/konfety-lyubimye-traditsii-ptichya-pesnya-sufle-2000255061/
2940,https://dixy.ru/product/konfety-yashkino-chio-rio-2000251341/
2941,https://dixy.ru/product/marmelad-bon-pari-kislye-chervyachki-jevatelnyy-75g-2000000263/
2942,https://dixy.ru/product/khalva-rotfront-glazirovannaya-370g-2000183787/
2943,https://dixy.ru/product/konfety-krasnyy-oktyabr-tsitron-250g-2000004686/
2944,https://dixy.ru/product/konfety-chernosliv-ispanskiy-v-glazuri-200-g-2000148397/
2945,https://dixy.ru/product/konfety-raffaello-s-mindalnym-orekhom-150g-di00078416/
2946,https://dixy.ru/product/konfety-krasnyy-oktyabr-lastochka-d000003626/
2947,https://dixy.ru/product/konfety-la-boheme-parfe-sbivnye-glazirovannye-2000326389/
2948,https://dixy.ru/product/konfety-rot-front-moskvichka-karamel-2000279567/
2949,https://dixy.ru/product/konfety-abrikos-v-glazuri-200-g-2000212690/
2950,https://dixy.ru/product/karamel-rot-front-limonchiki-250g-tst0023680/
2951,https://dixy.ru/product/konfety-rayskie-oblaka-so-slivochnym-sufle-200g-2000320131/
2952,https://dixy.ru/product/konfety-rot-front-romashki-2000212032/
2953,https://dixy.ru/product/marmelad-olifeolayf-miks-s-sokom-250g-2000624071/
2954,https://dixy.ru/product/konfety-mishkino-lakomstvo-s-orekhom-2000439010/
2955,https://dixy.ru/product/konfety-jaklin-frantsuzskiy-zefir-so-vkusom-klubniki-2000212069/
2956,https://dixy.ru/product/konfety-jeleynye-barbarisovyy-vkus-2000601274/
2957,https://dixy.ru/product/konfety-liker-v-shokolade-so-vkusom-mokhito-2000649651/
2958,https://dixy.ru/product/konfety-raffaello-s-mindalnym-orekhom-150g-di00078416/
2959,https://dixy.ru/product/konfety-pinkpink-kofe-163g-2000645554/
2960,https://dixy.ru/product/konfety-raffaello-s-tselnym-mindalem-v-kokosovoy-obsypke-70g-2000320701/
2961,https://dixy.ru/product/konfety-rodnye-prostory-arakhis-vafelnaya-kroshka-180g-2000572731/
2962,https://dixy.ru/product/konfety-ferrero-rocher-s-kremom-i-lesnym-orekhom-125g-2000193935/
2963,https://dixy.ru/product/konfety-komilfo-shokoladnye-fistashka-116g-2000001749/
2964,https://dixy.ru/product/konfety-marsianka-mokko-180g-2000439026/
2965,https://dixy.ru/product/konfety-marsianka-kokosovyy-puding-180g-2000248271/
2966,https://dixy.ru/product/konfety-konditer-kubani-tryufel-vkus-udovolstviya-200g-2000579556/
2967,https://dixy.ru/product/konfety-toffifee-lesnoy-orekh-v-karameli-125g-2000163942/
2968,https://dixy.ru/product/konfety-pink-truffle-163g-2000579871/
2969,https://dixy.ru/product/nabor-konfet-vdokhnovenie-mini-cupcakes-165g-2000344725/
2970,https://dixy.ru/product/konfety-merci-assorti-shokoladnye-250g-2000268721/
2971,https://dixy.ru/product/konfety-raffaello-tort-100g-2000016072/
2972,https://dixy.ru/product/konfety-abrau-dyurso-sparkling-truffle-bez-sakhara-160g-2000597131/
2973,https://dixy.ru/product/marmelad-udarnitsa-assorti-yabloko-persik-vishnya-chernaya-smorodina-275g-2000602511/
2974,https://dixy.ru/product/konfety-raffaello-s-tselnym-mindalem-v-kokosovoy-obsypke-40g-2000001754/
2975,https://dixy.ru/product/nabor-molochnogo-shokolada-dove-promises-kollektsiya-vkusov-118g-2000212369/
2976,https://dixy.ru/product/konfety-shokoladnye-babaevskiy-assorti-300-g-2000231432/
2977,https://dixy.ru/product/konfety-dolcemania-assorti-150g-2000241694/
2978,https://dixy.ru/product/konfety-shokoladnye-merci-assorti-serdtse-250-g-2000272123/
2979,https://dixy.ru/product/nabor-konfet-ferrero-collection-1072g-2000400852/
2980,https://dixy.ru/product/podarochnyy-nabor-kinder-kormushka-dlya-ptits-997-g-2000403671/
2981,https://dixy.ru/product/konfety-glazirovannye-krasnyy-oktyabr-moskva-200g-2000440050/
2982,https://dixy.ru/product/konfety-korkunov-kollektsiya-plitok-131g-2000521343/
2983,https://dixy.ru/product/konfety-shokoladnye-merci-assorti-blackwhite-240g-2000522181/
2984,https://dixy.ru/product/konfety-bonjour-kokos-i-mindal-150-g-2000535494/
2985,https://dixy.ru/product/konfety-shokoladnye-toffifee-belyy-shokolad-125g-2000551711/
2986,https://dixy.ru/product/konfety-shokoladnye-vobro-s-vishney-v-alkogole-147-g-2000562014/
2987,https://dixy.ru/product/nabor-konfet-amelie-iz-molochnogo-shokolada-250g-2000562853/
2988,https://dixy.ru/product/konfety-rotfront-batonchiki-250g-tst0023694/
2989,https://dixy.ru/product/konfety-rot-front-ptiche-moloko-slivochno-vanilnye-225g-2000190315/
2990,https://dixy.ru/product/konfety-multizlakovye-olifeolayf-s-beloy-i-temnoy-glazuryu-200g-2000629571/
2991,https://dixy.ru/product/marmelad-bon-pari-kislye-chervyachki-jevatelnyy-75g-2000000263/
2992,https://dixy.ru/product/iris-yashkino-s-shokoladnym-vkusom-140g-2000295164/
2993,https://dixy.ru/product/khalva-rotfront-glazirovannaya-370g-2000183787/
2994,https://dixy.ru/product/konfety-krasnyy-oktyabr-tsitron-250g-2000004686/
2995,https://dixy.ru/product/konfety-chernosliv-ispanskiy-v-glazuri-200-g-2000148397/
2996,https://dixy.ru/product/konfety-abrikos-v-glazuri-200-g-2000212690/
2997,https://dixy.ru/product/karamel-rot-front-limonchiki-250g-tst0023680/
2998,https://dixy.ru/product/konfety-rayskie-oblaka-so-slivochnym-sufle-200g-2000320131/
2999,https://dixy.ru/product/marmelad-olifeolayf-miks-s-sokom-250g-2000624071/
3000,https://dixy.ru/product/konfety-liker-v-shokolade-so-vkusom-mokhito-2000649651/
3001,https://dixy.ru/product/draje-mms-arakhismolochnyy-shokoladkrispi-v-assortimente-130g-2000527641/
3002,https://dixy.ru/product/marmelad-jevatelnyy-abrau-dyurso-s-dobavleniem-vina-v-assortimente-70g-2000639731/
3003,https://dixy.ru/product/karamel-ledentsovaya-halls-colors-assorti-6925g-2000617412/
3004,https://dixy.ru/product/shokoladnye-konfety-rot-front-lyubimye-s-detstva-250g-2000544479/
3005,https://dixy.ru/product/marmelad-bon-pari-mashinki-jevatelnyy-75g-2000029499/
3006,https://dixy.ru/product/marmelad-jevatelnyy-ouchauch-mishki-250g-2000624831/
3007,https://dixy.ru/product/marmelad-bon-pari-veselye-koshmariki-jevatelnyy-75g-2000312103/
3008,https://dixy.ru/product/marmelad-jevatelnyy-fruittella-medvejata-s-fruktovym-sokom-70g-2000001779/
3009,https://dixy.ru/product/shokoladnye-konfety-akkond-otlomi-360g-2000545831/
3010,https://dixy.ru/product/konfety-shokoladnye-mars-minis-182g-2000228172/
3011,https://dixy.ru/product/konfety-ouchauch-vishnevaya-kola-bez-sakhara-14g-2000639534/
3012,https://dixy.ru/product/konfety-krasnyy-oktyabr-tryufeli-shokoladnye-200g-2000270860/
3013,https://dixy.ru/product/konfety-glazirovannye-kremlina-chernosliv-shokoladnyy-190g-2000335985/
3014,https://dixy.ru/product/konfety-rotfront-grilyaj-v-shokolade-s-fundukom-200g-2000269205/
3015,https://dixy.ru/product/konfety-rot-front-batonchiki-shokoladno-slivochnye-250-g-2000250832/
3016,https://dixy.ru/product/marmelad-chupa-chups-straypsy-so-vkusom-klubniki-120g-2000543569/
3017,https://dixy.ru/product/konfety-babaevskie-originalnye-s-fundukom-i-kakao-200g-2000269203/
3018,https://dixy.ru/product/konfety-rot-front-batonchiki-2000116547/
3019,https://dixy.ru/product/konfety-akkond-otlomi-vafelnye-glazirovannye-2000280208/
3020,https://dixy.ru/product/konfety-rot-front-khalva-glazirovannaya-2000133579/
3021,https://dixy.ru/product/konfety-essen-daej-s-karamelyu-arakhisom-i-krispi-2000324249/
3022,https://dixy.ru/product/konfety-konti-zolotaya-liliya-2000234072/
3023,https://dixy.ru/product/konfety-35-so-vkusom-shokolada-i-slivochnoy-nachinkoy-2000255060/
3024,https://dixy.ru/product/konfety-slavyanka-zolotoy-step-2000132481/
3025,https://dixy.ru/product/konfety-nevskiy-konditer-kartoshka-2000317648/
3026,https://dixy.ru/product/konfety-lyubimye-traditsii-ptichya-pesnya-sufle-2000255061/
3027,https://dixy.ru/product/konfety-yashkino-chio-rio-2000251341/
3028,https://dixy.ru/product/konfety-krasnyy-oktyabr-lastochka-d000003626/
3029,https://dixy.ru/product/konfety-la-boheme-parfe-sbivnye-glazirovannye-2000326389/
3030,https://dixy.ru/product/konfety-rot-front-moskvichka-karamel-2000279567/
3031,https://dixy.ru/product/konfety-rot-front-romashki-2000212032/
3032,https://dixy.ru/product/konfety-mishkino-lakomstvo-s-orekhom-2000439010/
3033,https://dixy.ru/product/konfety-jaklin-frantsuzskiy-zefir-so-vkusom-klubniki-2000212069/
3034,https://dixy.ru/product/konfety-jeleynye-barbarisovyy-vkus-2000601274/
3035,https://dixy.ru/product/konfety-liker-v-shokolade-so-vkusom-mokhito-2000649651/
3036,https://dixy.ru/product/konfety-rot-front-maska-2000212031/
3037,https://dixy.ru/product/konfety-akkond-ptitsa-divnaya-2000143367/
3038,https://dixy.ru/product/konfety-na-slivkakh-molochnye-2000315223/
3039,https://dixy.ru/product/konfety-istoriya-vostoka-2000343571/
3040,https://dixy.ru/product/konfety-krasnyy-oktyabr-mishka-kosolapyy-vafelnye-10f0049247/
3041,https://dixy.ru/product/konfety-konti-knyajeskie-2000280200/
3042,https://dixy.ru/product/konfety-rot-front-ptiche-moloko-2000279606/
3043,https://dixy.ru/product/konfety-krokant-grilyajnye-s-mindalem-2000234152/
3044,https://dixy.ru/product/konfety-twix-minis-s-pesochnym-pechenem-v-shokolade-2000234071/
3045,https://dixy.ru/product/konfety-rot-front-osenniy-vals-2000284440/
3046,https://dixy.ru/product/konfety-konti-marmeladnye-istorii-sitsiliyskiy-apelsin-2000572053/
3047,https://dixy.ru/product/konfety-glazirovannye-teplyy-vecher-2000528443/
3048,https://dixy.ru/product/karamel-ledentsovaya-halls-colors-assorti-6925g-2000617412/
3049,https://dixy.ru/product/konfety-krasnyy-oktyabr-tryufeli-shokoladnye-200g-2000270860/
3050,https://dixy.ru/product/konfety-osobyy-tryufel-neglazirovannye-2000553172/
3051,https://dixy.ru/product/konfety-knyajeskie-s-mindalem-200g-2000623213/
3052,https://dixy.ru/product/konfety-truffle-assorti-2000601432/
3053,https://dixy.ru/product/konfety-bonita-assorti-2000601433/
3054,https://dixy.ru/product/konfety-abrau-dyurso-sparkling-truffle-bez-sakhara-160g-2000597131/
3055,https://dixy.ru/product/nuga-exotic-joy-s-jeleynym-sloem-mango-papayya-v-glazuri-2000604519/
3056,https://dixy.ru/product/konfety-glazirovannye-marsianka-tiramisu-2000605331/
3057,https://dixy.ru/product/konfety-pomadnye-shokoladnyy-fadj-v-molochnoy-glazuri-2000606251/
3058,https://dixy.ru/product/konfety-toffi-v-molochnoy-glazuri-2000606252/
3059,https://dixy.ru/product/konfety-letnie-istorii-so-vkusom-slivy-2000609652/
3060,https://dixy.ru/product/konfety-zlatotsvet-2000610171/
3061,https://dixy.ru/product/desert-tryufelnyy-janets-bakery-monako-2000615934/
3062,https://dixy.ru/product/konfety-fabrika-im-krupskoy-mini-tortik-baltiyskiy-2000616211/
3063,https://dixy.ru/product/konfety-vafelnye-zoloto-natsii-s-shokoladno-malinovym-vkusom-2000617531/
3064,https://dixy.ru/product/konfety-lesnaya-tayna-2000618471/
3065,https://dixy.ru/product/konfety-atlamente-chernaya-smorodinakakao-arakhis-2000618371/
3066,https://dixy.ru/product/konfety-nevskiy-konditer-tsitron-2000622332/
3067,https://dixy.ru/product/konfety-glazirovannye-konditer-kubani-mindal-vishnya-2000623092/
3068,https://dixy.ru/product/konfety-s-pomadnym-korpusom-konditer-kubani-malina-laym-2000623091/
3069,https://dixy.ru/product/konfeta-vafelnaya-mne-bez-sakhara-s-kakao-2000622594/
3070,https://dixy.ru/product/karamel-rot-front-myata-moloko-2000622631/
3071,https://dixy.ru/product/konfety-konti-kofeynye-2000624571/
3072,https://dixy.ru/product/desert-tortimilka-plyus-2000625511/
3073,https://dixy.ru/product/vafli-akkond-khutorok-na-moloke-2000626651/
3074,https://dixy.ru/product/konfety-konti-kurskiy-solovey-2000626631/
3075,https://dixy.ru/product/konfety-krasnyy-oktyabr-tryufel-2000440161/
3076,https://dixy.ru/product/konfety-tryufel-s-dobavleniem-igristogo-vina-abrau-dyurso-160g-2000594553/
3077,https://dixy.ru/product/karamel-chupa-chups-xxl-jevatelnaya-rezinka-arbuzdynya-29g-2000592711/
3078,https://dixy.ru/product/kreker-yashkino-frantsuzskiy-s-kunjutom-185g-2000165623/
3079,https://dixy.ru/product/palochkikrendelki-lorenz-saltletts-solenye-125g-tst0042137/
3080,https://dixy.ru/product/galety-lyubyatovo-klassicheskie-185g-t000022831/
3081,https://dixy.ru/product/kreker-tuc-syr-100g-2000157617/
3082,https://dixy.ru/product/kreker-tuc-mini-so-smetanoy-i-lukom-110g-2000330160/
3083,https://dixy.ru/product/kreker-zdrava-s-semechkami-300g-2000643031/
3084,https://dixy.ru/product/solomka-moreslav-gorbusha-vyalenaya-40g-2000603211/
3085,https://dixy.ru/product/pechene-alenka-s-nachinkoy-so-vkusom-ekzotika-120g-2000612471/
3086,https://dixy.ru/product/krekery-belogore-cristo-twisto-so-vkusom-syra-205g-2000245651/
3087,https://dixy.ru/product/pechene-sdobnoe-yashkino-desert-shokoladnyy-s-vishney-165g-2000615338/
3088,https://dixy.ru/product/pechene-sakharnoe-dymka-apelsin-330g-2000615337/
3089,https://dixy.ru/product/pechene-alenka-s-nachinkoy-so-vkusom-babl-gam-120g-2000612472/
3090,https://dixy.ru/product/pechene-dolce-mania-oreshki-varenaya-sgushchenka-195g-2000622971/
3091,https://dixy.ru/product/kreker-tuc-smetana-i-luk-100g-2000215277/
3092,https://dixy.ru/product/kreker-tuc-so-vkusom-pitstsy-100g-2000255195/
3093,https://dixy.ru/product/kreker-lyubyatovo-vitaminnyy-300g-2000432691/
3094,https://dixy.ru/product/kreker-veselye-prilipaly-chudesnyy-ulov-250g-2000542856/
3095,https://dixy.ru/product/pechene-skrepyshi-mejplanetnoe-sakharnoe-360-g-2000542728/
3096,https://dixy.ru/product/kreker-s-otrubyami-lyubimye-traditsii-270g-2000555591/
3097,https://dixy.ru/product/kreker-figurnyy-lyubimye-traditsii-400g-2000555592/
3098,https://dixy.ru/product/pechene-sdobnoe-lyubyatovo-vanilnye-koltsa-s-glazuryu-190g-2000593211/
3099,https://dixy.ru/product/pechene-sdobnoe-lyubyatovo-shokoladnoy-s-nejnoy-glazuryu-197g-2000593212/
3100,https://dixy.ru/product/pechene-yubileynoe-zemlyanichnoe-224g-2000594532/
3101,https://dixy.ru/product/kreker-tuc-mini-s-syrom-110-g-2000314206/
3102,https://dixy.ru/product/pechene-sdobnoe-khlebnyy-spas-polovinki-apelsin-240g-2000603031/
3103,https://dixy.ru/product/pechene-ovsyanoe-reeel-shokolad-40g-2000603633/
3104,https://dixy.ru/product/pechene-shokoladnoe-kkkh-sakharnoe-220g-2000604517/
3105,https://dixy.ru/product/pechene-yubileynoe-vitaminizirovannoe-molochnoe-s-glazuryu-348g-2000603093/
3106,https://dixy.ru/product/pechene-medovoe-sofi-novogodnee-na-palochke-15g-2000605271/
3107,https://dixy.ru/product/pechene-sakharnoe-sladkaya-sloboda-sgushchenochka-360g-2000606353/
3108,https://dixy.ru/product/karamel-rot-front-limonchiki-250g-tst0023680/
3109,https://dixy.ru/product/karamel-ledentsovaya-halls-colors-assorti-6925g-2000617412/
3110,https://dixy.ru/product/konfety-ouchauch-vishnevaya-kola-bez-sakhara-14g-2000639534/
3111,https://dixy.ru/product/karamel-ledentsovaya-bon-pari-fruktovyy-miks-75g-2000000264/
3112,https://dixy.ru/product/draje-tic-tac-yagodnyy-miks-16g-2000308459/
3113,https://dixy.ru/product/draje-skittles-frukty-v-sakharnoy-glazuri-70g-2000426709/
3114,https://dixy.ru/product/ledentsy-halls-mentol-ekstra-25g-2000282370/
3115,https://dixy.ru/product/karamel-bon-pari-fruktovyy-miks-500g-2000530251/
3116,https://dixy.ru/product/desert-jeleynyy-kandi-klab-lapki-24g-2000647358/
3117,https://dixy.ru/product/ledentsy-halls-colors-fruktovye-25g-2000286285/
3118,https://dixy.ru/product/draje-tic-tac-klubnichnyy-miks-16g-2000280790/
3119,https://dixy.ru/product/draje-tic-tac-marakuyya-ananas-16g-2000646672/
3120,https://dixy.ru/product/karamel-chupa-chups-fruit-tella-17g-2000126579/
3121,https://dixy.ru/product/karamel-lyubimye-traditsii-s-limonnoy-nachinkoy-200g-2000269602/
3122,https://dixy.ru/product/marmelad-jevatelnyy-sweet-box-fuggler-s-podarkom-10g-2000650111/
3123,https://dixy.ru/product/karamel-chupa-chups-pleylist-vkusov-xxl-29g-2000395375/
3124,https://dixy.ru/product/konfety-jevatelnye-nota-bum-s-orekhovoy-nachinkoy-2000649812/
3125,https://dixy.ru/product/ledentsy-halls-karamel-so-vkusom-koly-25g-2000338132/
3126,https://dixy.ru/product/konfety-knyajeskie-s-mindalem-200g-2000623213/
3127,https://dixy.ru/product/karamel-ledentsovaya-ouchauch-miks-kislykh-vkusov-40g-2000639371/
3128,https://dixy.ru/product/konfety-luchshee-ot-slavyanki-6-498g-2000634831/
3129,https://dixy.ru/product/karamel-jidkaya-kandi-klab-lipstik-lova-lova-v-assortimente20g-2000647365/
3130,https://dixy.ru/product/sladkaya-vata-kandi-klab-babl-vata-assorti-5g-2000647360/
3131,https://dixy.ru/product/draje-sakharnoe-kandi-klab-khrustyamba-klevo-fruktovo-10g-2000647362/
3132,https://dixy.ru/product/karamel-jidkaya-kandi-klab-zombie-detox-so-vzryvnoy-karamelyu-7g-2000647369/
3133,https://dixy.ru/product/karamel-jidkaya-kandi-klab-kislaya-granata-assorti-50g-2000647366/
3134,https://dixy.ru/product/karamel-vzryvnaya-kandi-klab-klevyy-braslet-s-igrushkoy-i-tatuirovkoy-1g-2000647354/
3135,https://dixy.ru/product/desert-jeleynyy-kandi-klab-morojenka-assorti-45g-2000647361/
3136,https://dixy.ru/product/konfeta-jevatelnaya-kandi-klab-ostraya-pravda-s-tatuirovkoy-15g-2000647355/
3137,https://dixy.ru/product/karamel-vzryvnaya-kandi-klab-mega-mech-s-igrushkoy-i-tatuirovkoy-1g-2000647364/
3138,https://dixy.ru/product/marmelad-azovskaya-kf-frantsuzskiy-sad-jeleynyy-300g-2000285688/
3139,https://dixy.ru/product/marmelad-azovskaya-kf-assorti-300g-2000322089/
3140,https://dixy.ru/product/marmelad-bon-pari-kislye-chervyachki-jevatelnyy-75g-2000000263/
3141,https://dixy.ru/product/marmelad-olifeolayf-miks-s-sokom-250g-2000624071/
3142,https://dixy.ru/product/konfety-liker-v-shokolade-so-vkusom-mokhito-2000649651/
3143,https://dixy.ru/product/marmelad-jevatelnyy-abrau-dyurso-s-dobavleniem-vina-v-assortimente-70g-2000639731/
3144,https://dixy.ru/product/karamel-ledentsovaya-halls-colors-assorti-6925g-2000617412/
3145,https://dixy.ru/product/marmelad-bon-pari-mashinki-jevatelnyy-75g-2000029499/
3146,https://dixy.ru/product/marmelad-jevatelnyy-ouchauch-mishki-250g-2000624831/
3147,https://dixy.ru/product/marmelad-bon-pari-veselye-koshmariki-jevatelnyy-75g-2000312103/
3148,https://dixy.ru/product/marmelad-lucky-days-limon-i-apelsin-300g-2000545103/
3149,https://dixy.ru/product/marmelad-jevatelnyy-fruittella-medvejata-s-fruktovym-sokom-70g-2000001779/
3150,https://dixy.ru/product/marmelad-chupa-chups-straypsy-so-vkusom-klubniki-120g-2000543569/
3151,https://dixy.ru/product/marmelad-chupa-chups-straypsy-yabloko-120g-2000629191/
3152,https://dixy.ru/product/marmelad-jevatelnyy-chupa-chups-fansy-kislye-70-g-2000565311/
3153,https://dixy.ru/product/marmelad-jevatelnyy-fruittella-krutoy-miks-kislyy-70g-2000287492/
3154,https://dixy.ru/product/marmelad-bon-pari-zabavnyy-medvejonok-i-ko-jevatelnyy-120g-2000309314/
3155,https://dixy.ru/product/marmelad-bon-pari-kislye-zmeyki-jevatelnyy-120g-2000309309/
3156,https://dixy.ru/product/marshmellou-kandi-klab-krashmellou-fastfud-9g-2000647367/
3157,https://dixy.ru/product/marmelad-lucky-days-yabloko-grusha-apelsin-malina-300g-2000536851/
3158,https://dixy.ru/product/marmelad-jevatelnyy-bon-pari-zabavnyy-medvejonok-so-vkusom-fruktov-75g-tst0035080/
3159,https://dixy.ru/product/marmelad-jevatelnyy-mamba-fruktovyy-miks-140g-2000317513/
3160,https://dixy.ru/product/marmelad-kislyy-salbro-kusochki-remeshka-mango-marakuyya-80g-2000646512/
3161,https://dixy.ru/product/marmelad-kislyy-salbro-kusochki-karandasha-klubnika-45g-2000646515/
3162,https://dixy.ru/product/marmelad-jevatelnyy-sweet-box-fuggler-s-podarkom-10g-2000650111/
3163,https://dixy.ru/product/marmelad-jevatelnyy-ouch-v-forme-pitstsy-16g-2000649695/
3164,https://dixy.ru/product/marmelad-jevatelnyy-mamba-frukty-i-yogurt-140g-2000317514/
3165,https://dixy.ru/product/marmelad-jevatelnyy-bon-pari-djelli-babls-100g-2000648991/
3166,https://dixy.ru/product/konfety-jevatelnye-nota-bum-s-orekhovoy-nachinkoy-2000649812/
3167,https://dixy.ru/product/konfety-knyajeskie-s-mindalem-200g-2000623213/
3168,https://dixy.ru/product/sukhari-lyubimye-traditsii-s-izyumom-obsypannye-sakharom-300g-2000293703/
3169,https://dixy.ru/product/mini-sushki-lyubimye-traditsii-prostye-180g-2000601093/
3170,https://dixy.ru/product/pastila-belevskaya-olifeolayf-klassicheskaya-bez-sakhara-100g-2000623695/
3171,https://dixy.ru/product/pryaniki-lyubimye-traditsii-so-vkusom-shokolada-400g-2000594792/
3172,https://dixy.ru/product/baranki-lyubimye-traditsii-vanilnye-300g-2000319731/
3173,https://dixy.ru/product/pechene-lucky-days-sdobnye-palochki-s-zemlyanichnym-djemom-370g-2000536003/
3174,https://dixy.ru/product/pechene-d-lyubimye-traditsii-mariya-zatyajnoe-traditsionnoe-400g-2000220318/
3175,https://dixy.ru/product/zefir-dolchemania-belo-rozovyy-300g-2000538475/
3176,https://dixy.ru/product/pastila-dolcemania-s-marmeladoms-aromatom-vanili-220g-2000276200/
3177,https://dixy.ru/product/sushki-lyubimye-traditsii-chelnochok-250g-2000551571/
3178,https://dixy.ru/product/pryaniki-lyubimye-traditsii-s-aromatom-myaty-400g-2000587571/
3179,https://dixy.ru/product/zefir-dolchemania-vanilnyy-300-g-2000538474/
3180,https://dixy.ru/product/pastila-belevskaya-olifeolayf-chernaya-smorodina-bez-sakhara-100g-2000638591/
3181,https://dixy.ru/product/pechene-ovsyanoe-olifeolayf-bez-sakhara-170g-2000625971/
3182,https://dixy.ru/product/sukhari-pervym-delom-vanilnye-250g-2000212289/
3183,https://dixy.ru/product/rulet-biskvitnyy-klubnichnyy-180g-2000544311/
3184,https://dixy.ru/product/konfety-multizlakovye-olifeolayf-s-beloy-i-temnoy-glazuryu-200g-2000629571/
3185,https://dixy.ru/product/merengi-yablochnye-olifeolayf-bez-sakhara-35g-2000631331/
3186,https://dixy.ru/product/pechene-sdobnoe-amelie-ovsyanoe-s-kusochkami-shokolada-250g-2000221434/
3187,https://dixy.ru/product/pryaniki-pervym-delom-klassicheskie-400g-2000592872/
3188,https://dixy.ru/product/konfety-lyubimye-traditsii-ptichya-pesnya-sufle-2000255061/
3189,https://dixy.ru/product/zefir-olifeolayf-antonovka-250g-2000626435/
3190,https://dixy.ru/product/baranki-lyubimye-traditsii-sdobnye-s-makom-300g-tst0001368/
3191,https://dixy.ru/product/marmelad-olifeolayf-miks-s-sokom-250g-2000624071/
3192,https://dixy.ru/product/mini-sushki-lyubimye-traditsii-makovye-180g-2000601092/
3193,https://dixy.ru/product/sdobnye-palochki-lucky-days-s-chernosmorodinovym-djemom-370g-2000536024/
3194,https://dixy.ru/product/zlakovyy-batonchik-olifeolayf-myusli-s-bananom-30g-2000638752/
3195,https://dixy.ru/product/marmelad-jevatelnyy-abrau-dyurso-s-dobavleniem-vina-v-assortimente-70g-2000639731/
3196,https://dixy.ru/product/tort-amelie-ptichkasufle-vozdushnyy-300g-2000608191/
3197,https://dixy.ru/product/vafli-pervym-delom-s-vanilno-slivochnym-vkusom-170g-2000564511/
3198,https://dixy.ru/product/pechene-yashkino-chocostix-v-molochnom-shokolade-130g-2000574814/
3199,https://dixy.ru/product/pechene-posidelkino-ovsyanoe-s-shokoladnymi-kusochkami-310g-2000002140/
3200,https://dixy.ru/product/pechene-lyubyatovo-sakharnoe-toplenoe-moloko-444g-2000293855/
3201,https://dixy.ru/product/pechene-sdobnoe-kukhmaster-zolotaya-simfoniya-230g-2000297967/
3202,https://dixy.ru/product/pechene-yashkino-amerikanskoe-s-shokoladnymi-kaplyami-200g-2000295163/
3203,https://dixy.ru/product/pechene-orion-choco-boy-45g-2000001747/
3204,https://dixy.ru/product/pechene-yubileynoe-molochnoe-s-molochnoy-glazuryu-116g-2000223622/
3205,https://dixy.ru/product/pechene-khlebnyy-spas-krendelki-so-vkusom-kapuchino-320g-2000418043/
3206,https://dixy.ru/product/pechene-zatyajnoe-yashkino-s-klubnichnym-kremom-182g-2000315404/
3207,https://dixy.ru/product/pechene-yubileynoe-traditsionnoe-403g-2000540431/
3208,https://dixy.ru/product/izdelie-muchnoe-konditerskoe-lotte-choco-pie-336g-2000179474/
3209,https://dixy.ru/product/pechene-yashkino-sdobnoe-s-vishnevoy-nachinkoy-137g-2000299135/
3210,https://dixy.ru/product/kreker-yashkino-frantsuzskiy-s-kunjutom-185g-2000165623/
3211,https://dixy.ru/product/pechene-yashkino-sdobnoe-klubnika-137-g-2000274421/
3212,https://dixy.ru/product/pechene-yashkino-sdobnoe-s-apelsinovoy-nachinkoy-137g-2000274429/
3213,https://dixy.ru/product/pechene-cendvich-sakharnoe-forsite-shokoladno-slivochnyy-vkus-208g-2000299138/
3214,https://dixy.ru/product/pechene-yubileynoe-traditsionnoe-224g-2000535031/
3215,https://dixy.ru/product/pechene-konti-super-kontik-so-sgushchennym-molokom-100g-tst0039363/
3216,https://dixy.ru/product/pechene-lucky-days-sdobnye-palochki-s-zemlyanichnym-djemom-370g-2000536003/
3217,https://dixy.ru/product/pechene-d-lyubimye-traditsii-mariya-zatyajnoe-traditsionnoe-400g-2000220318/
3218,https://dixy.ru/product/pechene-dymka-korjik-s-orekhom-270g-2000617551/
3219,https://dixy.ru/product/pechene-posidelkino-ovsyanoe-klassicheskoe-320g-2000225711/
3220,https://dixy.ru/product/izdelie-sdobnoe-master-kond-nevskie-valentinki-200g-2000432389/
3221,https://dixy.ru/product/pirojnoe-orion-choco-pie-orion-original-v-glazuri-360g-d000004589/
3222,https://dixy.ru/product/pechene-belvita-utrennee-tselnye-zlaki-yogurtovaya-nachinka-253g-2000328306/
3223,https://dixy.ru/product/pechene-super-kontik-shokoladnyy-vkus-100g-2000002086/
3224,https://dixy.ru/product/pechene-ovsyanoe-olifeolayf-bez-sakhara-170g-2000625971/
3225,https://dixy.ru/product/konditerskoe-izdelie-choco-pie-180g-tst0000656/
3226,https://dixy.ru/product/pechene-yubileynoe-molochnoe-s-glazuryu-232g-2000326064/
3227,https://dixy.ru/product/pechene-zatyajnoe-yashkino-slivochnyy-krem-190g-2000548631/
3228,https://dixy.ru/product/pirojnoe-biskvitnoe-kinder-pingui-s-molochnoy-nachinkoy-30g-2000000033/
3229,https://dixy.ru/product/pirojnoe-biskvitnoe-kinder-molochnyy-lomtik-so-vkusom-persika-i-marakuyi-28g-2000646251/
3230,https://dixy.ru/product/pirojnoe-medvejonok-barni-biskvitnoe-s-shokoladom-150g-2000015987/
3231,https://dixy.ru/product/pirojnoe-medvejonok-barni-biskvitnoe-s-molokom-150g-2000223611/
3232,https://dixy.ru/product/rulet-russkiy-biskvit-yagodnoe-assorti-175g-2000350859/
3233,https://dixy.ru/product/rulet-biskvitnyy-klubnichnyy-180g-2000544311/
3234,https://dixy.ru/product/vafelnaya-trubochka-khutorok-plombir-65g-2000608091/
3235,https://dixy.ru/product/pirojnoe-biskvitnoe-kinder-molochnyy-lomtik-5kh28g-2000267486/
3236,https://dixy.ru/product/pirojnoe-biskvitnoe-kinder-molochnyy-lomtik-28g-2000000034/
3237,https://dixy.ru/product/pirojnoe-medvejonok-barni-bananovo-yogurtovaya-nachinka-150g-2000190308/
3238,https://dixy.ru/product/mini-kruassany-7days-klubnika-265g-2000598113/
3239,https://dixy.ru/product/pirojnye-leningradskie-sladosti-medovoe-klassicheskoe-300g-2000627834/
3240,https://dixy.ru/product/rulet-sdobnaya-osoba-s-limonom-200g-2000647671/
3241,https://dixy.ru/product/kruassany7days-mini-s-dvoynoy-nachinkoy-vishnya-vanil-265g-2000598112/
3242,https://dixy.ru/product/pirojnye-shokoladnye-russkiy-biskvit-8kh30g-240g-2000187789/
3243,https://dixy.ru/product/rulet-russkiy-biskvit-s-shokoladnym-vkusom-175g-2000574652/
3244,https://dixy.ru/product/nabor-pirojnykh-sloenye-trubochki-so-vzbitymi-slivkami-300g-2000518816/
3245,https://dixy.ru/product/pirojnoe-milka-choco-snack-s-kremom-v-molochnom-shokolade-32-g-2000296503/
3246,https://dixy.ru/product/pirojnye-fili-beyker-muravinyy-domik-pirojnye-400g-2000322850/
3247,https://dixy.ru/product/pirojnoe-fili-beyker-kartoshka-240g-2000148222/
3248,https://dixy.ru/product/pirojnoe-ama-kartoshka-180g-2000637351/
3249,https://dixy.ru/product/pirojnoe-medvejonok-barni-so-vkusom-varenoy-sgushchenki-150g-2000223596/
3250,https://dixy.ru/product/mini-maffiny-lucky-days-s-fruktovo-yagodnoy-nachinkoy-470g-2000541392/
3251,https://dixy.ru/product/rulet-sdobnaya-osoba-s-makom-200g-2000647672/
3252,https://dixy.ru/product/mini-pirojnye-baker-house2-tryufel-240g-2000227854/
3253,https://dixy.ru/product/pirojnoe-khoroshie-produkty-koltso-s-tvorojnym-kremom-200g-2000632771/
3254,https://dixy.ru/product/pirojnye-zavarnye-fili-beyker-ekler-250g-2000198297/
3255,https://dixy.ru/product/rulet-yashkino-vishnya-200g-2000123219/
3256,https://dixy.ru/product/pirojnoe-nevskie-berega-nejno-medovoe-zavarnoe-190g-2000645851/
3257,https://dixy.ru/product/pirojnoe-solokarmen-profitroli-so-vkusom-plombira-300g-2000565233/
3258,https://dixy.ru/product/pryaniki-lyubimye-traditsii-so-vkusom-shokolada-400g-2000594792/
3259,https://dixy.ru/product/pryanik-tulskiy-s-fruktovoy-nachinkoy-130g-2000145592/
3260,https://dixy.ru/product/pryaniki-yashkino-shokoladnye-350g-2000325326/
3261,https://dixy.ru/product/pryaniki-dymka-tsvetok-apelsina-s-tsukatami-zavarnye-300-g-2000572672/
3262,https://dixy.ru/product/pryanik-tulskiy-s-varenoy-sgushchenkoy-130g-2000174149/
3263,https://dixy.ru/product/pryaniki-lyubimye-traditsii-s-aromatom-myaty-400g-2000587571/
3264,https://dixy.ru/product/pryaniki-rot-front-korovka-shokoladnoe-moloko-300g-2000431816/
3265,https://dixy.ru/product/pryaniki-pervym-delom-klassicheskie-400g-2000592872/
3266,https://dixy.ru/product/pryaniki-dymka-koltso-zavarnoe-so-vkusom-ananasa-300-g-2000572671/
3267,https://dixy.ru/product/mini-pryaniki-yashkino-s-malinovoy-nachinkoy-300g-2000610452/
3268,https://dixy.ru/product/pryaniki-khlebnyy-dom-s-vishnevoy-nachinkoy-300g-2000647935/
3269,https://dixy.ru/product/pryaniki-dymka-sochnoe-mango-300-g-2000587372/
3270,https://dixy.ru/product/pryaniki-dymka-orekhovye-300-g-2000587371/
3271,https://dixy.ru/product/pryanik-tulskiy-imbir-i-martsipan-130g-2000433935/
3272,https://dixy.ru/product/pryanik-tulskiy-yabloko-i-oblepikha-130g-2000418818/
3273,https://dixy.ru/product/pryaniki-dymka-medovye-300g-2000643032/
3274,https://dixy.ru/product/tort-cheremushki-molochnaya-devochka-s-chernikoy-i-ejevikoy-400g-2000628931/
3275,https://dixy.ru/product/tort-ama-polet-450g-2000586951/
3276,https://dixy.ru/product/tort-vafelnyy-kolomenskoe-shokoladnitsa-portsionnyy-s-karamelyu-180g-2000402463/
3277,https://dixy.ru/product/pirog-tirolskie-pirogi-klubnika-660g-2000500291/
3278,https://dixy.ru/product/tort-ama-skazochka-450g-2000540112/
3279,https://dixy.ru/product/pirog-sdobnaya-osoba-avstriyskiy-shtrudel-klubnika-plombir-400g-2000336864/
3280,https://dixy.ru/product/tort-cheremushki-ptiche-oblakoptiche-chudo-450g-2000536744/
3281,https://dixy.ru/product/tort-fili-beyker-napoleon-660g-2000410019/
3282,https://dixy.ru/product/tort-amelie-ptichkasufle-vozdushnyy-300g-2000608191/
3283,https://dixy.ru/product/tort-vafelnyy-kolomenskiy-shokoladnitsa-s-arakhisom-400g-tst0017342/
3284,https://dixy.ru/product/pirog-sdobnaya-osoba-avstriyskiy-shtrudel-malina-molochnyy-shokolad-400g-2000618731/
3285,https://dixy.ru/product/tort-cheremushki-charodeyka-biskvitnyy-650g-tst0018408/
3286,https://dixy.ru/product/tort-amelie-napoleon-500g-2000638172/
3287,https://dixy.ru/product/shtrudel-sdobnaya-osoba-avstriyskiy-limon-i-apelsin-400g-2000317589/
3288,https://dixy.ru/product/tort-cheremushki-praga-biskvitnyy-720g-2000307008/
3289,https://dixy.ru/product/tort-biskvitnyy-rulet-skazka-solo-karmen-500g-2000624413/
3290,https://dixy.ru/product/tort-kolomenskoe-shokoladnitsa-s-fundukom-230g-2000552891/
3291,https://dixy.ru/product/tort-vkus-detstva-napoleon-500g-2000625811/
3292,https://dixy.ru/product/chizkeyk-venskiy-tsekh-370g-2000608251/
3293,https://dixy.ru/product/sladost-nevskie-berega-vostochnaya-slivochno-orekhovaya-350g-2000190687/
3294,https://dixy.ru/product/mini-maffiny-lucky-days-s-fruktovo-yagodnoy-nachinkoy-470g-2000541392/
3295,https://dixy.ru/product/tort-solokarmen-snikers-kombinirovannyy-650g-2000565232/
3296,https://dixy.ru/product/tort-cheremushki-tiramisu-biskvitnyy-430g-2000208050/
3297,https://dixy.ru/product/rulet-cheremushki-sdobnaya-osoba-s-makovoy-nachinkoy-400g-tst0038682/
3298,https://dixy.ru/product/pirog-amelie-chernichnyy-350g-2000639135/
3299,https://dixy.ru/product/tort-khoroshie-produkty-tiramisu-500g-2000641691/
3300,https://dixy.ru/product/tort-mishel-madonna-plombirnyy-570g-2000506942/
3301,https://dixy.ru/product/chizkeyk-venskiy-tsekh-san-sebastyan-430g-2000646031/
3302,https://dixy.ru/product/tort-venskiy-tsekh-fistashkovyy-plombir-420g-2000561272/
3303,https://dixy.ru/product/tort-mishel-orekhovyy-620g-2000624798/
3304,https://dixy.ru/product/shokolad-alenka-molochnyy-75g-10f0045393/
3305,https://dixy.ru/product/shokolad-babaevskiy-lyuks-temnyy-75g-1100072978/
3306,https://dixy.ru/product/shokolad-babaevskiy-gorkiy-7590g-2000227778/
3307,https://dixy.ru/product/shokolad-alenka-molochnyy-mnogo-moloka-75g-2000266303/
3308,https://dixy.ru/product/shokolad-molochnyy-dubai-chocolate-kataifi-s-fistashkami-30g-2000609791/
3309,https://dixy.ru/product/shokolad-alpen-gold-molochnyy-80g-2000004713/
3310,https://dixy.ru/product/shokolad-alpen-gold-molochnyy-funduk-80g-di00079674/
3311,https://dixy.ru/product/shokolad-milka-molochnyy-80g-2000223856/
3312,https://dixy.ru/product/shokolad-belyy-alpen-gold-klubnika-kokos-75g-2000617071/
3313,https://dixy.ru/product/shokolad-alpen-gold-belyy-poristyy-75g-2000528932/
3314,https://dixy.ru/product/shokolad-kinder-molochnyy-s-molochnoy-nachinkoy-100g-2000001702/
3315,https://dixy.ru/product/shokolad-osobyy-85g-di00077739/
3316,https://dixy.ru/product/shokolad-alpen-gold-molochnyy-funduk-i-izyum-80g-di00079675/
3317,https://dixy.ru/product/batonchik-angel-hair-pishmanie-fistashkovyy-krem-v-glazuri-45g-2000636832/
3318,https://dixy.ru/product/shokolad-rossiya--shchedraya-dusha-molochnyy-72g-2000264937/
3319,https://dixy.ru/product/shokolad-alpen-gold-molochnyy-s-oreo-85g-2000262451/
3320,https://dixy.ru/product/shokoladnyy-batonchik-babyfox-s-molochnoy-nachinkoy-45g-2000546078/
3321,https://dixy.ru/product/shokoladnyy-batonchik-snickers-super-80g-di00078665/
3322,https://dixy.ru/product/shokolad-gorkiy-rossiyskiy-75g-2000220298/
3323,https://dixy.ru/product/shokolad-ritter-sport-molochnyy-s-tselnym-lesnym-orekhom-100g-2000001697/
3324,https://dixy.ru/product/shokolad-temnyy-babaevskiy-s-kusochkami-greypfruta-90g-2000573952/
3325,https://dixy.ru/product/batonchik-twix-xtra-shokoladnyy-82g-2000001680/
3326,https://dixy.ru/product/shokolad-alpen-gold-molochnyy-arakhis-i-khlopya-80g-tst0042895/
3327,https://dixy.ru/product/shokolad-gorkiy-babaevskiy-elitnyy-75-75g-2000633731/
3328,https://dixy.ru/product/shokolad-gorkiy-kommunarka-s-nachinkoy-arbuz-ananas-200g-2000578351/
3329,https://dixy.ru/product/shokolad-temnyy-kommunarka-vishnya-s-pertsem-200g-2000606671/
3330,https://dixy.ru/product/shokolad-rossiya-shchedraya-dusha-kofe-s-molokom-75g-2000000274/
3331,https://dixy.ru/product/shokolad-ritter-sport-molochnyy-s-romom-izyumom-i-orekhom-100g-2000001696/
3332,https://dixy.ru/product/shokolad-alpen-gold-oreo-chizkeyk-85g-2000317968/
3333,https://dixy.ru/product/batonchik-bounty-trio-shokoladnyy-s-kokosovoy-nachinkoy-825g-2000001682/
3334,https://dixy.ru/product/pasta-nutella-orekhovaya-s-dobavleniem-kakao-350g-tst0042910/
3335,https://dixy.ru/product/pasta-shokoladno-orekhovaya-milka-350g-2000528934/
3336,https://dixy.ru/product/pasta-orekhovaya-nutella-s-dobavleniem-kakao-180g-2000001794/
3337,https://dixy.ru/product/nabor-a4-shoko-pasta-khlebnye-palochki-orekhovaya-pasta-52g-2000622771/
3338,https://dixy.ru/product/palochki-khlebnye-krispiki-s-shokoladno-orekhovoy-pastoy-35g-2000584573/
3339,https://dixy.ru/product/pasta-shokoladno-arakhisovaya-zolotoy-step-220g-2000350945/
3340,https://dixy.ru/product/pasta-lucky-days-shokoladno-molochnaya-350-g-2000572691/
3341,https://dixy.ru/product/pasta-nut-paste-s-fundukom-i-kakao-330g-2000584311/
3342,https://dixy.ru/product/pasta-arakhisovaya-lojka-sily-250g-2000614491/
3343,https://dixy.ru/product/pasta-orekhovaya-babyfox-270g-2000618911/
3344,https://dixy.ru/product/pasta-orekhovaya-milka-s-kakao-180g-2000633094/
3345,https://dixy.ru/product/konfety-slavyanka-zolotoy-step-2000132481/
3346,https://dixy.ru/product/konfety-chernosliv-ispanskiy-v-glazuri-200-g-2000148397/
3347,https://dixy.ru/product/konfety-abrikos-v-glazuri-200-g-2000212690/
3348,https://dixy.ru/product/karamel-ledentsovaya-halls-colors-assorti-6925g-2000617412/
3349,https://dixy.ru/product/konfety-krokant-grilyajnye-s-mindalem-2000234152/
3350,https://dixy.ru/product/konfety-twix-minis-s-pesochnym-pechenem-v-shokolade-2000234071/
3351,https://dixy.ru/product/konfety-shokoladnye-mars-minis-182g-2000228172/
3352,https://dixy.ru/product/konfety-glazirovannye-kremlina-chernosliv-shokoladnyy-190g-2000335985/
3353,https://dixy.ru/product/konfety-rotfront-grilyaj-v-shokolade-s-fundukom-200g-2000269205/
3354,https://dixy.ru/product/shokoladnye-batonchiki-snickers-v-assortimente-180g-2000275182/
3355,https://dixy.ru/product/konfety-bon-bonel-mini-assorti-2000632874/
3356,https://dixy.ru/product/konfety-bounty-shokoladnye-2000279846/
3357,https://dixy.ru/product/konfety-knyajeskie-s-mindalem-200g-2000623213/
3358,https://dixy.ru/product/konfety-luchshee-ot-slavyanki-6-498g-2000634831/
3359,https://dixy.ru/product/konfety-snickers-minis-batonchiki-2000234091/
3360,https://dixy.ru/product/batonchik-mars-minis-shokoladnyy-s-nugoy-i-karamelyu-2000313790/
3361,https://dixy.ru/product/konfety-kremlevdolce-energy-chernosliv-shokoladnyy-2000551892/
3362,https://dixy.ru/product/konfety-kremlina-chernosliv-v-shokolade-2000580291/
3363,https://dixy.ru/product/marmelad-udarnitsa-assorti-yabloko-persik-vishnya-chernaya-smorodina-275g-2000602511/
3364,https://dixy.ru/product/konfety-letnie-istorii-so-vkusom-slivy-2000609652/
3365,https://dixy.ru/product/konfety-konti-frumba-mango-2000609175/
3366,https://dixy.ru/product/konfety-zlatotsvet-2000610171/
3367,https://dixy.ru/product/konfety-gabi-solenaya-karamel-s-arakhisom-2000614511/
3368,https://dixy.ru/product/konfety-betty-assorti-2000614512/
3369,https://dixy.ru/product/desert-tryufelnyy-janets-bakery-monako-2000615934/
3370,https://dixy.ru/product/konfety-fabrika-im-krupskoy-mini-tortik-baltiyskiy-2000616211/
3371,https://dixy.ru/product/mini-batonchiki-myusli-no-sugar-arakhis-multizlaki-2000617321/
3372,https://dixy.ru/product/konfety-vafelnye-zoloto-natsii-s-shokoladno-malinovym-vkusom-2000617531/
3373,https://dixy.ru/product/konfety-lesnaya-tayna-2000618471/
3374,https://dixy.ru/product/konfety-atlamente-chernaya-smorodinakakao-arakhis-2000618371/
3375,https://dixy.ru/product/steyk-grudki-indeyki-indilayt-okhlajdennyy-525g-2000315665/
3376,https://dixy.ru/product/file-tsyplenka-broylera-petelinka-bez-koji-v-upakovke-2000180302/
3377,https://dixy.ru/product/bedro-tsyplyat-broylerov-pervaya-svejest-v-upakovke-2000276259/
3378,https://dixy.ru/product/bedro-kurinoe-petelinka-beskostnoe-bez-koji-okhlajdennoe-2000259938/
3379,https://dixy.ru/product/golen-tsyplenka-broylera-pervaya-svejest-okhlajdennaya-750-g-2000575895/
3380,https://dixy.ru/product/otbivnaya-pava-pava-iz-file-grudki-indeyki-okhlajdennaya-300g-2000608732/
3381,https://dixy.ru/product/myakot-bedra-indeyki-indilayt-na-kostochke-400g-2000632174/
3382,https://dixy.ru/product/file-grudki-indeyki-pava-pava-premium-okhlajdennoe-500g-2000562231/
3383,https://dixy.ru/product/file-bedra-indeyki-pava-pava-okhlajdennoe-450g-2000541891/
3384,https://dixy.ru/product/tsyplenok-broyler-petelinka-okhlajdennyy-2000562232/
3385,https://dixy.ru/product/golen-tsyplenka-broylera-petelinka-okhlajdennaya-v-upakovke-2000180298/
3386,https://dixy.ru/product/file-bedra-tsyplenka-broylera-pervaya-svejest-okhlajdennoe-750g-2000575893/
3387,https://dixy.ru/product/file-bedra-troekurovo-tsyplenka-broylera-okhlajdennoe-750g-2000301506/
3388,https://dixy.ru/product/file-troekurovo-tsyplenka-broylera-okhlajdennoe-900g-2000301509/
3389,https://dixy.ru/product/grudka-tsyplyat-broylerov-petelinka-bez-koji-okhlajdennaya-2000292548/
3390,https://dixy.ru/product/krylya-tsyplenka-broylera-pervaya-svejest-750-g-2000326048/
3391,https://dixy.ru/product/bedro-tsyplenka-broylera-petelinka-v-upakovke-2000180296/
3392,https://dixy.ru/product/krylo-tsyplenka-broylera-petelinka-2000260002/
3393,https://dixy.ru/product/kurochka-supovaya-zamorojennaya-2000540415/
3394,https://dixy.ru/product/bedro-tsyplyat-broylerov-v-assortimente-fasovannoe-di00080024/
3395,https://dixy.ru/product/eskalop-pava-pava-iz-indeyki-480g-2000642831/
3396,https://dixy.ru/product/file-grudki-indeyki-indilayt-okhlajdennaya-500g-2000301144/
3397,https://dixy.ru/product/file-goleni-indeyki-pava-pava-okhlajdennoe-450g-2000561371/
3398,https://dixy.ru/product/file-grudki-indeyki-pava-pava-okhlajdennoe-500g-2000421563/
3399,https://dixy.ru/product/tushka-utki-zamorojennaya-2000324100/
3400,https://dixy.ru/product/serdtse-troekurovo-tsyplenka-broylera-okhlajdennoe-lotok-500g-2000301511/
3401,https://dixy.ru/product/pechen-tsyplenka-broylera-pervaya-svejest-okhlajdennaya-450g-2000547633/
3402,https://dixy.ru/product/nabor-pervaya-svejest-dlya-supa-kurinyy-v-upakovke-2000280411/
3403,https://dixy.ru/product/shei-tsyplyat-broylerov-pervaya-svejest-okhlajdennye-600g-2000287908/
3404,https://dixy.ru/product/pechen-troekurovo-kurinaya-okhlajdennaya-500g-2000287740/
3405,https://dixy.ru/product/rebryshki-svinye-cherkizovo-appetitnye-v-marinade-2000553153/
3406,https://dixy.ru/product/svinina-cherkizovo-po-dijonski-okhlajdennaya-700g-2000575594/
3407,https://dixy.ru/product/medalony-iz-indeyki-indilayt-v-marinade-500g-2000633338/
3408,https://dixy.ru/product/tsyplenok-tabaka-troekurovo-marinovannyy-okhlajdennyy-2000567057/
3409,https://dixy.ru/product/steyk-ekspress-indilayt-iz-file-grudki-indeyki-v-spetsiyakh350g-2000632173/
3410,https://dixy.ru/product/otbivnaya-pava-pava-iz-file-grudki-indeyki-okhlajdennaya-300g-2000608732/
3411,https://dixy.ru/product/myakot-bedra-indeyki-indilayt-na-kostochke-400g-2000632174/
3412,https://dixy.ru/product/shashlyk-iz-svininy-slova-myasnika-2000566472/
3413,https://dixy.ru/product/shashlyk-svinoy-miratorg-delikatesnyy-okhlajdennyy-2000340649/
3414,https://dixy.ru/product/shashlyk-kurinyy-nasha-ptichka-sochnyy-miks-2000618691/
3415,https://dixy.ru/product/kolbaski-blijnie-gorki-bavarskie-okhlajdennye-300g-2000591294/
3416,https://dixy.ru/product/kupaty-myasoedov-okhlajdennye-400g-2000216431/
3417,https://dixy.ru/product/chevapchichi-blijnie-gorki-iz-svininy-300g-2000311165/
3418,https://dixy.ru/product/kolbaski-cherkizovo-po-domashnemu-s-chesnokom-450g-2000419133/
3419,https://dixy.ru/product/kolbaski-miratorg-black-angus-chevapchichi-iz-govyadiny-300g-2000256291/
3420,https://dixy.ru/product/kolbaski-blijnie-gorki-shashlychnye-okhlajdennye-400-g-2000292286/
3421,https://dixy.ru/product/kolbaski-miratorg-nemetskie-okhlajdennye-400g-2000541571/
3422,https://dixy.ru/product/kotlety-myasoedov-po-domashnemu-400g-2000636616/
3423,https://dixy.ru/product/kolbaski-kurinye-pervaya-svejest-s-syrom-500g-2000289726/
3424,https://dixy.ru/product/mini-rebryshki-blijnie-gorki-v-marinade-2000623275/
3425,https://dixy.ru/product/steyk-myaso-est-minutka-v-marinade-150g-2000638971/
3426,https://dixy.ru/product/kotlety-cherkizovo-sochnye-400g-2000636491/
3427,https://dixy.ru/product/azu-pava-pava-iz-myasa-indeyki-450g-2000636951/
3428,https://dixy.ru/product/kolbaski-slovo-myasnika-sitsiliyskie-280g-2000648551/
3429,https://dixy.ru/product/shashlyk-indilayt-iz-indeyki-klassicheskiy-700g-2000648811/
3430,https://dixy.ru/product/steyk-iz-koreyki-samson-v-marinade-400g-2000618258/
3431,https://dixy.ru/product/kolbaski-kurinye-petelinka-dlya-grilya-350g-2000650272/
3432,https://dixy.ru/product/steyk-v-marinade-iz-svininy-blijnie-gorki-400g-2000649997/
3433,https://dixy.ru/product/kolbaski-blijnie-gorki-iz-svininy-s-kartofelem-350g-2000648391/
3434,https://dixy.ru/product/kupaty-indilayt-dva-myasa-indeyka-govyadina-350g-2000647591/
3435,https://dixy.ru/product/farsh-svinoy-myasoedovmyasolyubov-300g-2000410178/
3436,https://dixy.ru/product/farsh-myasoedovmyasolyubov-domashniy-400g-2000207933/
3437,https://dixy.ru/product/farsh-govyajiy-myasolyubov-400g-2000207953/
3438,https://dixy.ru/product/kupaty-myasoedov-okhlajdennye-400g-2000216431/
3439,https://dixy.ru/product/kotlety-myasoedov-po-domashnemu-400g-2000636616/
3440,https://dixy.ru/product/podjarka-svinaya-myasoedovmyasolyubov-400g-2000269601/
3441,https://dixy.ru/product/otbivnye-cherkizovo-iz-karbonada-400g-2000625652/
3442,https://dixy.ru/product/vyrezka-svinaya-okhlajdennaya-v-assortimente-2000558031/
3443,https://dixy.ru/product/karbonad-svinoy-okhlajdennyy-v-assortimente-2000187750/
3444,https://dixy.ru/product/gulyash-iz-svininy-slovo-myasnika-okhlajdennyy-400g-2000340710/
3445,https://dixy.ru/product/bekon-dlya-jarki-blijnie-gorki-iz-svininy-narezka-260g-2000414199/
3446,https://dixy.ru/product/lopatka-svinaya-okhlajdennaya-v-assortimente-2000309996/
3447,https://dixy.ru/product/okorok-svinoy-okhlajdennyy-v-assortimente-2000332662/
3448,https://dixy.ru/product/podjarka-svinaya-myasoedovmyasolyubov-400g-2000269601/
3449,https://dixy.ru/product/steyk-miratorg-sochnyy-iz-svinoy-koreyki-okhlajdennyy-400-g-2000273002/
3450,https://dixy.ru/product/nabor-dlya-supa-slovo-myasnika-okhlajdennyy-500g-2000576952/
3451,https://dixy.ru/product/myaso-svinoe-kotletnoe-okhlajdennoe-v-upakovke-2000577133/
3452,https://dixy.ru/product/rebra-svinye-okhlajdennye-2000599651/
3453,https://dixy.ru/product/ragu-blijnie-gorki-dlya-tusheniya-400g-2000417181/
3454,https://dixy.ru/product/ragu-miratorg-iz-svininy-okhlajdennoe-400-g-2000229112/
3455,https://dixy.ru/product/nojki-svinye-zamorojennye-v-assortimente-2000310965/
3456,https://dixy.ru/product/rebra-svinye-slovo-myasnika-s-koreyki-okhlajdennye-2000567092/
3457,https://dixy.ru/product/svinina-tushenaya-semidal-325g-2000616631/
3458,https://dixy.ru/product/sheyka-svinaya-okhlajdennaya-v-assortimente-2000306445/
3459,https://dixy.ru/product/steyk-v-marinade-iz-svininy-blijnie-gorki-400g-2000649997/
3460,https://dixy.ru/product/medalon-iz-svinoy-vyrezki-cherkizovo-okhlajdennyy-500g-2000321668/
3461,https://dixy.ru/product/govyadina-ekol-po-derevenski-okhlajdennaya-400g-2000600931/
3462,https://dixy.ru/product/steyk-miratorg-black-angus-minutka-iz-mramornoy-govyadiny-190g-2000309225/
3463,https://dixy.ru/product/pechen-govyajya-zamorojennaya-v-assortimente-v-upakovke-2000310966/
3464,https://dixy.ru/product/supovoy-nabor-govyajiy-ekol-okhlajdennyy-400-g-2000565112/
3465,https://dixy.ru/product/myakot-sheynoy-chasti-myaso-est-govyadina-400g-2000638973/
3466,https://dixy.ru/product/govyadina-dlya-tusheniya-vesko-okhlajdennaya-400g-2000565131/
3467,https://dixy.ru/product/steyk-miratorg-parizen-blek-angus-290g-2000514250/
3468,https://dixy.ru/product/steyk-babochka-miratorg-iz-mramornoy-govyadiny-okhlajdennyy-260g-2000608031/
3469,https://dixy.ru/product/ragu-miratorg-govyaje-zamorojennoe-2000312590/
3470,https://dixy.ru/product/steyk-miratorg-black-angus-striployn-iz-govyadiny-320g-2000331766/
3471,https://dixy.ru/product/myaso-kotletnoe-svoy-fermer-iz-govyadiny-500g-2000647372/
3472,https://dixy.ru/product/farsh-blijnie-gorki-derevenskiy-okhlajdennyy-400g-2000295877/
3473,https://dixy.ru/product/farsh-svinoy-myasoedovmyasolyubov-300g-2000410178/
3474,https://dixy.ru/product/farsh-myasoedovmyasolyubov-domashniy-400g-2000207933/
3475,https://dixy.ru/product/farsh-miratorg-govyajiy-okhlajdennyy-400g-2000322809/
3476,https://dixy.ru/product/farsh-govyajiy-myasolyubov-400g-2000207953/
3477,https://dixy.ru/product/farsh-kurinyy-petelinka-premium-okhlajdennyy-450g-2000549493/
3478,https://dixy.ru/product/farsh-pava-pava-nejnyy-iz-indeyki-okhlajdennyy-450g-2000277858/
3479,https://dixy.ru/product/kolbaski-blijnie-gorki-bavarskie-okhlajdennye-300g-2000591294/
3480,https://dixy.ru/product/kupaty-myasoedov-okhlajdennye-400g-2000216431/
3481,https://dixy.ru/product/chevapchichi-blijnie-gorki-iz-svininy-300g-2000311165/
3482,https://dixy.ru/product/kolbaski-cherkizovo-po-domashnemu-s-chesnokom-450g-2000419133/
3483,https://dixy.ru/product/kolbaski-miratorg-black-angus-chevapchichi-iz-govyadiny-300g-2000256291/
3484,https://dixy.ru/product/kolbaski-blijnie-gorki-shashlychnye-okhlajdennye-400-g-2000292286/
3485,https://dixy.ru/product/kolbaski-miratorg-nemetskie-okhlajdennye-400g-2000541571/
3486,https://dixy.ru/product/farsh-slovo-myasnika-fermerskiy-370g-2000629511/
3487,https://dixy.ru/product/farsh-kurinyy-pervaya-svejest-traditsionnyy-400g-2000630851/
3488,https://dixy.ru/product/farsh-cherkizovo-legkiy-400g-2000631993/
3489,https://dixy.ru/product/farsh-govyajiy-velikolukskiy-mk-okhlajdennyy-400g-2000599652/
3490,https://dixy.ru/product/farsh-miratorg-domashniy-400g-2000314253/
3491,https://dixy.ru/product/farsh-kurinyy-pf-severnaya-traditsionnyy-500g-2000649273/
3492,https://dixy.ru/product/kebabchichi-miratorg-iz-govyadiny-i-yagnyatiny-molochnyy-yagnenok-300g-2000633571/
3493,https://dixy.ru/product/kupaty-miratorg-ekstra-svinye-400-g-2000294864/
3494,https://dixy.ru/product/kolbaski-svinye-blijnie-gorki-gril-chiz-350g-2000647271/
3495,https://dixy.ru/product/steyk-grudki-indeyki-indilayt-okhlajdennyy-525g-2000315665/
3496,https://dixy.ru/product/otbivnaya-pava-pava-iz-file-grudki-indeyki-okhlajdennaya-300g-2000608732/
3497,https://dixy.ru/product/myakot-bedra-indeyki-indilayt-na-kostochke-400g-2000632174/
3498,https://dixy.ru/product/file-grudki-indeyki-pava-pava-premium-okhlajdennoe-500g-2000562231/
3499,https://dixy.ru/product/file-bedra-indeyki-pava-pava-okhlajdennoe-450g-2000541891/
3500,https://dixy.ru/product/eskalop-pava-pava-iz-indeyki-480g-2000642831/
3501,https://dixy.ru/product/file-grudki-indeyki-indilayt-okhlajdennaya-500g-2000301144/
3502,https://dixy.ru/product/file-goleni-indeyki-pava-pava-okhlajdennoe-450g-2000561371/
3503,https://dixy.ru/product/file-grudki-indeyki-pava-pava-okhlajdennoe-500g-2000421563/
3504,https://dixy.ru/product/tushka-utki-zamorojennaya-2000324100/
3505,https://dixy.ru/product/azu-pava-pava-iz-myasa-indeyki-450g-2000636951/
3506,https://dixy.ru/product/gulyash-iz-indeyki-indilayt-okhlajdennyy-300-g-2000555572/
3507,https://dixy.ru/product/shashlyk-indilayt-iz-indeyki-klassicheskiy-700g-2000648811/
3508,https://dixy.ru/product/eskalop-iz-indeyki-pava-pava-okhlajdennyy-600g-2000407531/
3509,https://dixy.ru/product/tushka-utenka-ozerka-okhlajdennaya-1-sort-2000409573/
3510,https://dixy.ru/product/azu-file-grudki-indeyki-indilayt-okhlajdennoe-500-g-2000318688/
3511,https://dixy.ru/product/rebryshki-svinye-cherkizovo-appetitnye-v-marinade-2000553153/
3512,https://dixy.ru/product/svinina-cherkizovo-po-dijonski-okhlajdennaya-700g-2000575594/
3513,https://dixy.ru/product/medalony-iz-indeyki-indilayt-v-marinade-500g-2000633338/
3514,https://dixy.ru/product/tsyplenok-tabaka-troekurovo-marinovannyy-okhlajdennyy-2000567057/
3515,https://dixy.ru/product/steyk-ekspress-indilayt-iz-file-grudki-indeyki-v-spetsiyakh350g-2000632173/
3516,https://dixy.ru/product/farsh-blijnie-gorki-derevenskiy-okhlajdennyy-400g-2000295877/
3517,https://dixy.ru/product/farsh-svinoy-myasoedovmyasolyubov-300g-2000410178/
3518,https://dixy.ru/product/farsh-myasoedovmyasolyubov-domashniy-400g-2000207933/
3519,https://dixy.ru/product/farsh-miratorg-govyajiy-okhlajdennyy-400g-2000322809/
3520,https://dixy.ru/product/farsh-govyajiy-myasolyubov-400g-2000207953/
3521,https://dixy.ru/product/frikadelki-blijnie-gorki-svinye-okhlajdennye-360g-2000299584/
3522,https://dixy.ru/product/farsh-kurinyy-petelinka-premium-okhlajdennyy-450g-2000549493/
3523,https://dixy.ru/product/shnitsel-kurinyy-troekurovo-rublenyy-okhlajdennyy-350g-2000336436/
3524,https://dixy.ru/product/mini-kotletki-kurinye-miratorg-s-motsarelloy-380g-2000605012/
3525,https://dixy.ru/product/farsh-pava-pava-nejnyy-iz-indeyki-okhlajdennyy-450g-2000277858/
3526,https://dixy.ru/product/tefteli-troekurovo-iz-kurinogo-myasa-okhlajdennye-350g-2000285160/
3527,https://dixy.ru/product/shashlyk-iz-svininy-slova-myasnika-2000566472/
3528,https://dixy.ru/product/shashlyk-svinoy-miratorg-delikatesnyy-okhlajdennyy-2000340649/
3529,https://dixy.ru/product/stripsy-kurinye-pervaya-svejest-v-panirovke-350g-2000627811/
3530,https://dixy.ru/product/shashlyk-kurinyy-nasha-ptichka-sochnyy-miks-2000618691/
3531,https://dixy.ru/product/kolbaski-blijnie-gorki-bavarskie-okhlajdennye-300g-2000591294/
3532,https://dixy.ru/product/kotlety-slovo-myasnika-slivochnye-okhlajdennye-360g-2000575832/
3533,https://dixy.ru/product/kupaty-myasoedov-okhlajdennye-400g-2000216431/
3534,https://dixy.ru/product/chevapchichi-blijnie-gorki-iz-svininy-300g-2000311165/
3535,https://dixy.ru/product/burger-miratorg-iz-govyadiny-okhlajdennyy-formovannyy-200-g-2000274881/
3536,https://dixy.ru/product/kolbaski-cherkizovo-po-domashnemu-s-chesnokom-450g-2000419133/
3537,https://dixy.ru/product/kolbaski-miratorg-black-angus-chevapchichi-iz-govyadiny-300g-2000256291/
3538,https://dixy.ru/product/kolbaski-blijnie-gorki-shashlychnye-okhlajdennye-400-g-2000292286/
3539,https://dixy.ru/product/kolbaski-miratorg-nemetskie-okhlajdennye-400g-2000541571/
3540,https://dixy.ru/product/kotlety-myasoedov-po-domashnemu-400g-2000636616/
3541,https://dixy.ru/product/file-tsyplenka-broylera-petelinka-bez-koji-v-upakovke-2000180302/
3542,https://dixy.ru/product/bedro-tsyplyat-broylerov-pervaya-svejest-v-upakovke-2000276259/
3543,https://dixy.ru/product/bedro-kurinoe-petelinka-beskostnoe-bez-koji-okhlajdennoe-2000259938/
3544,https://dixy.ru/product/golen-tsyplenka-broylera-pervaya-svejest-okhlajdennaya-750-g-2000575895/
3545,https://dixy.ru/product/tsyplenok-broyler-petelinka-okhlajdennyy-2000562232/
3546,https://dixy.ru/product/golen-tsyplenka-broylera-petelinka-okhlajdennaya-v-upakovke-2000180298/
3547,https://dixy.ru/product/file-bedra-tsyplenka-broylera-pervaya-svejest-okhlajdennoe-750g-2000575893/
3548,https://dixy.ru/product/file-bedra-troekurovo-tsyplenka-broylera-okhlajdennoe-750g-2000301506/
3549,https://dixy.ru/product/file-troekurovo-tsyplenka-broylera-okhlajdennoe-900g-2000301509/
3550,https://dixy.ru/product/grudka-tsyplyat-broylerov-petelinka-bez-koji-okhlajdennaya-2000292548/
3551,https://dixy.ru/product/krylya-tsyplenka-broylera-pervaya-svejest-750-g-2000326048/
3552,https://dixy.ru/product/bedro-tsyplenka-broylera-petelinka-v-upakovke-2000180296/
3553,https://dixy.ru/product/krylo-tsyplenka-broylera-petelinka-2000260002/
3554,https://dixy.ru/product/kurochka-supovaya-zamorojennaya-2000540415/
3555,https://dixy.ru/product/bedro-tsyplyat-broylerov-v-assortimente-fasovannoe-di00080024/
3556,https://dixy.ru/product/file-tsyplenka-broylera-petelinka-maloe-okhlajdennoe-550g-2000407516/
3557,https://dixy.ru/product/file-tsyplenka-broylera-petelinka-medalon-okhlajdennoe-550g-2000317425/
3558,https://dixy.ru/product/file-tsyplenka-broylera-petelinka-medalon-450g-2000647012/
3559,https://dixy.ru/product/file-grudki-pervaya-svejest-tsyplyat-broylerov-750g-2000646172/
3560,https://dixy.ru/product/file-tsyplenka-broylera-petelinka-maloe-450g-2000647011/
3561,https://dixy.ru/product/tsyplenok-broyler-okhlajdennyy-v-assortimente-v-upakovke-10e0073977/
3562,https://dixy.ru/product/golen-tsyplyat-broylerov-v-assortimente-fasovannaya-2000002718/
3563,https://dixy.ru/product/file-tsyplyat-broylerov-v-assortimente-fasovannoe-di00080023/
3564,https://dixy.ru/product/golen-tsyplyat-broylerov-s-kojey-pf-severnaya-750g-2000649292/
3565,https://dixy.ru/product/file-grudki-bez-koji-pf-severnaya-750g-2000649293/
3566,https://dixy.ru/product/krylo-tsyplyat-broylerov-ptitsefabrika-severnaya-750g-2000649696/
3567,https://dixy.ru/product/steyk-grudki-indeyki-indilayt-okhlajdennyy-525g-2000315665/
3568,https://dixy.ru/product/govyadina-ekol-po-derevenski-okhlajdennaya-400g-2000600931/
3569,https://dixy.ru/product/steyk-miratorg-black-angus-minutka-iz-mramornoy-govyadiny-190g-2000309225/
3570,https://dixy.ru/product/medalony-iz-indeyki-indilayt-v-marinade-500g-2000633338/
3571,https://dixy.ru/product/steyk-ekspress-indilayt-iz-file-grudki-indeyki-v-spetsiyakh350g-2000632173/
3572,https://dixy.ru/product/otbivnaya-pava-pava-iz-file-grudki-indeyki-okhlajdennaya-300g-2000608732/
3573,https://dixy.ru/product/myakot-bedra-indeyki-indilayt-na-kostochke-400g-2000632174/
3574,https://dixy.ru/product/shashlyk-kurinyy-nasha-ptichka-sochnyy-miks-2000618691/
3575,https://dixy.ru/product/steyk-miratorg-sochnyy-iz-svinoy-koreyki-okhlajdennyy-400-g-2000273002/
3576,https://dixy.ru/product/myakot-sheynoy-chasti-myaso-est-govyadina-400g-2000638973/
3577,https://dixy.ru/product/mini-rebryshki-blijnie-gorki-v-marinade-2000623275/
3578,https://dixy.ru/product/steyk-myaso-est-minutka-v-marinade-150g-2000638971/
3579,https://dixy.ru/product/azu-pava-pava-iz-myasa-indeyki-450g-2000636951/
3580,https://dixy.ru/product/steyk-miratorg-parizen-blek-angus-290g-2000514250/
3581,https://dixy.ru/product/steyk-babochka-miratorg-iz-mramornoy-govyadiny-okhlajdennyy-260g-2000608031/
3582,https://dixy.ru/product/steyk-iz-koreyki-samson-v-marinade-400g-2000618258/
3583,https://dixy.ru/product/steyk-miratorg-black-angus-striployn-iz-govyadiny-320g-2000331766/
3584,https://dixy.ru/product/serdtse-troekurovo-tsyplenka-broylera-okhlajdennoe-lotok-500g-2000301511/
3585,https://dixy.ru/product/pechen-tsyplenka-broylera-pervaya-svejest-okhlajdennaya-450g-2000547633/
3586,https://dixy.ru/product/nabor-pervaya-svejest-dlya-supa-kurinyy-v-upakovke-2000280411/
3587,https://dixy.ru/product/shei-tsyplyat-broylerov-pervaya-svejest-okhlajdennye-600g-2000287908/
3588,https://dixy.ru/product/pechen-troekurovo-kurinaya-okhlajdennaya-500g-2000287740/
3589,https://dixy.ru/product/pechen-govyajya-zamorojennaya-v-assortimente-v-upakovke-2000310966/
3590,https://dixy.ru/product/supovoy-nabor-govyajiy-ekol-okhlajdennyy-400-g-2000565112/
3591,https://dixy.ru/product/pechen-miratorg-kurinaya-okhlajdennaya-450g-2000302505/
3592,https://dixy.ru/product/serdtse-miratorg-kurinoe-okhlajdennoe-450g-2000277854/
3593,https://dixy.ru/product/nojki-svinye-zamorojennye-v-assortimente-2000310965/
3594,https://dixy.ru/product/nabor-supovoy-miratorg-iz-govyadiny-1000g-2000647813/
3595,https://dixy.ru/product/golovy-kurinye-zamorojennye-v-assortimente-2000645031/
3596,https://dixy.ru/product/chebupitstsa-goryachaya-shtuchka-pepperoni-250g-2000202991/
3597,https://dixy.ru/product/kruggetsy-goryachaya-shtuchka-s-syrnym-sousom-200g-2000620421/
3598,https://dixy.ru/product/chebupitstsa-goryachaya-shtuchka-kurochka-po-italyanski-250g-2000325697/
3599,https://dixy.ru/product/pitstsa-zotman-pepperoni-280300g-2000619171/
3600,https://dixy.ru/product/chebumany-goryachaya-shtuchka-s-govyadinoy-280g-2000564251/
3601,https://dixy.ru/product/pekersy-goryachaya-shtuchka-s-indeykoy-v-slivochnom-souse-250g-2000426808/
3602,https://dixy.ru/product/khotstery-goryachaya-shtuchka-s-syrom-250g-2000614351/
3603,https://dixy.ru/product/chebupitstsa-goryachaya-shtuchka-tom-yam-230g-2000642912/
3604,https://dixy.ru/product/chebupeli-goryachaya-shtuchka-sochnye-s-myasom-240g-2000620422/
3605,https://dixy.ru/product/khotstery-goryachaya-shtuchka-250g-2000221922/
3606,https://dixy.ru/product/pitstsa-tsezar-s-vetchinoy-i-gribami-420g-2000336770/
3607,https://dixy.ru/product/cheburek-ouchauch-s-myasom-180g-2000627912/
3608,https://dixy.ru/product/pitstsa-zotman-4-syra-290295g-2000619172/
3609,https://dixy.ru/product/bulmeni-goryachaya-shtuchka-khrustyashchie-s-myasom-220g-2000616771/
3610,https://dixy.ru/product/lazanya-zolotoy-petushok-myasnaya-zamorojennaya-370g-tst0044594/
3611,https://dixy.ru/product/chebupeli-goryachaya-shtuchka-s-vetchinoy-i-syrom-240g-2000620423/
3612,https://dixy.ru/product/khrustyashchie-krylyshki-goryachaya-shtuchka-300g-2000293611/
3613,https://dixy.ru/product/pitstsa-sibirskaya-kollektsiya-margarita-365g-2000575751/
3614,https://dixy.ru/product/gotovoe-blyudo-glavsup-borshch-s-kuritsey-250-g-t000026123/
3615,https://dixy.ru/product/shnitsel-sytoedov-s-kartofelnym-pyure-pod-krasnym-sousom-350g-2000178364/
3616,https://dixy.ru/product/khot-dogster-goryachaya-shtuchka-sosiska-s-syrom-90g-2000614352/
3617,https://dixy.ru/product/pasta-karbonara-sytoedov-zamorojennaya-300g-2000280880/
3618,https://dixy.ru/product/lazanya-miratorg-boloneze-s-sousom-beshamel-350g-2000296519/
3619,https://dixy.ru/product/gotovoe-blyudo-glavsup-solyanka-po-domashnemu-250-g-t000023304/
3620,https://dixy.ru/product/kuritsa-perfetto-v-souse-teriyaki-s-ovoshchami-i-lapshoy-250g-2000413014/
3621,https://dixy.ru/product/paelya-i-zimoy-i-letom-s-kuritsey-i-moreproduktami-400g-2000627274/
3622,https://dixy.ru/product/jarladushki-starodvore-s-myasomrublenym-myasom-200g-2000614353/
3623,https://dixy.ru/product/sup-glavsup-tom-yam-360g-2000604371/
3624,https://dixy.ru/product/pitstsa-la-trattoria-4-syra-335g-2000340055/
3625,https://dixy.ru/product/plov-rossiyskaya-korona-s-myasom-tsyplenka-300g-2000181957/
3626,https://dixy.ru/product/ragu-miratorg-govyaje-zamorojennoe-2000312590/
3627,https://dixy.ru/product/naggetsy-miratorg-aromatnye-iz-myasa-tsyplenka-250g-2000623134/
3628,https://dixy.ru/product/naggetsy-kurinye-miratorg-klassicheskie-250g-2000623132/
3629,https://dixy.ru/product/chebupitstsa-goryachaya-shtuchka-pepperoni-250g-2000202991/
3630,https://dixy.ru/product/naggetsy-kurinye-zolotoy-petushok-250g-2000614251/
3631,https://dixy.ru/product/kruggetsy-goryachaya-shtuchka-s-syrnym-sousom-200g-2000620421/
3632,https://dixy.ru/product/chebupitstsa-goryachaya-shtuchka-kurochka-po-italyanski-250g-2000325697/
3633,https://dixy.ru/product/pitstsa-zotman-pepperoni-280300g-2000619171/
3634,https://dixy.ru/product/chebumany-goryachaya-shtuchka-s-govyadinoy-280g-2000564251/
3635,https://dixy.ru/product/naggetsy-iz-pechi-slivushki-vyazanka-250g-2000325699/
3636,https://dixy.ru/product/naggetsy-miratorg-kurinye-s-syrom-250g-2000623131/
3637,https://dixy.ru/product/pekersy-goryachaya-shtuchka-s-indeykoy-v-slivochnom-souse-250g-2000426808/
3638,https://dixy.ru/product/khotstery-goryachaya-shtuchka-s-syrom-250g-2000614351/
3639,https://dixy.ru/product/chebupeli-goryachaya-shtuchka-sochnye-s-myasom-240g-2000620422/
3640,https://dixy.ru/product/kordon-blyu-miratorg-s-vetchinoy-i-syrom-405g-2000184667/
3641,https://dixy.ru/product/khotstery-goryachaya-shtuchka-250g-2000221922/
3642,https://dixy.ru/product/pitstsa-tsezar-s-vetchinoy-i-gribami-420g-2000336770/
3643,https://dixy.ru/product/cheburek-ouchauch-s-myasom-180g-2000627912/
3644,https://dixy.ru/product/pitstsa-zotman-4-syra-290295g-2000619172/
3645,https://dixy.ru/product/kotlety-ovoshchnye-morozko-green-150-g-2000273839/
3646,https://dixy.ru/product/kotlety-lojkarev-iz-indeyki-400g-2000406639/
3647,https://dixy.ru/product/kotlety-miratorg-po-kievski-slivochnoe-maslo-i-zelen-360g-2000579232/
3648,https://dixy.ru/product/zrazy-ot-ilinoy-kartofelnye-s-gribami-zamorojennye-500g-2000071640/
3649,https://dixy.ru/product/bulmeni-goryachaya-shtuchka-khrustyashchie-s-myasom-220g-2000616771/
3650,https://dixy.ru/product/kotlety-lojkarev-po-domashnemu-400g-2000377309/
3651,https://dixy.ru/product/naggetsy-chikon-klassicheskie-300-g-2000321770/
3652,https://dixy.ru/product/chebupeli-goryachaya-shtuchka-s-vetchinoy-i-syrom-240g-2000620423/
3653,https://dixy.ru/product/khrustyashchie-krylyshki-goryachaya-shtuchka-300g-2000293611/
3654,https://dixy.ru/product/pitstsa-sibirskaya-kollektsiya-margarita-365g-2000575751/
3655,https://dixy.ru/product/naggetsy-slivushki-vyazanka-s-kurinym-file-i-syrom-250g-2000614354/
3656,https://dixy.ru/product/morojenoe-48-kopeek-mango-so-slivkami-241g-2000576651/
3657,https://dixy.ru/product/morojenoe-khutorok-plombir-s-shokoladnoy-kroshkoy-200g-2000612151/
3658,https://dixy.ru/product/morojenoe-korovka-iz-korenovki-plombir-krem-bryule-100g-2000314572/
3659,https://dixy.ru/product/morojenoe-svitlogore-frumele-eskimo-lesnye-yagody-65g-2000617254/
3660,https://dixy.ru/product/morojenoe-vologodskiy-plombir-v-vafelnom-stakanchike-15-100g-2000277901/
3661,https://dixy.ru/product/morojenoe-plombir-selo-zelenoe-s-klubnikoy-vo-fruktovoy-glazuri-70g-2000591931/
3662,https://dixy.ru/product/morojenoe-korovka-iz-korenovki-plombir-shokoladnyy-15-100g-2000292044/
3663,https://dixy.ru/product/morojenoe-chistaya-liniya-rossiyskoe-eskimo-v-glazuri-80g-2000151159/
3664,https://dixy.ru/product/morojenoe-zolotoy-standart-plombir-s-taejnoy-chernikoy-v-vafelnom-stakanchike-89g-2000259552/
3665,https://dixy.ru/product/morojenoe-korovka-iz-korenovki-plombir-vanilnyy-15-100g-2000292043/
3666,https://dixy.ru/product/morojenoe-milka-eskimo-slivochnoe-s-shokoladnym-sousom-62g-2000330602/
3667,https://dixy.ru/product/morojenoe-belaya-dolina-plombir-na-slivkakh-450g-2000591371/
3668,https://dixy.ru/product/morojenoe-belaya-dolina-plombir-na-slivkakh-shokolad-450g-2000601991/
3669,https://dixy.ru/product/morojenoe-korovka-iz-korenovki-plombir-s-shokoladnoy-kroshkoy-400g-2000332339/
3670,https://dixy.ru/product/morojenoe-korovka-iz-korenovki-krem-bryule-gretskiy-orekh-solenaya-karamel-300g-2000633471/
3671,https://dixy.ru/product/morojenoe-ekzo-arbuz-dynya-520g-2000291505/
3672,https://dixy.ru/product/morojenoe-khutorok-plombir-v-shokoladnoy-glazuri-90g-2000597351/
3673,https://dixy.ru/product/morojenoe-zolotoy-standart-plombir-s-sufle-shokolad-445475g-2000238331/
3674,https://dixy.ru/product/morojenoe-rybinskiy-mz-krem-bryule-v-vafelnom-stakanchike-80g-2000339752/
3675,https://dixy.ru/product/morojenoe-rybinskiy-mz-nasha-lakomka-12-90g-2000339754/
3676,https://dixy.ru/product/morojenoe-shokoladnoe-rybinskiy-mz-v-vafelnom-stakanchike-80g-2000339750/
3677,https://dixy.ru/product/morojenoe-rybinskiy-mz-plombir-vanilnyy-v-vafelnom-stakanchike-80g-2000339749/
3678,https://dixy.ru/product/morojenoe-brand-ice-sladkaya-karamel-500ml-2000624653/
3679,https://dixy.ru/product/desert-lotte-morojenoe-im-mochi-klubnichnoe-65g-2000640912/
3680,https://dixy.ru/product/morojenoe-eskimo-snaq-fabriq-by-dubai-80g-2000622231/
3681,https://dixy.ru/product/sorbet-olifeolayf-mango-marakuyya-75g-2000625278/
3682,https://dixy.ru/product/sorbet-olifeolayf-chernaya-smorodina-75g-2000625277/
3683,https://dixy.ru/product/morojenoe-leningradskoe-slivochnoe-keshyu-karamel-11-450g-2000554172/
3684,https://dixy.ru/product/morojenoe-svitlogore-eskimo-plombir-so-vkusom-vanili-80g-2000617252/
3685,https://dixy.ru/product/morojenoe-bon-pari-fruktovyy-led-vzryvnoy-uragan-60g-2000218536/
3686,https://dixy.ru/product/pelmeni-tsezar-gordost-sibiri-800g-2000318344/
3687,https://dixy.ru/product/pelmeni-tsezar-klassika-800g-2000294567/
3688,https://dixy.ru/product/bulmeni-goryachaya-shtuchka-so-slivochnym-maslom-700g-2000596851/
3689,https://dixy.ru/product/pelmeni-miratorg-domashnie-700g-2000616472/
3690,https://dixy.ru/product/pelmeni-sibirskaya-kollektsiya-osobye-s-telyatinoy-700g-2000308691/
3691,https://dixy.ru/product/bulmeni-goryachaya-shtuchka-so-slivochnym-maslom-400-g-2000596853/
3692,https://dixy.ru/product/damplingi-bibigo-korolevskie-svininaovoshchi-385g-2000286801/
3693,https://dixy.ru/product/pelmeni-caesar-elite-s-otbornoy-govyadinoy-zamorojennye-700g-2000411354/
3694,https://dixy.ru/product/damplingi-bibigo-korolevskie-s-krevetkami-385g-2000560291/
3695,https://dixy.ru/product/pelmeni-sibirskaya-kollektsiya-sochnye-so-slivochnym-maslom-700g-2000565192/
3696,https://dixy.ru/product/pelmeni-sibirskaya-kollektsiya-sochnye-s-farshem-na-moloke-400g-2000591891/
3697,https://dixy.ru/product/pelmeni-ostankinskie-500g-2000171304/
3698,https://dixy.ru/product/pelmeni-sibirskaya-kollektsiya-russkie-700g-2000264235/
3699,https://dixy.ru/product/bigbuli-goryachaya-shtuchka-s-myasom-700g-2000596854/
3700,https://dixy.ru/product/chebumany-goryachaya-shtuchka-s-govyadinoy-280g-2000564251/
3701,https://dixy.ru/product/pelmeni-tsezar-gosudar-imperator-800g-2000339899/
3702,https://dixy.ru/product/bulmeni-goryachaya-shtuchka-govyadina-i-svinina-400g-2000596852/
3703,https://dixy.ru/product/pelmeni-sibirskaya-kollektsiya-s-mramornoy-govyadinoy-700g-2000558274/
3704,https://dixy.ru/product/pelmeni-sibirskaya-kollektsiya-s-indeykoy-700g-2000511845/
3705,https://dixy.ru/product/pelmeni-myasnoy-dvorik-severnye-khalyal-800g-2000557011/
3706,https://dixy.ru/product/damplingi-your-zen-s-rozovymi-krevetkami-270g-2000634731/
3707,https://dixy.ru/product/pelmeni-mini-olifeolayf-kuritsa-500g-2000637914/
3708,https://dixy.ru/product/pelmeni-lojkarev-s-otbornoy-govyadinoy-700g-2000626151/
3709,https://dixy.ru/product/pelmeni-ompk-ostankinskie-900g-2000605611/
3710,https://dixy.ru/product/vareniki-mera-vkusa-s-kartofelem-i-lukom-500g-2000639732/
3711,https://dixy.ru/product/khinkali-shelf-sochnye-2000071441/
3712,https://dixy.ru/product/pelmeni-kotletar-tatarskie-400g-2000332335/
3713,https://dixy.ru/product/pelmeni-miratorg-semeynye-700g-2000571434/
3714,https://dixy.ru/product/pelmeni-mera-vkusa-govyadina-svinina-700g-2000640134/
3715,https://dixy.ru/product/chan-meni-sytyy-papa-po-aziatski-250g-2000638654/
3716,https://dixy.ru/product/blinchiki-ostankino-s-myasom-350g-2000616493/
3717,https://dixy.ru/product/blinchiki-tsarskoe-podvore-s-myasom-420g-2000110199/
3718,https://dixy.ru/product/blinchiki-tsarskoe-podvore-vetchina-i-syr-zamorojennye-420g-2000110200/
3719,https://dixy.ru/product/blinchiki-s-pylu-s-jaru-bez-nachinki-360g-2000578117/
3720,https://dixy.ru/product/blinchiki-tsezar-s-telyatinoy-na-slivochnom-masle-450g-2000186084/
3721,https://dixy.ru/product/blinchiki-tsarskoe-podvore-s-tvorogom-zamorojennye-420g-2000308568/
3722,https://dixy.ru/product/syrniki-ot-ilinoy-po-domashnemu-260g-2000604518/
3723,https://dixy.ru/product/blinchiki-s-pylu-s-jaru-s-vetchinoy-i-syrom-zamorojennye-360g-2000249091/
3724,https://dixy.ru/product/blinchiki-s-pylu-s-jaru-s-vishney-360g-2000146843/
3725,https://dixy.ru/product/oladushki-s-pylu-s-jaru-domashnie-280g-2000178368/
3726,https://dixy.ru/product/blinchiki-s-pylu-s-jaru-s-tvorogom-360g-2000146845/
3727,https://dixy.ru/product/blinchiki-papa-mojet-s-pechenyu-300g-2000616492/
3728,https://dixy.ru/product/blinchiki-ostankino-s-kurinym-myasom-350g-2000616491/
3729,https://dixy.ru/product/vareniki-mera-vkusa-s-kartofelem-i-lukom-500g-2000639732/
3730,https://dixy.ru/product/blinchiki-s-pylu-s-jaru-shokoladno-apelsinovyy-kranch-240g-2000644551/
3731,https://dixy.ru/product/blinchiki-s-pylu-s-jaru-s-vishney-300g-2000648072/
3732,https://dixy.ru/product/blinchiki-morozko-s-myasom-kuritsy-420g-d000005871/
3733,https://dixy.ru/product/blinchiki-s-pylu-s-jaru-s-varenoy-sgushchenkoy-300g-2000648071/
3734,https://dixy.ru/product/vareniki-pervym-delom-s-kartofelem-i-gribami-500g-2000550452/
3735,https://dixy.ru/product/vareniki-sibirskaya-kollektsiya-kartofel-lisichki-zamorojennye-500g-2000587631/
3736,https://dixy.ru/product/blinchiki-tsezar-s-vetchinoy-i-syrom-450g-2000322607/
3737,https://dixy.ru/product/blinchiki-s-pylu-s-jaru-mango-marakuyya-300g-2000623371/
3738,https://dixy.ru/product/oladi-sendvichi-fiero-s-orekhovoy-pastoy-60g-2000625331/
3739,https://dixy.ru/product/blinchiki-s-pylu-s-jaru-premium-dubayskiy-shokolad-240g-2000634251/
3740,https://dixy.ru/product/blinchiki-dubay-200g-2000639533/
3741,https://dixy.ru/product/blinchiki-morozko-s-myasom-370g-2000364226/
3742,https://dixy.ru/product/kapusta-brokkoli-krugloe-leto-700g-2000615391/
3743,https://dixy.ru/product/kapusta-tsvetnaya-krugloe-leto-700g-2000619636/
3744,https://dixy.ru/product/fasol-struchkovaya-krugloe-leto-700g-2000619637/
3745,https://dixy.ru/product/ovoshchnoe-trio-morozko-green-400g-2000229575/
3746,https://dixy.ru/product/smes-ovoshchnaya-krugloe-leto-meksikanskaya-zamorojennaya-400g-2000270044/
3747,https://dixy.ru/product/smes-ovoshchnaya-krugloe-leto-gavayskaya-bystrozamorojennaya-400g-2000184206/
3748,https://dixy.ru/product/kartofel-fri-we-fry-zamorojennyy-predobjarennyy-700g-2000616471/
3749,https://dixy.ru/product/kapusta-brokkoli-agama-zamorojennaya-400g-2000600572/
3750,https://dixy.ru/product/kartofel-fri-krugloe-leto-zamorojennyy-700g-2000603375/
3751,https://dixy.ru/product/ovoshchi-agama-po-derevenski-zamorojennye-400g-2000600573/
3752,https://dixy.ru/product/smes-ovoshchnaya-agama-brokkoli-i-tsvetnaya-400g-2000631411/
3753,https://dixy.ru/product/kartofel-we-fry-po-derevenski-so-spetsiyami-700g-2000639452/
3754,https://dixy.ru/product/smes-ovoshchnaya-i-zimoy-i-letom-ragu-8-ovoshchey-zamorojennaya-400g-2000554731/
3755,https://dixy.ru/product/ovoshchnaya-smes-miratorg-sote-provanskie-travy-zamorojennaya-400g-2000287582/
3756,https://dixy.ru/product/kapusta-bryusselskaya-svoy-urojay-400g-2000630695/
3757,https://dixy.ru/product/fasol-struchkovaya-morozko-zamorojennaya-400-g-2000205032/
3758,https://dixy.ru/product/ovoshchnaya-smes-bonduelle-ovoshchi-po-aziatski-wok-400-g-2000402058/
3759,https://dixy.ru/product/smes-ovoshchnaya-miratorg-ispanskaya-svejemorojenaya-400-g-2000184669/
3760,https://dixy.ru/product/shampinony-svoy-urojay-rezanye-300g-2000364264/
3761,https://dixy.ru/product/kapusta-tsvetnaya-morozko-green-400g-2000205031/
3762,https://dixy.ru/product/smes-ovoshchnaya-i-zimoy-i-letom-aziatskaya-v-tayskom-souse-400g-2000537213/
3763,https://dixy.ru/product/batat-we-fry-objarennyy-500g-2000639431/
3764,https://dixy.ru/product/smes-gribov-i-zimoy-i-letom-300-g-2000537214/
3765,https://dixy.ru/product/kartofel-s-gribami-bonduelle-a-lya-rus-400g-2000630651/
3766,https://dixy.ru/product/smes-ovoshchnaya-i-zimoy-i-letom-belgiyskiy-garnir-400g-2000510622/
3767,https://dixy.ru/product/kapusta-tsvetnaya-krugloe-leto-bystrozamorojennaya-400g-2000184222/
3768,https://dixy.ru/product/fasol-struchkovaya-zelenaya-krugloe-leto-bystrozamorojennaya-400g-2000184224/
3769,https://dixy.ru/product/brokkoli-morozko-green-zamorojennye-800g-2000287585/
3770,https://dixy.ru/product/smes-ovoshchnaya-miratorg-italyanskaya-zamorojennaya-400g-2000297103/
3771,https://dixy.ru/product/kapusta-tsvetnaya-zamorojennaya-v-assortimente-800g-2000300470/
3772,https://dixy.ru/product/testo-sloenoe-lyubimye-traditsii-drojjevoe-zamorojennoe-500g-2000193928/
3773,https://dixy.ru/product/testo-sloenoe-lyubimye-traditsii-bezdrojjevoe-500g-2000193926/
3774,https://dixy.ru/product/testo-morozko-sloenoe-bezdrojjevoe-500g-2000619373/
3775,https://dixy.ru/product/testo-sloenoe-zvezdnoe-drojjevoe-zamorojennoe-500g-10f0050113/
3776,https://dixy.ru/product/morojenoe-selo-zelenoe-plombir-malina-70g-2000648751/
3777,https://dixy.ru/product/testo-sloenoe-morozko-drojjevoe-500g-2000647053/
3778,https://dixy.ru/product/morojenoe-obyknovennoe-chudo-eskimo-s-vafelnoy-kroshkoy-65g-2000647794/
3779,https://dixy.ru/product/morojenoe-brest-litovsk-plombir-220g-2000648331/
3780,https://dixy.ru/product/kruassany-miratorg-klassicheskie-280g-2000647798/
3781,https://dixy.ru/product/malina-premiere-of-taste-v-belom-i-molochnom-shokolade-120g-2000648335/
3782,https://dixy.ru/product/osnova-dlya-pitstsy-morozko-350-g-2000117744/
3783,https://dixy.ru/product/testo-testov-dlya-khinkalimantov-okhlajdennoe-500g-2000287822/
3784,https://dixy.ru/product/vishnya-krugloe-leto-bystrozamorojennaya-300g-2000636671/
3785,https://dixy.ru/product/klubnika-krugloe-leto-bystrozamorojennaya-300g-2000184203/
3786,https://dixy.ru/product/chernaya-smorodina-svoy-urojay-300g-2000629552/
3787,https://dixy.ru/product/oblepikha-svoy-urojay-300g-2000324053/
3788,https://dixy.ru/product/klyukva-svoy-urojay-300g-2000629553/
3789,https://dixy.ru/product/sliva-svoy-urojay-bez-kostochki-300g-2000640011/
3790,https://dixy.ru/product/malina-svoy-urojay-300g-2000364319/
3791,https://dixy.ru/product/vishnya-i-zimoy-i-letom-zamorojennaya-bez-kostochki-300-g-2000300614/
3792,https://dixy.ru/product/assorti-kompotnoe-krugloe-leto-zamorojennoe-300g-2000551251/
3793,https://dixy.ru/product/vishnya-vitamin-bez-kostochki-zamorojennaya-300-g-2000184672/
3794,https://dixy.ru/product/klyukva-morozko-green-zamorojennaya-300g-2000601374/
3795,https://dixy.ru/product/morojenoe-khutorok-plombir-s-shokoladnoy-kroshkoy-200g-2000612151/
3796,https://dixy.ru/product/morojenoe-svitlogore-frumele-eskimo-lesnye-yagody-65g-2000617254/
3797,https://dixy.ru/product/morojenoe-belaya-dolina-plombir-na-slivkakh-shokolad-450g-2000601991/
3798,https://dixy.ru/product/morojenoe-korovka-iz-korenovki-krem-bryule-gretskiy-orekh-solenaya-karamel-300g-2000633471/
3799,https://dixy.ru/product/morojenoe-brand-ice-sladkaya-karamel-500ml-2000624653/
3800,https://dixy.ru/product/desert-lotte-morojenoe-im-mochi-klubnichnoe-65g-2000640912/
3801,https://dixy.ru/product/morojenoe-eskimo-snaq-fabriq-by-dubai-80g-2000622231/
3802,https://dixy.ru/product/sorbet-olifeolayf-mango-marakuyya-75g-2000625278/
3803,https://dixy.ru/product/sorbet-olifeolayf-chernaya-smorodina-75g-2000625277/
3804,https://dixy.ru/product/morojenoe-svitlogore-eskimo-plombir-so-vkusom-vanili-80g-2000617252/
3805,https://dixy.ru/product/morojenoe-khutorok-plombir-vanil-400g-2000615612/
3806,https://dixy.ru/product/morojenoe-eskimo-byaloveje-slivochnoe-karamel-arakhis-65g-2000617251/
3807,https://dixy.ru/product/morojenoe-chistaya-liniya-eskimo-s-sharikami-v-malinovoy-glazuri-70g-2000628151/
3808,https://dixy.ru/product/morojenoe-s-proteinom-olifeolayf-solenaya-karamel-arakhis-bez-sakhara-75g-2000637571/
3809,https://dixy.ru/product/morojenoe-korovka-iz-korenovki-eskimo-v-belgiyskom-shokolade-70g-2000617392/
3810,https://dixy.ru/product/morojenoe-olifeolayf-v-stakanchike-bez-sakhara-80g-2000632531/
3811,https://dixy.ru/product/morojenoe-svitlogore-plombir-cola-vafelnyy-stakanchik-95g-2000617452/
3812,https://dixy.ru/product/morojenoe-magnat-dubai-fistashka-kataifi-eskimo-63g-2000634393/
3813,https://dixy.ru/product/morojenoe-twix-rojok-68g-2000629732/
3814,https://dixy.ru/product/morojenoe-s-proteinom-olifeolayf-shokoladnoe-bez-sakhara-75g-2000637572/
3815,https://dixy.ru/product/morojenoe-bounty-eskimo-60g-2000629731/
3816,https://dixy.ru/product/morojenoe-khladokombinat1-plombir-v-vafelnom-stakanchike-70g-2000602553/
3817,https://dixy.ru/product/morojenoe-brandice-klubnichnoe-otlichnoe-500ml-2000601591/
3818,https://dixy.ru/product/morojenoe-eskimo-jemchujina-rossii-karamel-80g-2000621192/
3819,https://dixy.ru/product/morojenoe-brest-litovsk-eskimo-plombir-70g-2000615995/
3820,https://dixy.ru/product/fruktovyy-led-maks-lunaled-zemlyanika-i-marmelad-babl-gam-55g-2000616791/
3821,https://dixy.ru/product/morojenoe-selo-zelenoe-chernika-malina-200g-2000637936/
3822,https://dixy.ru/product/morojenoe-brand-ice-mindalno-fistashkovoe-1l-2000626072/
3823,https://dixy.ru/product/led-a4-ays-vayb-arbuz-dynya-kivi-60g-2000622472/
3824,https://dixy.ru/product/morojenoe-jemchujina-rossii-slivochnoe-v-pechene-s-kakao-80g-2000602711/
3825,https://dixy.ru/product/morojenoe-khutorok-plombir-s-shokoladnoy-kroshkoy-200g-2000612151/
3826,https://dixy.ru/product/morojenoe-khutorok-plombir-v-shokoladnoy-glazuri-90g-2000597351/
3827,https://dixy.ru/product/cheburek-ouchauch-s-myasom-180g-2000627912/
3828,https://dixy.ru/product/pelmeni-mini-olifeolayf-kuritsa-500g-2000637914/
3829,https://dixy.ru/product/vareniki-mera-vkusa-s-kartofelem-i-lukom-500g-2000639732/
3830,https://dixy.ru/product/pelmeni-mera-vkusa-govyadina-svinina-700g-2000640134/
3831,https://dixy.ru/product/kapusta-brokkoli-krugloe-leto-700g-2000615391/
3832,https://dixy.ru/product/vishnya-krugloe-leto-bystrozamorojennaya-300g-2000636671/
3833,https://dixy.ru/product/klubnika-krugloe-leto-bystrozamorojennaya-300g-2000184203/
3834,https://dixy.ru/product/kapusta-tsvetnaya-krugloe-leto-700g-2000619636/
3835,https://dixy.ru/product/fasol-struchkovaya-krugloe-leto-700g-2000619637/
3836,https://dixy.ru/product/testo-sloenoe-lyubimye-traditsii-drojjevoe-zamorojennoe-500g-2000193928/
3837,https://dixy.ru/product/smes-ovoshchnaya-krugloe-leto-meksikanskaya-zamorojennaya-400g-2000270044/
3838,https://dixy.ru/product/testo-sloenoe-lyubimye-traditsii-bezdrojjevoe-500g-2000193926/
3839,https://dixy.ru/product/smes-ovoshchnaya-krugloe-leto-gavayskaya-bystrozamorojennaya-400g-2000184206/
3840,https://dixy.ru/product/kartofel-fri-krugloe-leto-zamorojennyy-700g-2000603375/
3841,https://dixy.ru/product/krevetki-moreslav-korolevskie-zamorojennye-800g-2000283070/
3842,https://dixy.ru/product/kalmar-moreslav-tushka-zamorojennyy-500g-2000602540/
3843,https://dixy.ru/product/sorbet-olifeolayf-mango-marakuyya-75g-2000625278/
3844,https://dixy.ru/product/sorbet-olifeolayf-chernaya-smorodina-75g-2000625277/
3845,https://dixy.ru/product/morojenoe-khutorok-plombir-shokoladnyy-80g-2000403834/
3846,https://dixy.ru/product/morojenoe-khutorok-plombir-vanilnyy-80g-2000403833/
3847,https://dixy.ru/product/morojenoe-khutorok-plombir-vanil-400g-2000615612/
3848,https://dixy.ru/product/morojenoe-khutorok-eskimo-80g-2000593615/
3849,https://dixy.ru/product/morojenoe-khutorok-rojok-shokoladnyy-100g-2000593611/
3850,https://dixy.ru/product/morojenoe-khutorok-rojok-vanilnyy-100g-2000593614/
3851,https://dixy.ru/product/morojenoe-khutorok-fistashka-briket-200g-2000593613/
3852,https://dixy.ru/product/morojenoe-s-proteinom-olifeolayf-solenaya-karamel-arakhis-bez-sakhara-75g-2000637571/
3853,https://dixy.ru/product/morojenoe-olifeolayf-v-stakanchike-bez-sakhara-80g-2000632531/
3854,https://dixy.ru/product/morojenoe-khutorok-vanil-briket-200g-2000593612/
3855,https://dixy.ru/product/krevetka-vkusart-korolevskaya-ochishchennaya-500g-2000564971/
3856,https://dixy.ru/product/krevetki-moreslav-korolevskie-zamorojennye-800g-2000283070/
3857,https://dixy.ru/product/krevetka-severnaya-borealis-vareno-morojenaya-120150-750g-2000559411/
3858,https://dixy.ru/product/kalmar-moreslav-tushka-zamorojennyy-500g-2000602540/
3859,https://dixy.ru/product/krevetki-korolevskie-vici-v-pantsire-vareno-morojennye-4050-500g-2000595631/
3860,https://dixy.ru/product/krevetka-severnaya-borealis-vareno-morojenaya-200250-400g-2000633051/
3861,https://dixy.ru/product/mintay-file-blochnoe-borealis-bez-koji-zamorojennyy-300g-2000523553/
3862,https://dixy.ru/product/treska-borealis-file-bez-koji-500g-2000626171/
3863,https://dixy.ru/product/forel-vkusart-steyk-zamorojennaya-500g-2000571431/
3864,https://dixy.ru/product/khek-moreslav-svejemorojenyy-tushka-800g-2000279989/
3865,https://dixy.ru/product/okun-morskoy-moreslav-tushka-zamorojennyy-800g-2000234211/
3866,https://dixy.ru/product/mintay-moreslav-tushka-svejemorojenaya-800g-di00079597/
3867,https://dixy.ru/product/mintay-moreslav-file-v-panirovke-300g-2000606232/
3868,https://dixy.ru/product/treugolniki-rybnye-polar-iz-treskovykh-porod-zamorojennye-300g-2000175696/
3869,https://dixy.ru/product/portsii-iz-rybnogo-file-vici-300g-2000629011/
3870,https://dixy.ru/product/rybnoe-file-vici-dalnevostochnoe-300g-2000287666/
3871,https://dixy.ru/product/zubatka-sinyaya-moreslav-kusok-zamorojennaya-800g-2000602539/
3872,https://dixy.ru/product/treugolniki-losocevye-polar-v-panirovke-zamorojennye-300g-2000285380/
3873,https://dixy.ru/product/kambala-polar-file-svejemorojenoe-400g-2000293615/
3874,https://dixy.ru/product/treska-borealis-file-spinka-bez-koji-400g-2000326192/
3875,https://dixy.ru/product/treugolniki-kalmarovye-polar-zamorojennye-300g-2000508335/
3876,https://dixy.ru/product/mintay-moreslav-file-bez-kosti-svejemorojenyy-600g-2000547934/
3877,https://dixy.ru/product/kotlety-skorojarka-treskovye-300g-2000586291/
3878,https://dixy.ru/product/rybnye-portsii-iz-file-vici-fish-day-v-nejnom-klyare-240g-2000308303/
3879,https://dixy.ru/product/gorbusha-vkusart-file-kusok-bez-koji-portsionnoe-400g-2000633672/
3880,https://dixy.ru/product/rybnye-palochki-vici-v-panirovke-zamorojennye-500g-di00081489/
3881,https://dixy.ru/product/rybnye-palochki-moreslav-v-panirovke-300g-2000637971/
3882,https://dixy.ru/product/okun-vkusart-file-s-kojey-450g-2000643492/
3883,https://dixy.ru/product/naggetsy-rybnye-sytyy-papa-s-syrom-iz-treski-250g-2000575311/
3884,https://dixy.ru/product/tunets-vkusart-medalony-400g-2000643491/
3885,https://dixy.ru/product/vareniki-sibirskaya-kollektsiya-s-kartofelem-i-zelenyu-500g-2000558273/
3886,https://dixy.ru/product/vareniki-tsezar-s-kartofelem-i-belymi-gribami-600g-2000231257/
3887,https://dixy.ru/product/vareniki-tsezar-s-kartofelem-i-jarenym-luchkom-600g-2000364412/
3888,https://dixy.ru/product/vareniki-ot-ilinoy-s-klubnikoy-postnye-450g-2000587054/
3889,https://dixy.ru/product/vareniki-mera-vkusa-s-kartofelem-i-lukom-500g-2000639732/
3890,https://dixy.ru/product/vareniki-sytyy-papa-s-kartofelem-lukom-i-gribami-450g-2000281321/
3891,https://dixy.ru/product/vareniki-pervym-delom-s-kartofelem-i-gribami-500g-2000550452/
3892,https://dixy.ru/product/vareniki-sibirskaya-kollektsiya-kartofel-lisichki-zamorojennye-500g-2000587631/
3893,https://dixy.ru/product/bulmeni-goryachaya-shtuchka-so-slivochnym-maslom-700g-2000596851/
3894,https://dixy.ru/product/pelmeni-miratorg-domashnie-700g-2000616472/
3895,https://dixy.ru/product/bulmeni-goryachaya-shtuchka-so-slivochnym-maslom-400-g-2000596853/
3896,https://dixy.ru/product/damplingi-bibigo-korolevskie-svininaovoshchi-385g-2000286801/
3897,https://dixy.ru/product/damplingi-bibigo-korolevskie-s-krevetkami-385g-2000560291/
3898,https://dixy.ru/product/bigbuli-goryachaya-shtuchka-s-myasom-700g-2000596854/
3899,https://dixy.ru/product/bulmeni-goryachaya-shtuchka-govyadina-i-svinina-400g-2000596852/
3900,https://dixy.ru/product/damplingi-your-zen-s-rozovymi-krevetkami-270g-2000634731/
3901,https://dixy.ru/product/pelmeni-mini-olifeolayf-kuritsa-500g-2000637914/
3902,https://dixy.ru/product/pelmeni-lojkarev-s-otbornoy-govyadinoy-700g-2000626151/
3903,https://dixy.ru/product/pelmeni-ompk-ostankinskie-900g-2000605611/
3904,https://dixy.ru/product/pelmeni-mera-vkusa-govyadina-svinina-700g-2000640134/
3905,https://dixy.ru/product/chan-meni-sytyy-papa-po-aziatski-250g-2000638654/
3906,https://dixy.ru/product/damplingi-upletony-s-krevetkoy-150g-2000626494/
3907,https://dixy.ru/product/damplingi-bibigo-korolevskie-s-kuritsey-385g-2000648674/
3908,https://dixy.ru/product/damplingi-bibigo-barbekyu-390g-2000645433/
3909,https://dixy.ru/product/pelmeni-khozyain-altaya-klassicheskie-s-govyadinoy-i-svininoy-800g-2000648756/
3910,https://dixy.ru/product/pelmeni-aurora-iz-kalmara-500g-2000609812/
3911,https://dixy.ru/product/damplingi-mini-bibigo-so-svininoy-i-ogurtsom-250g-2000611371/
3912,https://dixy.ru/product/damplingi-bibigo-svinina-krevetki-morskie-vodorosli-350g-2000618111/
3913,https://dixy.ru/product/pelmeni-sibirskaya-kollektsiya-your-zen-3-vida-myasa-500g-2000620426/
3914,https://dixy.ru/product/pelmeni-sibirskaya-kollektsiya-babushkiny-sovety-700g-2000628152/
3915,https://dixy.ru/product/pelmeni-delikaiser-domashnie-700g-2000630652/
3916,https://dixy.ru/product/kotlety-ovoshchnye-morozko-green-150-g-2000273839/
3917,https://dixy.ru/product/kotlety-lojkarev-iz-indeyki-400g-2000406639/
3918,https://dixy.ru/product/kotlety-miratorg-po-kievski-slivochnoe-maslo-i-zelen-360g-2000579232/
3919,https://dixy.ru/product/kotlety-lojkarev-po-domashnemu-400g-2000377309/
3920,https://dixy.ru/product/kotlety-ot-ilinoy-kapustnye-300-g-2000071739/
3921,https://dixy.ru/product/krevetka-vkusart-korolevskaya-ochishchennaya-500g-2000564971/
3922,https://dixy.ru/product/krevetki-moreslav-korolevskie-zamorojennye-800g-2000283070/
3923,https://dixy.ru/product/krevetka-severnaya-borealis-vareno-morojenaya-120150-750g-2000559411/
3924,https://dixy.ru/product/kalmar-moreslav-tushka-zamorojennyy-500g-2000602540/
3925,https://dixy.ru/product/krevetki-korolevskie-vici-v-pantsire-vareno-morojennye-4050-500g-2000595631/
3926,https://dixy.ru/product/krevetka-severnaya-borealis-vareno-morojenaya-200250-400g-2000633051/
3927,https://dixy.ru/product/kalmar-borealis-komandorskiy-file-bez-koji-zamorojennyy-400g-2000644831/
3928,https://dixy.ru/product/krevetki-vici-korolevskie-ochishchennye-s-khvostikom-vareno-morojennye-330g-2000646874/
3929,https://dixy.ru/product/krevetki-severnye-vareno-morojenye-400g-2000563411/
3930,https://dixy.ru/product/krevetki-vici-argentinskie-syro-morojenye-4150-450-g-2000302864/
3931,https://dixy.ru/product/kokteyl-morskoy-shifudo-zamorojennyy-350g-2000601435/
3932,https://dixy.ru/product/krevetki-aurora-severnye-vareno-morojenye-90120-500g-2000617075/
3933,https://dixy.ru/product/krevetki-severnye-auroraavrora-zamvm-200-400g-2000619732/
3934,https://dixy.ru/product/krevetki-fishmore-argentinskie-bez-golovy-syromorojenye-41-50sht-500g-2000622673/
3935,https://dixy.ru/product/midii-v-rakushkakh-vici-prioriti-v-chesnochnom-souse-500g-2000508227/
3936,https://dixy.ru/product/krevetki-korolevskie-shifudo-v-zalivke-so-spetsiyami-500g-2000634493/
3937,https://dixy.ru/product/kalmar-borealis-komandorskiy-file-bez-koji-zamorojennyy-500g-2000326190/
3938,https://dixy.ru/product/krevetki-bukhta-izobiliya-vareno-morojenye-ochishchennye-300g-2000642931/
3939,https://dixy.ru/product/krevetki-bukhta-izobiliya-otbornye-vareno-morojenye-90120-500g-2000650671/
3940,https://dixy.ru/product/kurochka-supovaya-zamorojennaya-2000540415/
3941,https://dixy.ru/product/tushka-utki-zamorojennaya-2000324100/
3942,https://dixy.ru/product/ragu-miratorg-govyaje-zamorojennoe-2000312590/
3943,https://dixy.ru/product/naggetsy-miratorg-aromatnye-iz-myasa-tsyplenka-250g-2000623134/
3944,https://dixy.ru/product/naggetsy-kurinye-miratorg-klassicheskie-250g-2000623132/
3945,https://dixy.ru/product/naggetsy-kurinye-zolotoy-petushok-250g-2000614251/
3946,https://dixy.ru/product/naggetsy-iz-pechi-slivushki-vyazanka-250g-2000325699/
3947,https://dixy.ru/product/naggetsy-miratorg-kurinye-s-syrom-250g-2000623131/
3948,https://dixy.ru/product/naggetsy-chikon-klassicheskie-300-g-2000321770/
3949,https://dixy.ru/product/naggetsy-slivushki-vyazanka-s-kurinym-file-i-syrom-250g-2000614354/
3950,https://dixy.ru/product/naggetsy-zolotoy-petushok-khrustyashchie-iz-myasa-tsyplenka-300g-2000298643/
3951,https://dixy.ru/product/naggetsy-ovoshchnye-sibirskaya-kollektsiya-ovoshchnoy-miks-250-g-2000538072/
3952,https://dixy.ru/product/naggetsy-syrnye-miratorg-klassicheskie-250g-2000626991/
3953,https://dixy.ru/product/naggetsy-vyazanka-slivushki-v-tempure-230g-2000646573/
3954,https://dixy.ru/product/khotstery-goryachaya-shtuchka-vasabi-chili-230g-2000646572/
3955,https://dixy.ru/product/naggetsy-miratorg-iz-myasa-tsyplenka-v-khrustyashchey-panirovke-500g-2000649214/
3956,https://dixy.ru/product/chebupeli-goryachaya-shtuchka-fo-bo-220g-2000646171/
3957,https://dixy.ru/product/naggetsy-kurinye-zamorojennye-2000541411/
3958,https://dixy.ru/product/naggetsy-sibirskaya-kollektsiya-klassicheskie-zapechennye-250g-2000620425/
3959,https://dixy.ru/product/naggetsy-kartofelnye-miratorg-250g-2000623133/
3960,https://dixy.ru/product/makarony-po-flotski-glavobed-300g-2000645913/
3961,https://dixy.ru/product/plov-sytoedov-s-kuritsey-300g-2000650774/
3962,https://dixy.ru/product/pitstsa-zotman-pepperoni-280300g-2000619171/
3963,https://dixy.ru/product/chebupitstsa-goryachaya-shtuchka-tom-yam-230g-2000642912/
3964,https://dixy.ru/product/pitstsa-tsezar-s-vetchinoy-i-gribami-420g-2000336770/
3965,https://dixy.ru/product/pitstsa-zotman-4-syra-290295g-2000619172/
3966,https://dixy.ru/product/pitstsa-sibirskaya-kollektsiya-margarita-365g-2000575751/
3967,https://dixy.ru/product/pitstsa-la-trattoria-4-syra-335g-2000340055/
3968,https://dixy.ru/product/mini-pitstsa-miratorg-s-bekonom-250g-2000646202/
3969,https://dixy.ru/product/pitstsa-chto-nado-assorti-300g-2000618431/
3970,https://dixy.ru/product/pitstsa-sibirskaya-kollektsiya-4-syra-mini-200g-2000620424/
3971,https://dixy.ru/product/kakao-poroshok-zolotoy-yarlyk-100g-10a0030825/
3972,https://dixy.ru/product/kakao-napitok-khrutka-bystrorastvorimyy-500g-2000547135/
3973,https://dixy.ru/product/kakao-napitok-macchoco-rastvorimyy-235g-2000149859/
3974,https://dixy.ru/product/kakao-napitok-khrutka-bystrorastvorimyy-480g-2000562931/
3975,https://dixy.ru/product/kakao-napitok-rastvorimyy-macchocolate-goryachiy-shokolad-20g-2000164001/
3976,https://dixy.ru/product/kakao-napitok-chukka-rastvorimyy-130g-2000303594/
3977,https://dixy.ru/product/kakao-napitok-khrutka-bystrorastvorimyy-250g-2000547137/
3978,https://dixy.ru/product/kakao-napitok-khrutka-supershokoladnyy-vkus-200-g-2000567032/
3979,https://dixy.ru/product/kakao-napitok-macchoco-so-vkusom-banan-pechene-235g-2000568380/
3980,https://dixy.ru/product/goryachiy-shokolad-solnechnyy-ostrov-leo-3v1-20kh20-g-400-g-2000567751/
3981,https://dixy.ru/product/kakao-almafood-choco-01-rich-granules-1kg-2000558632/
3982,https://dixy.ru/product/kakao-napitok-veselye-prilipaly-rastvorimyy-375g-2000570723/
3983,https://dixy.ru/product/kakao-napitok-macchoco-s-marshmellou-rastvorimyy-235g-2000581411/
3984,https://dixy.ru/product/napitok-bystrorastvorimyy-klubnichnyy-khrutka-120g-2000612852/
3985,https://dixy.ru/product/kakao-napitok-khrutka-so-vkusom-banana-160g-2000621051/
3986,https://dixy.ru/product/kokteyl-khrutka-klubnichnyy-bystrorastvorimyy-160g-2000633272/
3987,https://dixy.ru/product/kakao-napitok-khrutka-lesnoy-orekh-bystrorastvorimyy-160g-2000633271/
3988,https://dixy.ru/product/kakao-napitok-khrutka-bystrorastvorimyy-480gstakan-2000634951/
3989,https://dixy.ru/product/kofe-molotyy-jardin-chocolate-kapsuly-5gkh10g-50g-2000616731/
3990,https://dixy.ru/product/kofe-v-kapsulakh-jardin-vivo-molotyy-5g-kh10-50g-2000586813/
3991,https://dixy.ru/product/kofe-poetti-soul-of-istanbul-v-kapsulakh-10sht-53g-2000609014/
3992,https://dixy.ru/product/kofe-poetti-soul-of-rome-v-kapsulakh-10sht-53g-2000609012/
3993,https://dixy.ru/product/kofe-poetti-daily-arabica-v-zernakh-1kg-2000609013/
3994,https://dixy.ru/product/kofe-poetti-daily-leggenda-ruby-v-kapsulakh-10sht-53g-2000609015/
3995,https://dixy.ru/product/kofe-jardin-colombia-caldas-v-drip-paketakh-6sht-60g-2000651112/
3996,https://dixy.ru/product/napitok-kofeynyy-jardin-kapuchino-toffi-18g8p-2000651114/
3997,https://dixy.ru/product/kofe-jarenyy-molotyy-jardin-peru-v-kapsulakh-5g10k-2000651121/
3998,https://dixy.ru/product/kofe-jarenyy-molotyy-jardin-ethiopia-v-kapsulakh-5g10k-2000651122/
3999,https://dixy.ru/product/kofe-nescafe-gold-rastvorimyy-sublimirovannyy-220g-2000318896/
4000,https://dixy.ru/product/kofe-moskovskaya-kofeynya-na-payakh-suare-rastvorimyy-95g-2000306325/
4001,https://dixy.ru/product/kofe-rastvorimyy-sublimirovannyy-monarch-original-270g-2000520586/
4002,https://dixy.ru/product/tsikoriy-rastvorimyy-bolshaya-chashka-klassicheskiy-85g-2000435967/
4003,https://dixy.ru/product/napitok-kofeynyy-maccoffee-original-3v1-rastvorimyy-10sht-2000198535/
4004,https://dixy.ru/product/kofe-rastvorimyy-sublimirovannyy-monarch-asian-selection-150g-2000574431/
4005,https://dixy.ru/product/kofe-rastvorimyy-ambassador-platinum-steklyannaya-banka-190g-2000321230/
4006,https://dixy.ru/product/kofe-rastvorimyy-sublimirovannyy-monarch-original-160g-2000616671/
4007,https://dixy.ru/product/kofe-molotyy-barista-mio-vkus-goda-225g-2000613611/
4008,https://dixy.ru/product/kofe-rastvorimyy-maccoffee-cappuccino-di-torino-5sht-2000313786/
4009,https://dixy.ru/product/kofe-rastvorimyy-nescafe-classic-crema-naturalnyy-95g-2000240271/
4010,https://dixy.ru/product/kofe-jarenyy-molotyy-monarch-original-230g-2000263796/
4011,https://dixy.ru/product/kofe-v-zernakh-piazza-del-caffe-900g-2000541791/
4012,https://dixy.ru/product/kofe-molotyy-mehmet-efendi-jarenyy-100g-2000636891/
4013,https://dixy.ru/product/kofe-rastvorimyy-fresco-arabica-doppio-sublimirovannyy-100g-2000244932/
4014,https://dixy.ru/product/kofe-jarenyy-v-zernakh-monarch-original-800g-2000437968/
4015,https://dixy.ru/product/kofe-rastvorimyy-sublimirovannyy-monarch-caramel-95g-2000520573/
4016,https://dixy.ru/product/kofe-rastvorimyy-jardin-gold-190g-2000415794/
4017,https://dixy.ru/product/kofe-monarch-original-rastvorimyy-170g-2000642851/
4018,https://dixy.ru/product/kofe-rastvorimyy-el-passa-100g-2000541146/
4019,https://dixy.ru/product/kofe-poetti-daily-arabica-v-zernakh-1kg-2000609013/
4020,https://dixy.ru/product/kofe-v-zernakh-piazza-del-caffe-900g-2000541791/
4021,https://dixy.ru/product/kofe-jarenyy-v-zernakh-monarch-original-800g-2000437968/
4022,https://dixy.ru/product/kofe-barista-pro-bar-v-zernakh-1kg-2000613612/
4023,https://dixy.ru/product/kofe-zernovoy-moskovskaya-kofeynya-na-payakh-arabika-05kg-2000362168/
4024,https://dixy.ru/product/kofe-fresco-arabica-blend-v-zernakh-200g-2000646435/
4025,https://dixy.ru/product/kofe-v-zernakh-ambassador-gold-label-1000g-2000420411/
4026,https://dixy.ru/product/kofe-zernovoy-moskovskaya-kofeynya-na-payakh-arabika-1kg-2000397636/
4027,https://dixy.ru/product/kofe-v-zernakh-jokey-traditsionnyy-800g-2000636272/
4028,https://dixy.ru/product/kofe-v-zernakh-poetti-daily-mokka-450g-2000575671/
4029,https://dixy.ru/product/kofe-v-zernakh-barista-pro-italiano-1kg-2000613613/
4030,https://dixy.ru/product/kofe-jarenyy-v-zernakh-monarch-230g-2000263795/
4031,https://dixy.ru/product/kofe-moskovskaya-kofeynya-na-payakh-arabika-v-zernakh-250g-2000056840/
4032,https://dixy.ru/product/kofe-lavazza-qualita-oro-v-zernakh-250g-2000183726/
4033,https://dixy.ru/product/kofe-chernaya-karta-v-zernakh-250g-2000203529/
4034,https://dixy.ru/product/kofe-zernovoy-egoiste-noir-250g-2000217873/
4035,https://dixy.ru/product/kofe-chernaya-karta-v-zernakh-2000306425/
4036,https://dixy.ru/product/kofe-v-zernakh-jardin-americano-crema-1-kg-2000322152/
4037,https://dixy.ru/product/kofe-lavazza-qualita-oro-v-zernakh-2000331002/
4038,https://dixy.ru/product/kofe-v-zernakh-carte-noire-original-jarenyy-230-g-2000335244/
4039,https://dixy.ru/product/kofe-v-zernakh-jardin-caf-eclair-jarenyy-250g-2000331210/
4040,https://dixy.ru/product/kofe-egoiste-velvet-v-zernakh-200-g-2000336880/
4041,https://dixy.ru/product/kofe-zernovoy-julius-meinl-crema-intenso-1kg-2000362197/
4042,https://dixy.ru/product/kofe-v-zernakh-julius-meinl-yubileynyy-500g-2000335781/
4043,https://dixy.ru/product/kofe-v-zernakh-nero-ambassador-1kg-2000338582/
4044,https://dixy.ru/product/kofe-zernovoy-jardin-original-oro-250g-2000546072/
4045,https://dixy.ru/product/kofe-zernovoy-jardin-original-oro-1kg-2000546073/
4046,https://dixy.ru/product/kofe-v-zernakh-poetti-daily-classic-crema-250g-2000557191/
4047,https://dixy.ru/product/kofe-zernovoy-piazza-del-caffe-crema-vellutata-jarenyy-1kg-2000561732/
4048,https://dixy.ru/product/kofe-v-zernakh-maccoffee-pure-espresso-forte-250g-2000568375/
4049,https://dixy.ru/product/kofe-molotyy-jardin-chocolate-kapsuly-5gkh10g-50g-2000616731/
4050,https://dixy.ru/product/kofe-v-kapsulakh-jardin-vivo-molotyy-5g-kh10-50g-2000586813/
4051,https://dixy.ru/product/kofe-poetti-soul-of-istanbul-v-kapsulakh-10sht-53g-2000609014/
4052,https://dixy.ru/product/kofe-poetti-soul-of-rome-v-kapsulakh-10sht-53g-2000609012/
4053,https://dixy.ru/product/kofe-poetti-daily-leggenda-ruby-v-kapsulakh-10sht-53g-2000609015/
4054,https://dixy.ru/product/kofe-jardin-colombia-caldas-v-drip-paketakh-6sht-60g-2000651112/
4055,https://dixy.ru/product/napitok-kofeynyy-jardin-kapuchino-toffi-18g8p-2000651114/
4056,https://dixy.ru/product/kofe-jarenyy-molotyy-jardin-peru-v-kapsulakh-5g10k-2000651121/
4057,https://dixy.ru/product/kofe-jarenyy-molotyy-jardin-ethiopia-v-kapsulakh-5g10k-2000651122/
4058,https://dixy.ru/product/kofe-naturalnyy-jacobsmonarch-lungo-8-v-kapsulakh-10sht-52g-2000545892/
4059,https://dixy.ru/product/kofe-naturalnyy-jacobsmonarch-espresso-7-v-kapsulakh-10sht-52g-2000545893/
4060,https://dixy.ru/product/kofe-molotyy-jardin-coconut-kapsuly-5gkh10g-50g-2000616732/
4061,https://dixy.ru/product/kofe-v-kapsulakh-jardin-vanillia-molotyy-5kh10-50g-2000586812/
4062,https://dixy.ru/product/kofe-moskovskaya-kofeynya-na-payakh-espresso-crema-10kh5g-50g-2000601458/
4063,https://dixy.ru/product/kofe-moskovskaya-kofeynya-na-payakh-espresso-intense-10kh5g-50g-2000601457/
4064,https://dixy.ru/product/kofe-moskovskaya-kofeynya-na-payakh-espresso-lungo-10kh5g-50g-2000601459/
4065,https://dixy.ru/product/kofe-coffesso-crema-delicato-kapsuly-10kh5g-50g-2000336242/
4066,https://dixy.ru/product/kofe-coffesso-classico-italiano-kapsuly-10kh5g-50g-2000337502/
4067,https://dixy.ru/product/kofe-v-kapsulakh-jardin-vivo-molotyy-5g-kh10-50g-2000586813/
4068,https://dixy.ru/product/kofe-molotyy-barista-mio-vkus-goda-225g-2000613611/
4069,https://dixy.ru/product/kofe-jarenyy-molotyy-monarch-original-230g-2000263796/
4070,https://dixy.ru/product/kofe-molotyy-mehmet-efendi-jarenyy-100g-2000636891/
4071,https://dixy.ru/product/kofe-molotyy-jokey-po-vostochnomu-450g-2000361880/
4072,https://dixy.ru/product/kofe-molotyy-coffee-turca-turkish-coffee-200g-2000636252/
4073,https://dixy.ru/product/kofe-molotyy-lebo-dlya-turki-100g-2000536915/
4074,https://dixy.ru/product/kofe-molotyy-coffesso-crema-delicatoclassico-italiano-v-assortimente-45g-2000279848/
4075,https://dixy.ru/product/kofe-jardin-americano-srema-molotyy-svetloobjarennyy-250-g-2000362019/
4076,https://dixy.ru/product/kofe-lavazza-crema-e-gusto-molotyy-250g-2000183725/
4077,https://dixy.ru/product/kofe-molotyy-piazza-del-caffe-gusto-forte-250g-2000552471/
4078,https://dixy.ru/product/kofe-jarenyy-molotyy-monarch-turka-po-vostochnomu-200g-2000574432/
4079,https://dixy.ru/product/kofe-moskovskaya-kofeynya-na-payakh-arabika-molotyy-250g-2000056820/
4080,https://dixy.ru/product/kofe-jokey-po-vostochnomu-molotyy-250g-10e0076694/
4081,https://dixy.ru/product/kofe-molotyy-poetti-daily-mokka-250g-2000557193/
4082,https://dixy.ru/product/kofe-molotyy-fresco-espresso-italiano-250g-2000646436/
4083,https://dixy.ru/product/kofe-molotyy-barista-mio-elite-225g-2000613614/
4084,https://dixy.ru/product/kofe-molotyy-jardin-dessert-cup-250g-2000054819/
4085,https://dixy.ru/product/kofe-jardin-espresso-stile-di-milano-molotyy-250g-2000186346/
4086,https://dixy.ru/product/kofe-molotyy-chernaya-karta-dlya-turki-100g-2000619572/
4087,https://dixy.ru/product/kofe-molotyy-verle-mix-v-drip-paketakh-6sht-66g-2000647991/
4088,https://dixy.ru/product/kofe-by-basta-molotyy-v-drip-paketakh-510g-50g-2000642832/
4089,https://dixy.ru/product/kofe-molotyy-julius-meinl-prasident-220g-2000235411/
4090,https://dixy.ru/product/kofe-jivoy-kofe-arabika-dlya-zavarivaniya-v-chashke-200g-2000164043/
4091,https://dixy.ru/product/kofe-lavazza-qualita-oro-molotyy-250g-2000193927/
4092,https://dixy.ru/product/kofe-jarenyy-molotyy-monarch-original-75g-2000228092/
4093,https://dixy.ru/product/kofe-molotyy-egoiste-noir-250g-2000277619/
4094,https://dixy.ru/product/kofe-jardin-caf-clair-molotyy-250g-2000303593/
4095,https://dixy.ru/product/kofe-molotyy-egoiste-velvet-jarenyy-200g-2000335673/
4096,https://dixy.ru/product/kofe-jokey-irlandskie-slivki-aromatizirovannyy-150g-2000361756/
4097,https://dixy.ru/product/kofe-jardin-colombia-caldas-v-drip-paketakh-6sht-60g-2000651112/
4098,https://dixy.ru/product/napitok-kofeynyy-jardin-kapuchino-toffi-18g8p-2000651114/
4099,https://dixy.ru/product/kofe-jarenyy-molotyy-jardin-peru-v-kapsulakh-5g10k-2000651121/
4100,https://dixy.ru/product/kofe-jarenyy-molotyy-jardin-ethiopia-v-kapsulakh-5g10k-2000651122/
4101,https://dixy.ru/product/kofe-nescafe-gold-rastvorimyy-sublimirovannyy-220g-2000318896/
4102,https://dixy.ru/product/kofe-moskovskaya-kofeynya-na-payakh-suare-rastvorimyy-95g-2000306325/
4103,https://dixy.ru/product/kofe-rastvorimyy-sublimirovannyy-monarch-original-270g-2000520586/
4104,https://dixy.ru/product/tsikoriy-rastvorimyy-bolshaya-chashka-klassicheskiy-85g-2000435967/
4105,https://dixy.ru/product/napitok-kofeynyy-maccoffee-original-3v1-rastvorimyy-10sht-2000198535/
4106,https://dixy.ru/product/kofe-rastvorimyy-sublimirovannyy-monarch-asian-selection-150g-2000574431/
4107,https://dixy.ru/product/kofe-rastvorimyy-ambassador-platinum-steklyannaya-banka-190g-2000321230/
4108,https://dixy.ru/product/kofe-rastvorimyy-sublimirovannyy-monarch-original-160g-2000616671/
4109,https://dixy.ru/product/kofe-rastvorimyy-maccoffee-cappuccino-di-torino-5sht-2000313786/
4110,https://dixy.ru/product/kofe-rastvorimyy-nescafe-classic-crema-naturalnyy-95g-2000240271/
4111,https://dixy.ru/product/kofe-rastvorimyy-fresco-arabica-doppio-sublimirovannyy-100g-2000244932/
4112,https://dixy.ru/product/kofe-rastvorimyy-sublimirovannyy-monarch-caramel-95g-2000520573/
4113,https://dixy.ru/product/kofe-rastvorimyy-jardin-gold-190g-2000415794/
4114,https://dixy.ru/product/kofe-monarch-original-rastvorimyy-170g-2000642851/
4115,https://dixy.ru/product/kofe-rastvorimyy-el-passa-100g-2000541146/
4116,https://dixy.ru/product/kofe-rastvorimyy-nescafe-classic-crema-190g-2000555493/
4117,https://dixy.ru/product/kofe-bushido-original-rastvorimyy-sublimirovannyy-100g-2000164050/
4118,https://dixy.ru/product/kofe-rastvorimyy-sublimirovannyy-monarch-original-95g-di00078847/
4119,https://dixy.ru/product/kofe-rastvorimyy-s-dobavleniem-molotogo-monarch-turetskiy-briz-60g-2000604154/
4120,https://dixy.ru/product/kofe-chernaya-karta-gold-rastvorimyy-sublimirovannyy-95g-2000016695/
4121,https://dixy.ru/product/kofe-fresco-arabica-solo-rastvorimyy-sublimirovannyy-190-g-2000581491/
4122,https://dixy.ru/product/kofe-moskovskaya-kofeynya-na-payakh-arabika-95g-2000056799/
4123,https://dixy.ru/product/kofe-jardin-guatemala-atitlan-rastvorimyy-sublimirovannyy-95g-2000054760/
4124,https://dixy.ru/product/kofe-jardin-colombia-medellin-rastvorimyy-150g-2000190284/
4125,https://dixy.ru/product/kofe-rastvorimyy-nescafe-gold-sublimirovannyy-160g-2000633673/
4126,https://dixy.ru/product/napitok-kofeynyy-maccoffee-sgushchennoe-moloko-20kh10-200g-2000568378/
4127,https://dixy.ru/product/chay-chernyy-robson-earl-grey-bergamot-listovoy-90g-2000611799/
4128,https://dixy.ru/product/chay-zelenyy-robson-classic-listovoy-90g-2000611798/
4129,https://dixy.ru/product/kofe-pervym-delom-jarenyy-molotyy-100g-2000620711/
4130,https://dixy.ru/product/chay-zelenyy-robson-paketiki-25kh2g-50g-2000614235/
4131,https://dixy.ru/product/chay-chernyy-pervym-delom-baykhovyy-20pkh15g-30g-2000601831/
4132,https://dixy.ru/product/chay-chernyy-robson-ceylon-25-paketikov-2000611795/
4133,https://dixy.ru/product/chay-chernyy-robson-ceylon-listovoy-90g-2000611797/
4134,https://dixy.ru/product/chay-chernyy-robson-s-chabretsom-i-myatoy-25kh2g-50g-2000614233/
4135,https://dixy.ru/product/chay-chernyy-robson-earl-grey-s-aromatom-bergamota-25pak-50g-2000614234/
4136,https://dixy.ru/product/napitok-travyanoy-pervym-delom-romashka-20pkh15g-30g-2000601832/
4137,https://dixy.ru/product/napitok-chaynyy-olifeolayf-karkade-80g-2000639475/
4138,https://dixy.ru/product/chay-greenfield-milky-oolong-listovoy-100g-2000644534/
4139,https://dixy.ru/product/chaynyy-napitok-greenfield-natural-tisane-lavanda-verbena-20kh18g-2000581532/
4140,https://dixy.ru/product/chaynyy-napitok-greenfield-natural-tisane-lemongrass-limonnik-20kh18g-2000581531/
4141,https://dixy.ru/product/napitok-chaynyy-greenfield-ripe-raspberry-2g20p-2000651113/
4142,https://dixy.ru/product/chay-zelenyy-greenfield-juicy-mango-17g20p-2000651116/
4143,https://dixy.ru/product/napitok-chaynyy-greenfield-lemon-ginger-15g20p-2000651117/
4144,https://dixy.ru/product/napitok-chaynyy-greenfield-mint-camomile-15g20p-2000651118/
4145,https://dixy.ru/product/chay-chernyy-greenfield-rich-earl-grey-listovoy-100g-2000651119/
4146,https://dixy.ru/product/chay-zelenyy-greenfield-rich-lemon-17g20p-2000651120/
4147,https://dixy.ru/product/chay-zelenyy-greenfield-sweet-mint-17g20p-2000651123/
4148,https://dixy.ru/product/chay-chernyy-greenfield-oriental-lime-15g25p-2000651124/
4149,https://dixy.ru/product/chay-greenfield-golden-ceylon-chernyy-v-paketikakh-100sht-2000175074/
4150,https://dixy.ru/product/chay-chernyy-greenfield-earl-grey-fantasy-bergamot-100pak-2000228472/
4151,https://dixy.ru/product/chay-chernyy-greenfield-earl-grey-fantasy-bergamot-25pak-2000000294/
4152,https://dixy.ru/product/chay-greenfield-golden-ceylon-chernyy-listovoy-200g-2000203791/
4153,https://dixy.ru/product/chay-greenfield-kenyan-sunrise-chernyy-v-paketikakh-100sht-2000272272/
4154,https://dixy.ru/product/chay-greenfield-green-melissa-zelenyy-s-melissoy-25pak-2000000287/
4155,https://dixy.ru/product/chay-greenfield-golden-ceylon-chernyy-v-paketikakh-25sht-2000000286/
4156,https://dixy.ru/product/chay-chernyy-azerchay-buket-100kh2-g-2000295224/
4157,https://dixy.ru/product/chay-greenfield-spring-melody-chernyy-v-paketikakh-25sht-2000004751/
4158,https://dixy.ru/product/chay-chernyy-tess-pleasure-shipovnik-i-yabloko-v-paketikakh-100sht-2000226734/
4159,https://dixy.ru/product/chay-azerchay-buket-chernyy-krupnolistovoy-100g-2000227533/
4160,https://dixy.ru/product/chay-zelenyy-akbar-romashka-i-myata-25kh2g-2000518883/
4161,https://dixy.ru/product/chay-chernyy-tess-nectarine-15g25-375g-2000628171/
4162,https://dixy.ru/product/chay-akbar-limited-edition-chernyy-krupnolistovoy-200g-2000308325/
4163,https://dixy.ru/product/chay-chernyy-greenfield-earl-grey-fantasy-200g-2000217793/
4164,https://dixy.ru/product/chay-chernyy-azerchay-s-aromatom-bergamota-25kh2-g-2000336819/
4165,https://dixy.ru/product/chay-zelenyy-tess-flirt-s-klubnikoy-i-aromatom-belogo-persika-25sht-2000337169/
4166,https://dixy.ru/product/chay-greenfield-green-melissa-v-paketikakh-100sht-2000202356/
4167,https://dixy.ru/product/chay-chernyy-greenfield-gourmand-pear-15g25pak-375g-2000620938/
4168,https://dixy.ru/product/chay-greenfield-milky-oolong-listovoy-100g-2000644534/
4169,https://dixy.ru/product/chaynyy-napitok-greenfield-natural-tisane-lavanda-verbena-20kh18g-2000581532/
4170,https://dixy.ru/product/chaynyy-napitok-greenfield-natural-tisane-lemongrass-limonnik-20kh18g-2000581531/
4171,https://dixy.ru/product/napitok-chaynyy-greenfield-ripe-raspberry-2g20p-2000651113/
4172,https://dixy.ru/product/chay-zelenyy-greenfield-juicy-mango-17g20p-2000651116/
4173,https://dixy.ru/product/napitok-chaynyy-greenfield-lemon-ginger-15g20p-2000651117/
4174,https://dixy.ru/product/napitok-chaynyy-greenfield-mint-camomile-15g20p-2000651118/
4175,https://dixy.ru/product/chay-chernyy-greenfield-rich-earl-grey-listovoy-100g-2000651119/
4176,https://dixy.ru/product/chay-zelenyy-greenfield-rich-lemon-17g20p-2000651120/
4177,https://dixy.ru/product/chay-zelenyy-greenfield-sweet-mint-17g20p-2000651123/
4178,https://dixy.ru/product/chay-chernyy-greenfield-oriental-lime-15g25p-2000651124/
4179,https://dixy.ru/product/chay-greenfield-golden-ceylon-chernyy-v-paketikakh-100sht-2000175074/
4180,https://dixy.ru/product/chay-chernyy-greenfield-earl-grey-fantasy-bergamot-100pak-2000228472/
4181,https://dixy.ru/product/chay-chernyy-greenfield-earl-grey-fantasy-bergamot-25pak-2000000294/
4182,https://dixy.ru/product/chay-greenfield-kenyan-sunrise-chernyy-v-paketikakh-100sht-2000272272/
4183,https://dixy.ru/product/chay-greenfield-green-melissa-zelenyy-s-melissoy-25pak-2000000287/
4184,https://dixy.ru/product/chay-greenfield-golden-ceylon-chernyy-v-paketikakh-25sht-2000000286/
4185,https://dixy.ru/product/chay-chernyy-azerchay-buket-100kh2-g-2000295224/
4186,https://dixy.ru/product/chay-greenfield-spring-melody-chernyy-v-paketikakh-25sht-2000004751/
4187,https://dixy.ru/product/chay-chernyy-tess-pleasure-shipovnik-i-yabloko-v-paketikakh-100sht-2000226734/
4188,https://dixy.ru/product/chay-zelenyy-akbar-romashka-i-myata-25kh2g-2000518883/
4189,https://dixy.ru/product/chay-chernyy-tess-nectarine-15g25-375g-2000628171/
4190,https://dixy.ru/product/chay-chernyy-azerchay-s-aromatom-bergamota-25kh2-g-2000336819/
4191,https://dixy.ru/product/chay-zelenyy-tess-flirt-s-klubnikoy-i-aromatom-belogo-persika-25sht-2000337169/
4192,https://dixy.ru/product/chay-greenfield-green-melissa-v-paketikakh-100sht-2000202356/
4193,https://dixy.ru/product/chay-chernyy-greenfield-gourmand-pear-15g25pak-375g-2000620938/
4194,https://dixy.ru/product/chay-azerchay-buket-chernyy-v-paketikakh-25x2-g-2000289163/
4195,https://dixy.ru/product/napitok-chaynyy-herbarus-spokoystvie-balans-10kh18-18g-2000627111/
4196,https://dixy.ru/product/chay-chernyy-grand-malina-oblepikha-20kh18g-36g-2000578774/
4197,https://dixy.ru/product/chay-ahmad-tea-chinese-green-zelenyy-v-paketikakh-25sht-2000307804/
4198,https://dixy.ru/product/chay-greenfield-milky-oolong-listovoy-100g-2000644534/
4199,https://dixy.ru/product/chay-zelenyy-greenfield-juicy-mango-17g20p-2000651116/
4200,https://dixy.ru/product/chay-zelenyy-greenfield-rich-lemon-17g20p-2000651120/
4201,https://dixy.ru/product/chay-zelenyy-greenfield-sweet-mint-17g20p-2000651123/
4202,https://dixy.ru/product/chay-greenfield-green-melissa-zelenyy-s-melissoy-25pak-2000000287/
4203,https://dixy.ru/product/chay-zelenyy-akbar-romashka-i-myata-25kh2g-2000518883/
4204,https://dixy.ru/product/chay-zelenyy-tess-flirt-s-klubnikoy-i-aromatom-belogo-persika-25sht-2000337169/
4205,https://dixy.ru/product/chay-greenfield-green-melissa-v-paketikakh-100sht-2000202356/
4206,https://dixy.ru/product/chay-ahmad-tea-chinese-green-zelenyy-v-paketikakh-25sht-2000307804/
4207,https://dixy.ru/product/chay-curtis-fresh-mojito-zelenyy-mokhito-v-piramidkakh-20sht-2000228115/
4208,https://dixy.ru/product/chay-zelenyy-curtis-strawberry-mojito-piramidki-20kh17g-34g-2000605232/
4209,https://dixy.ru/product/chay-greenfield-flying-dragon-zelenyy-v-paketikakh-25sht-2000000305/
4210,https://dixy.ru/product/chay-greenfield-jasmine-dream-zelenyy-listovoy-100g-di00080604/
4211,https://dixy.ru/product/chay-zelenyy-robson-classic-listovoy-90g-2000611798/
4212,https://dixy.ru/product/chay-zelenyy-curtis-fruity-cutie-v-paketikakh-25x15g-375g-2000645272/
4213,https://dixy.ru/product/chay-zelenyy-curtis-hugo-cocktail-piramidki-20kh17g-2000557372/
4214,https://dixy.ru/product/chay-zelenyy-greenfield-summer-passion-18gkh20-piramidok-36g-2000626574/
4215,https://dixy.ru/product/chay-zelenyy-listovoy-printsessa-yava-traditsionnyy-200g-2000000290/
4216,https://dixy.ru/product/chay-tess-lime-zelenyy-s-tsedroy-tsitrusovykh-paketiki-25x15g-2000003713/
4217,https://dixy.ru/product/chay-paketirovannyy-mayskiy-2kh25g-2000004753/
4218,https://dixy.ru/product/chay-zelenyy-tess-ginger-mojito-myata-i-laym-piramidki-20x18g-2000175073/
4219,https://dixy.ru/product/chay-zelenyy-tess-pina-colada-ananas-i-kokos-20pirx18g-2000295204/
4220,https://dixy.ru/product/chay-ahmad-tea-zelenyy-listovoy-100g-2000304794/
4221,https://dixy.ru/product/chay-basilur-molochnyy-ulun-zelenyy-listovoy-100-g-2000329852/
4222,https://dixy.ru/product/chay-tess-flirt-zelenyy-listovoy-100-g-2000361848/
4223,https://dixy.ru/product/chay-zelenyy-akbar-melissa-i-verbena-25pak-kh2g-50g-2000518882/
4224,https://dixy.ru/product/chay-zelenyy-zelenyy-drakon-kitayskiy-krupnolistovoy-100g-2000547101/
4225,https://dixy.ru/product/chay-zelenyy-zelenyy-drakon-kitayskiy-20kh15-g-2000547103/
4226,https://dixy.ru/product/chay-zelenyy-green-panda-nefritovyy-sad-krupnolistovoy-100-g-2000566557/
4227,https://dixy.ru/product/chay-zelenyy-curtis-delicate-mango-piramidki-20kh17g-2000557373/
4228,https://dixy.ru/product/napitok-chaynyy-greenfield-ripe-raspberry-2g20p-2000651113/
4229,https://dixy.ru/product/napitok-chaynyy-greenfield-lemon-ginger-15g20p-2000651117/
4230,https://dixy.ru/product/napitok-chaynyy-greenfield-mint-camomile-15g20p-2000651118/
4231,https://dixy.ru/product/napitok-chaynyy-herbarus-spokoystvie-balans-10kh18-18g-2000627111/
4232,https://dixy.ru/product/chay-curtis-tea-of-the-tomorrow-blue-bayou-20pak-30g-2000643763/
4233,https://dixy.ru/product/napitok-travyanoy-pervym-delom-romashka-20pkh15g-30g-2000601832/
4234,https://dixy.ru/product/chay-travyanoy-ahmad-tea-mint-cocktail-20kh15g-30g-2000601453/
4235,https://dixy.ru/product/chay-travyanoy-ahmad-tea-cherry-dessert-20kh2g-40g-2000601452/
4236,https://dixy.ru/product/nabor-chaynoe-assorti-herbarus-astro-mini-12pak-kh24g-2000602712/
4237,https://dixy.ru/product/chay-chernyy-velikiy-drakon-lesnye-yagody-20-paketikov-30g-2000608672/
4238,https://dixy.ru/product/napitok-chaynyy-herbarus-secret-stories-assorti-24-paketika-432g-2000611236/
4239,https://dixy.ru/product/grechishnyy-chaynyy-napitok-bioniq-90g-2000613551/
4240,https://dixy.ru/product/napitok-travyanoy-organic-life-myato-melissa-yabloko-50g-2000614931/
4241,https://dixy.ru/product/napitok-chaynyy-velikiy-drakon-karkade-80g-2000617914/
4242,https://dixy.ru/product/napitok-chaynyy-herbarium-balans-i-garmoniya-20p15g-30g-2000619415/
4243,https://dixy.ru/product/napitok-chaynyy-herbarus-zaryad-vitaminov-10kh18-18g-2000627112/
4244,https://dixy.ru/product/napitok-chaynyy-olifeolayf-karkade-80g-2000639475/
4245,https://dixy.ru/product/chay-curtis-tea-of-the-tomorrow-purple-haze-20pak-30g-2000643764/
4246,https://dixy.ru/product/napitok-chaynyy-greenfield-strawberry-garden-25p2g-50g-2000647394/
4247,https://dixy.ru/product/chay-akbar-myata-melissa-lemongrass-25pkh18g-45g-2000648091/
4248,https://dixy.ru/product/napitok-travyanoy-organic-life-perechnaya-myata-20-paketikov-30g-2000607893/
4249,https://dixy.ru/product/napitok-chaynyy-organic-life-ivan-chay-20-paketikov-30g-2000607892/
4250,https://dixy.ru/product/chaynyy-napitok-organic-life-ivan-chay-50g-2000611796/
4251,https://dixy.ru/product/chaynyy-napitok-greenfield-natural-tisane-lavanda-verbena-20kh18g-2000581532/
4252,https://dixy.ru/product/chaynyy-napitok-greenfield-natural-tisane-lemongrass-limonnik-20kh18g-2000581531/
4253,https://dixy.ru/product/napitok-chaynyy-greenfield-ripe-raspberry-2g20p-2000651113/
4254,https://dixy.ru/product/napitok-chaynyy-greenfield-lemon-ginger-15g20p-2000651117/
4255,https://dixy.ru/product/napitok-chaynyy-greenfield-mint-camomile-15g20p-2000651118/
4256,https://dixy.ru/product/napitok-chaynyy-herbarus-spokoystvie-balans-10kh18-18g-2000627111/
4257,https://dixy.ru/product/chay-curtis-summer-berries-karkade-v-piramidkakh-34g-2000577671/
4258,https://dixy.ru/product/chay-curtis-blue-berries-blues-chernyy-v-piramidkakh-20sht-2000289446/
4259,https://dixy.ru/product/chay-chernyy-richard-royal-raspberry-paketiki-25kh15g-375g-2000420422/
4260,https://dixy.ru/product/chay-curtis-tea-of-the-tomorrow-blue-bayou-20pak-30g-2000643763/
4261,https://dixy.ru/product/chay-akbar-sadovye-frukty-25pakkh15g-375g-2000518880/
4262,https://dixy.ru/product/chay-chernyy-akbar-lesnye-yagody-25kh15-g-2000518878/
4263,https://dixy.ru/product/napitok-chaynyy-printsessa-yava-karkade-25x15g-2000000289/
4264,https://dixy.ru/product/napitok-milford-peppermint-chaynyy-20x15g-2000175018/
4265,https://dixy.ru/product/chay-milford-romashka-travyanoy-v-paketikakh-20sht-2000197486/
4266,https://dixy.ru/product/chay-chernyy-tess-apelsin-klubnika-25-paketikov-2000437213/
4267,https://dixy.ru/product/travyanoy-sbor-travy-i-pchely-ivan-chay-20kh15-g-30-g-2000560235/
4268,https://dixy.ru/product/kollektsiya-chaya-greenfield-natural-tisane-assorti-30-piramidok-2000584291/
4269,https://dixy.ru/product/chay-ahmad-tea-travyanoy-tsitrus-20kh2-g-40-g-2000585255/
4270,https://dixy.ru/product/nabor-tess-cocktail-mix-v-piramidkakh-30-g-2000584292/
4271,https://dixy.ru/product/napitok-chaynyy-greenfield-summer-bouquet-252g-50g-di00080597/
4272,https://dixy.ru/product/chaynyy-napitok-printsessa-yava-karkade-80g-tst0015849/
4273,https://dixy.ru/product/napitok-travyanoy-pervym-delom-romashka-20pkh15g-30g-2000601832/
4274,https://dixy.ru/product/chay-travyanoy-ahmad-tea-mint-cocktail-20kh15g-30g-2000601453/
4275,https://dixy.ru/product/chay-travyanoy-ahmad-tea-cherry-dessert-20kh2g-40g-2000601452/
4276,https://dixy.ru/product/nabor-chaynoe-assorti-herbarus-astro-mini-12pak-kh24g-2000602712/
4277,https://dixy.ru/product/napitok-chaynyy-organic-life-karkade-80g-2000607111/
4278,https://dixy.ru/product/napitok-chaynyy-organic-life-karkade-20-paketikov-30g-2000607891/
4279,https://dixy.ru/product/chay-chernyy-velikiy-drakon-lesnye-yagody-20-paketikov-30g-2000608672/
4280,https://dixy.ru/product/napitok-chaynyy-herbarus-secret-stories-assorti-24-paketika-432g-2000611236/
4281,https://dixy.ru/product/chay-zelenyy-greenfield-juicy-mango-17g20p-2000651116/
4282,https://dixy.ru/product/chay-chernyy-greenfield-rich-earl-grey-listovoy-100g-2000651119/
4283,https://dixy.ru/product/chay-zelenyy-greenfield-rich-lemon-17g20p-2000651120/
4284,https://dixy.ru/product/chay-zelenyy-greenfield-sweet-mint-17g20p-2000651123/
4285,https://dixy.ru/product/chay-chernyy-greenfield-oriental-lime-15g25p-2000651124/
4286,https://dixy.ru/product/chay-greenfield-golden-ceylon-chernyy-v-paketikakh-100sht-2000175074/
4287,https://dixy.ru/product/chay-chernyy-greenfield-earl-grey-fantasy-bergamot-100pak-2000228472/
4288,https://dixy.ru/product/chay-chernyy-greenfield-earl-grey-fantasy-bergamot-25pak-2000000294/
4289,https://dixy.ru/product/chay-greenfield-golden-ceylon-chernyy-listovoy-200g-2000203791/
4290,https://dixy.ru/product/chay-greenfield-kenyan-sunrise-chernyy-v-paketikakh-100sht-2000272272/
4291,https://dixy.ru/product/chay-greenfield-golden-ceylon-chernyy-v-paketikakh-25sht-2000000286/
4292,https://dixy.ru/product/chay-chernyy-azerchay-buket-100kh2-g-2000295224/
4293,https://dixy.ru/product/chay-greenfield-spring-melody-chernyy-v-paketikakh-25sht-2000004751/
4294,https://dixy.ru/product/chay-chernyy-tess-pleasure-shipovnik-i-yabloko-v-paketikakh-100sht-2000226734/
4295,https://dixy.ru/product/chay-azerchay-buket-chernyy-krupnolistovoy-100g-2000227533/
4296,https://dixy.ru/product/chay-chernyy-tess-nectarine-15g25-375g-2000628171/
4297,https://dixy.ru/product/chay-akbar-limited-edition-chernyy-krupnolistovoy-200g-2000308325/
4298,https://dixy.ru/product/chay-chernyy-greenfield-earl-grey-fantasy-200g-2000217793/
4299,https://dixy.ru/product/chay-chernyy-azerchay-s-aromatom-bergamota-25kh2-g-2000336819/
4300,https://dixy.ru/product/chay-chernyy-greenfield-gourmand-pear-15g25pak-375g-2000620938/
4301,https://dixy.ru/product/chay-azerchay-buket-chernyy-v-paketikakh-25x2-g-2000289163/
4302,https://dixy.ru/product/chay-chernyy-grand-malina-oblepikha-20kh18g-36g-2000578774/
4303,https://dixy.ru/product/chay-chernyy-tess-forest-dream-malina-chernika-20x18g-2000295203/
4304,https://dixy.ru/product/chay-chernyy-greenfield-strawberry-bloom-15g25pak-375g-2000620937/
4305,https://dixy.ru/product/chay-chernyy-tess-pleasure-shipovnik-i-yabloko-v-paketikakh-25sht-tst0038390/
4306,https://dixy.ru/product/chay-chernyy-greenfield-cherry-amour-piramidki-20x18g-36g-2000647392/
4307,https://dixy.ru/product/chay-chernyy-beta-tea-opa-250g-2000538673/
4308,https://dixy.ru/product/chay-chernyy-greenfield-earl-grey-fantasy-bergamot-100g-2000144520/
4309,https://dixy.ru/product/chay-chernyy-printsessa-nuri-vysokogornyy-100kh2g-200g-2000224056/
4310,https://dixy.ru/product/chay-mayskiy-korona-rossiyskoy-imperii-chernyy-listovoy-200g-tst0001604/
4311,https://dixy.ru/product/lapsha-bystrogo-prigotovleniya-doshirak-so-vkusom-govyadiny-90g-di00080403/
4312,https://dixy.ru/product/lapsha-bystrogo-prigotovleniya-doshirak-so-vkusom-kuritsy-90g-di00080402/
4313,https://dixy.ru/product/lapsha-bystrogo-prigotovleniya-doshirak-kvisti-kuritsa-70g-2000200492/
4314,https://dixy.ru/product/bulonnyy-kubik-maggi-kurinyy-zolotoy-72g-2000000090/
4315,https://dixy.ru/product/priprava-maggi-na-vtoroe-dlya-nejnogo-file-kurinoy-grudki-po-italyanski-306g-2000252671/
4316,https://dixy.ru/product/pyure-kartofelnoe-rollton-s-kurinym-vkusom-40g-tst0023259/
4317,https://dixy.ru/product/lapsha-rollton-kurinaya-yaichnaya-po-domashnemu-85g-2000152175/
4318,https://dixy.ru/product/kasha-ovsyanaya-pervym-delom-bystrogo-prigotovleniya-s-klubnikoy-35g-2000209072/
4319,https://dixy.ru/product/priprava-maggi-zapravka-dlya-borshcha-250g-2000004590/
4320,https://dixy.ru/product/lapsha-big-bon-kuritsasous-salsa-75g-t000018184/
4321,https://dixy.ru/product/bulon-govyajiy-rollton-domashniy-90g-2000185087/
4322,https://dixy.ru/product/pyure-kartofelnoe-rollton-s-sukharikami-40g-tst0023260/
4323,https://dixy.ru/product/bulon-kurinyy-rollton-domashniy-90g-2000016915/
4324,https://dixy.ru/product/lapsha-big-lanch-govyadina-v-ostrom-souseragu-s-govyadinoy-i-chili-pertsem-90g-2000248834/
4325,https://dixy.ru/product/lapsha-bystrogo-prigotovleniya-doshirak-kvisti-govyadina-70g-2000271584/
4326,https://dixy.ru/product/vermishel-rollton-s-kuritsey-na-domashnem-bulone-60g-2000017013/
4327,https://dixy.ru/product/lapsha-bystrogo-prigotovleniya-doshirak-ostraya-kuritsa-90g-2000536056/
4328,https://dixy.ru/product/lapsha-bystrogo-prigotovleniya-ouchauch-tom-yam-90g-2000628114/
4329,https://dixy.ru/product/lapsha-paldo-pibim-men-130g-2000634833/
4330,https://dixy.ru/product/sup-supersup-kurinyy-70g-2000418456/
4331,https://dixy.ru/product/lapsha-bystrogo-prigotovleniya-pervym-delom-so-vkusom-kuritsy-60g-2000544151/
4332,https://dixy.ru/product/lapsha-bystrogo-prigotovleniya-pervym-delom-govyadina-60g-2000544152/
4333,https://dixy.ru/product/lapsha-doshirak-cheese-ramen-syr-110g-2000609214/
4334,https://dixy.ru/product/lapsha-biznes-menyu-s-tushenoy-govyadinoy-v-pryanom-souse-110g-tst0026504/
4335,https://dixy.ru/product/kasha-ovsyanaya-pervym-delom-bystrogo-prigotovleniya-s-abrikosom-35g-2000209073/
4336,https://dixy.ru/product/lapsha-doshirak-chan-ramen-koreyskaya-s-pripravami-120g-2000294355/
4337,https://dixy.ru/product/lapsha-bigbon-wok-ostraya-govyadina-v-souse-po-kitayski-85g-2000552491/
4338,https://dixy.ru/product/lapsha-bystrogo-prigotovleniya-bigbon-max-kuritsa-95g-2000178884/
4339,https://dixy.ru/product/lapsha-reena-ramen-syr-ostraya-kuritsa-115g-2000624793/
4340,https://dixy.ru/product/lapsha-big-lanch-tushenaya-kuritsasote-s-pryanymi-travami-90g-tst0027182/
4341,https://dixy.ru/product/khlopya-agro-alyans-iz-polby-400g-2000402506/
4342,https://dixy.ru/product/khlopya-agro-alyans-pshenno-risovye-400g-2000609277/
4343,https://dixy.ru/product/palochki-kukuruznye-kuzya-lakomkin-sladkie-140g-2000177672/
4344,https://dixy.ru/product/khlopya-ovsyanye-yasno-solnyshko-2-500g-1041032607/
4345,https://dixy.ru/product/khlopya-ovsyanye-russkiy-produkt-gerkules-traditsionnyy-500g-2000005395/
4346,https://dixy.ru/product/gerkules-russkiy-produkt-monastyrskiy-ovsyanye-khlopya-500g-2000222892/
4347,https://dixy.ru/product/khlopya-ovsyanye-lyubimye-traditsii-gerkules-400g-2000601251/
4348,https://dixy.ru/product/khlopya-klinskie-ekstra-ovsyanye-500g-2000280365/
4349,https://dixy.ru/product/khlopya-ovsyanye-lyubimye-traditsii-3-5-min-400g-2000186448/
4350,https://dixy.ru/product/khlopya-gerkules-ovsyanye-v-assortimente-400g-2000219614/
4351,https://dixy.ru/product/myusli-matti-s-bananom-i-shokoladom-250g-2000282836/
4352,https://dixy.ru/product/kasha-ovsyanaya-pervym-delom-bystrogo-prigotovleniya-s-klubnikoy-35g-2000209072/
4353,https://dixy.ru/product/gotovyy-zavtrak-khrutka-khlopya-medovye-270g-2000349896/
4354,https://dixy.ru/product/khlopya-lyubyatovo-kukuruznye-600g-2000310984/
4355,https://dixy.ru/product/khlopya-mistral-5-zlakov-mnogozernovye-400-g-2000340595/
4356,https://dixy.ru/product/myusli-ogo-zapechennye-s-orekhom-s-yablokom-300g-2000645991/
4357,https://dixy.ru/product/myusli-olifeolayf-so-vkusom-solenoy-karameli-280g-2000630673/
4358,https://dixy.ru/product/kasha-ovsyanaya-pervym-delom-bystrogo-prigotovleniya-s-abrikosom-35g-2000209073/
4359,https://dixy.ru/product/podushechki-lyubyatovo-shokoladnye-500g-2000335321/
4360,https://dixy.ru/product/gotovyy-zavtrak-khrutka-duo-shariki-650g-2000548514/
4361,https://dixy.ru/product/podushechki-lyubyatovo-s-shokoladnoy-nachinkoy-220g-2000534773/
4362,https://dixy.ru/product/khlopya-ovsyanye-yasno-solnyshko-1-500g-2000163002/
4363,https://dixy.ru/product/khlopya-bystrov-bez-varki-assorti-chernika-klubnika-persik-240g-2000116559/
4364,https://dixy.ru/product/khlopya-ovsyanye-olifeolayf-500g-2000631611/
4365,https://dixy.ru/product/ris-russkiy-desert-vozdushnye-zerna-2000322939/
4366,https://dixy.ru/product/gotovyy-zavtrak-khrutka-khlopya-kukuruznye-290g-2000122599/
4367,https://dixy.ru/product/khlopya-nordic-grechnevye-400g-2000629791/
4368,https://dixy.ru/product/myusli-zapechennye-olifeolayf-s-orekhom-280g-2000635571/
4369,https://dixy.ru/product/khlopya-olifeolayf-4-zlaka-400g-2000638191/
4370,https://dixy.ru/product/gotovyy-zavtrak-khrutka-shariki-shokoladnye-650g-2000571439/
4371,https://dixy.ru/product/chipsy-nori-ouchauch-v-kunjutnom-masle-4g-2000634551/
4372,https://dixy.ru/product/chipsy-nori-ouchauch-so-vkusom-vasabi-4g-2000628011/
4373,https://dixy.ru/product/sen-soy-morskaya-vodorosl-nori-28-g-2000158121/
4374,https://dixy.ru/product/lapsha-pshenichnaya-imperial-cuisine-udon-400-g-2000326641/
4375,https://dixy.ru/product/lapsha-grechnevaya-imperial-cuisine-soba-400g-2000326640/
4376,https://dixy.ru/product/chipsy-nori-ouchauch-v-kunjutnom-masle-17g-2000649231/
4377,https://dixy.ru/product/vermishel-sen-soy-funchoza-iz-zelenykh-bobov-200g-2000158137/
4378,https://dixy.ru/product/chipsy-nori-ouchauch-kimchi-4g-2000649232/
4379,https://dixy.ru/product/chipsy-nori-sen-soy-s-olivkovym-maslom-45g-2000625291/
4380,https://dixy.ru/product/morskaya-kapusta-midori-jarenaya-v-olivkovom-masle-5g-2000429580/
4381,https://dixy.ru/product/chipsy-nori-ouchauch-v-olivkovom-masle-17g-2000649233/
4382,https://dixy.ru/product/morskaya-kapusta-midori-sushenaya-s-kimchi-5g-2000605791/
4383,https://dixy.ru/product/kapusta-morskaya-midori-barbekyu-jarenaya-5g-2000647253/
4384,https://dixy.ru/product/chipsy-nori-sen-soy-original-iz-sushenykh-morskikh-vodorosley-45g-2000158128/
4385,https://dixy.ru/product/kokosovoe-moloko-thai-coco-5-7-400ml-2000634091/
4386,https://dixy.ru/product/chipsy-nori-naitori-so-vkusom-kimchi-3g-2000545491/
4387,https://dixy.ru/product/morskaya-kapusta-midori-jarenaya-v-olivkovom-masle-17g-2000609836/
4388,https://dixy.ru/product/morskaya-kapusta-midori-jarenaya-s-vasabi-5g-2000609835/
4389,https://dixy.ru/product/morskaya-kapusta-midori-jarenaya-s-zelenym-chaem-5g-2000609833/
4390,https://dixy.ru/product/morskaya-kapusta-midori-jarenaya-v-kunjutnom-masle-5g-2000609832/
4391,https://dixy.ru/product/morskaya-kapusta-midori-solenaya-klubnika-5g-2000609834/
4392,https://dixy.ru/product/lapsha-risovaya-sen-soy-premium-fo-kho-200g-2000300523/
4393,https://dixy.ru/product/lapsha-sanbonsai-pshenichnaya-udon-300-g-2000349166/
4394,https://dixy.ru/product/lapsha-grechnevaya-sen-soy-premium-soba-300g-t000023442/
4395,https://dixy.ru/product/chipsy-nori-naitori-s-olivkovym-maslom-3g-2000545492/
4396,https://dixy.ru/product/sukhari-panirovochnye-midori-200g-2000609831/
4397,https://dixy.ru/product/chipsy-nori-sen-soy-teriyaki-45g-2000430089/
4398,https://dixy.ru/product/osnova-dlya-supa-chim-chim-hot-asia-tom-yam-75g-2000615691/
4399,https://dixy.ru/product/kapusta-morskaya-midori-teriyaki-jarenaya-5g-2000647254/
4400,https://dixy.ru/product/sous-sen-soy-pad-thai-dlya-risovoy-lapshi-po-tayski-80g-2000245271/
4401,https://dixy.ru/product/makaronnye-izdeliya-de-cecco-fettuccine-alluovo-yaichnye-250-g-2000285412/
4402,https://dixy.ru/product/makaronnye-izdeliya-de-cecco-fusilli-lunghi-bucati--5-500g-2000608772/
4403,https://dixy.ru/product/makaronnye-izdeliya-yaichnye-de-cecco-tagliatelle-shpinat-250g-2000152060/
4404,https://dixy.ru/product/makaronnye-izdeliya-aida-tagliatelle-gnezda-250g-2000437022/
4405,https://dixy.ru/product/makaronnye-izdeliya-pasteroni-zvezdochki-400g-2000608771/
4406,https://dixy.ru/product/makaronnye-izdeliya-aida-bucatini-400g-2000609278/
4407,https://dixy.ru/product/kletski-de-cecco-kartofelnye-500g-2000152061/
4408,https://dixy.ru/product/makaronnye-izdeliya-aida-pero-450g-2000296860/
4409,https://dixy.ru/product/makaronnye-izdeliya-shebekinskie-spagetti-tonkie-450g-2000005386/
4410,https://dixy.ru/product/makaronnye-izdeliya-makfa-spirali-450g-2000002143/
4411,https://dixy.ru/product/makarony-barillabarilla-34-djirandole-450g-2000349519/
4412,https://dixy.ru/product/makaronnye-izdeliya-shebekinskie-rojok-polubublik-450g-2000005385/
4413,https://dixy.ru/product/makaronnye-izdeliya-pasteroni-kazarechche-123-400g-2000601871/
4414,https://dixy.ru/product/makaronnye-izdeliya-makfa-vitki-450g-tst0046806/
4415,https://dixy.ru/product/makaronnye-izdeliya-barillabarilla-spagetti-5-450g-2000016649/
4416,https://dixy.ru/product/makaronnye-izdeliya-shebekinskie-rakushki-450g-2000005390/
4417,https://dixy.ru/product/makaronnye-izdeliya-pasteroni-farfalle-170-400g-2000613534/
4418,https://dixy.ru/product/makaronnye-izdeliya-shebekinskie-spirali-450g-2000005387/
4419,https://dixy.ru/product/makaronnye-izdeliya-makfa-perya-lyubitelskie-450g-tst0046807/
4420,https://dixy.ru/product/makaronnye-izdeliya-makfa-spagetti-450g-di00078717/
4421,https://dixy.ru/product/makaronnye-izdeliya-makfa-pautinka-450g-t000015331/
4422,https://dixy.ru/product/makaronnye-izdeliya-aida-rojok-450g-2000296859/
4423,https://dixy.ru/product/makaronnye-izdeliya-barillabarilla-penne-rigate-73-450g-2000155821/
4424,https://dixy.ru/product/makaronnye-izdeliya-starooskolskieslavna-rojki-osobye-400g-2000576135/
4425,https://dixy.ru/product/makaronnye-izdeliya-shebekinskie-vermishelka-legkaya-450g-2000004708/
4426,https://dixy.ru/product/makaronnye-izdeliya-barillabarilla-pipe-rigate-91-450g-2000224712/
4427,https://dixy.ru/product/makaronnye-izdeliya-maltagliati-vermishel-450g-2000326096/
4428,https://dixy.ru/product/makaronnye-izdeliya-lyubimye-traditsii-spagetti-500-g-2000544351/
4429,https://dixy.ru/product/makaronnye-izdeliya-barillabarilla-capellini-1-450g-2000155813/
4430,https://dixy.ru/product/makaronnye-izdeliya-pervym-delommelkombinat-perya-400g-2000209691/
4431,https://dixy.ru/product/fasol-belaya-agro-alyans-ekstra-450g-2000302612/
4432,https://dixy.ru/product/ris-kubanskiy-agro-alyans-ekstra-shlifovannyy-5-sht-po-80-g-2000321488/
4433,https://dixy.ru/product/mash-agro-alyans-ekstra-boby-mung-450g-2000609276/
4434,https://dixy.ru/product/ris-agro-alyans-ekstra-dlya-azerbaydjanskogo-plova-500g-2000609274/
4435,https://dixy.ru/product/ris-agro-alyans-proparennyy-gold-5pak80g-2000437012/
4436,https://dixy.ru/product/krupa-grechnevaya-zernyshko-k-zernyshku-yadritsa-900g-2000180341/
4437,https://dixy.ru/product/krupa-natsional-grechnevaya-yadritsa-900-g-1030037286/
4438,https://dixy.ru/product/ris-zernyshko-k-zernyshku-kruglozernyy-900g-2000180350/
4439,https://dixy.ru/product/krupa-uvelka-grechnevaya-v-paketakh-dlya-varki-5kh80g-2000272542/
4440,https://dixy.ru/product/krupa-grechnevaya-uvelka-altayskaya-800g-2000633811/
4441,https://dixy.ru/product/ris-natsional-srednezernyy-dlya-plova-900g-2000274400/
4442,https://dixy.ru/product/ris-agro-alyans-ekstra-dlya-plova-900g-2000203655/
4443,https://dixy.ru/product/ris-uvelka-kruglozernyy-shlifovannyy-5pakkh80g-2000282743/
4444,https://dixy.ru/product/krupa-grechnevaya-yadritsa-v-assortimente-900g-2000219613/
4445,https://dixy.ru/product/krupa-ris-kruglyy-v-assortimente-900g-2000219612/
4446,https://dixy.ru/product/krupa-grechnevaya-olifeolayf-v-paketakh-580g-400g-2000638872/
4447,https://dixy.ru/product/krupa-mannaya-v-assortimente-800g-2000242952/
4448,https://dixy.ru/product/krupa-psheno-v-assortimente-900g-2000242955/
4449,https://dixy.ru/product/ris-natsional-baldo-800g-2000350733/
4450,https://dixy.ru/product/psheno-zernyshko-k-zernyshku-shlifovannoe-900g-2000180344/
4451,https://dixy.ru/product/ris-dlya-plova-zernyshko-k-zernyshku-900g-2000600234/
4452,https://dixy.ru/product/ris-proparennyy-1-sort-gost-6292-93-v-assortimente-800g-2000568651/
4453,https://dixy.ru/product/chechevitsa-krasnaya-agro-alyans-ekstra-450g-2000411026/
4454,https://dixy.ru/product/krupa-mannaya-shebekinskaya-marka-t-500g-2000278159/
4455,https://dixy.ru/product/ris-kruglozernyy-olifeolayf-v-paketakh-580g-400g-2000638873/
4456,https://dixy.ru/product/ris-jasmin-agro-alyans-ekstra-5kh80g-400g-2000436670/
4457,https://dixy.ru/product/bulgur-natsional-pshenichnyy-450g-2000288565/
4458,https://dixy.ru/product/ris-mistral-yantar-dlinnyy-proparennyy-900-g-2000002128/
4459,https://dixy.ru/product/krupa-perlovaya-v-assortimente-900g-2000242954/
4460,https://dixy.ru/product/gorokh-v-assortimente-900g-2000242931/
4461,https://dixy.ru/product/muka-makfa-pshenichnaya-vysshiy-sort-2kg-tst0035253/
4462,https://dixy.ru/product/muka-frantsuzskaya-shtuchka-pshenichnaya-khlebopekarnaya-ekstra-2kg-2000317163/
4463,https://dixy.ru/product/muka-makfa-pshenichnaya-khlebopekarnaya-vysshiy-sort-1kg-d000002191/
4464,https://dixy.ru/product/muka-sokolnicheskaya-pshenichnaya-vysshiy-sort-2kg-2000587351/
4465,https://dixy.ru/product/muka-uvelka-pshenichnaya-vysshiy-sort-2kg-tst0037862/
4466,https://dixy.ru/product/muka-pshenichnaya-frantsuzskaya-shtuchka-ekstra-1kg-2000633991/
4467,https://dixy.ru/product/muka-tselnozernovaya-frantsuzskaya-shtuchka-1kg-2000534249/
4468,https://dixy.ru/product/muka-pshenichnaya-pyshechka-vysshiy-sort-2kg-tst0044481/
4469,https://dixy.ru/product/muka-pshenichnaya-khlebopekarnaya-v-assortimente-2kg-2000213875/
4470,https://dixy.ru/product/muka-risovaya-makfa-500-g-2000537792/
4471,https://dixy.ru/product/muka-makfa-rjanaya-obdirnaya-1kg-2000349525/
4472,https://dixy.ru/product/muka-predportovaya-pshenichnaya-vysshiy-sort-2kg-1041026607/
4473,https://dixy.ru/product/muka-predportovaya-pshenichnaya-vysshiy-sort-1kg-2000161401/
4474,https://dixy.ru/product/muka-uvelka-pshenichnaya-500g-2000640552/
4475,https://dixy.ru/product/muka-kukuruznaya-kudesnitsa-500g-2000408740/
4476,https://dixy.ru/product/muka-pshenichnaya-pyshechka-vysshiy-sort-1kg-2000331751/
4477,https://dixy.ru/product/muka-frantsuzskaya-shtuchka-pshenichnaya-1kg-2000578792/
4478,https://dixy.ru/product/muka-spudov-kukuruznaya-450g-2000583072/
4479,https://dixy.ru/product/muka-pshenichnaya-starooskolskayaslavna-vysshiy-sort-2kg-tst0044544/
4480,https://dixy.ru/product/smes-dlya-vypechki-pechem-doma-keks-zimnyaya-skazka-300g-2000604772/
4481,https://dixy.ru/product/muka-risovaya-kudesnitsa-500g-2000348917/
4482,https://dixy.ru/product/varene-malinovoe-krugloe-leto-300g-2000546998/
4483,https://dixy.ru/product/djem-makheev-klubnichnyy-300g-2000198900/
4484,https://dixy.ru/product/djem-krugloe-leto-abrikosovyy-350g-2000223634/
4485,https://dixy.ru/product/djem-krugloe-leto-chernichnyy-270g-2000613991/
4486,https://dixy.ru/product/djem-krugloe-leto-apelsinovyy-350g-2000269779/
4487,https://dixy.ru/product/varene-klubnichnoe-krugloe-leto-300g-2000546999/
4488,https://dixy.ru/product/yagoda-protertaya-sibirskaya-yagoda-brusnika-280g-2000348190/
4489,https://dixy.ru/product/djem-makheev-persik-mango-300g-2000274862/
4490,https://dixy.ru/product/djem-makheev-malina-300g-2000555071/
4491,https://dixy.ru/product/varene-vishnevoe-krugloe-leto-300g-2000547000/
4492,https://dixy.ru/product/djem-klubnichnyy-krugloe-leto-270g-2000616112/
4493,https://dixy.ru/product/djem-vishnevyy-krugloe-leto-270g-2000616111/
4494,https://dixy.ru/product/djem-makheev-chernichnyy-300g-2000207749/
4495,https://dixy.ru/product/varene-ratibor-chernaya-smorodina-360g-1070030260/
4496,https://dixy.ru/product/djem-makheev-lesnye-yagody-300-g-2000336699/
4497,https://dixy.ru/product/yagoda-protertaya-sibirskaya-yagoda-zemlyanika-280g-2000349422/
4498,https://dixy.ru/product/varene-desertnoe-ekoprodukt-chernaya-smorodina-325g-2000551171/
4499,https://dixy.ru/product/varene-desertnoe-ekoprodukt-brusnika-325g-tst0028424/
4500,https://dixy.ru/product/varene-desertnoe-ekoprodukt-chernika-325g-tst0001480/
4501,https://dixy.ru/product/oblepikha-ekoprodukt-protertaya-s-sakharom-320-g-di00081342/
4502,https://dixy.ru/product/malina-droblenaya-ekoprodukt-s-sakharom-320g-tst0028423/
4503,https://dixy.ru/product/djem-makheev-tropicheskie-frukty-300g-2000611811/
4504,https://dixy.ru/product/cous-heinz-krem-shokolad-so-shveytsarskim-shokoladom-200g-2000611991/
4505,https://dixy.ru/product/konfityur-zuegg-persik-320g-2000631071/
4506,https://dixy.ru/product/konfityur-zuegg-ekstra-grusha-vilyams-320g-2000244893/
4507,https://dixy.ru/product/konfityur-zuegg-ekstra-klubnika-320g-2000409196/
4508,https://dixy.ru/product/varene-ratibor-malina-360g-10a0035422/
4509,https://dixy.ru/product/varene-ratibor-klubnika-360g-2000282829/
4510,https://dixy.ru/product/oblepikha-protertaya-sibirskaya-yagoda-s-sakharom-280g-2000640952/
4511,https://dixy.ru/product/djem-makheev-brusnichnyy-300g-2000641593/
4512,https://dixy.ru/product/varene-malinovoe-krugloe-leto-300g-2000546998/
4513,https://dixy.ru/product/krupa-grechnevaya-zernyshko-k-zernyshku-yadritsa-900g-2000180341/
4514,https://dixy.ru/product/ris-zernyshko-k-zernyshku-kruglozernyy-900g-2000180350/
4515,https://dixy.ru/product/djem-krugloe-leto-abrikosovyy-350g-2000223634/
4516,https://dixy.ru/product/khlopya-ovsyanye-lyubimye-traditsii-gerkules-400g-2000601251/
4517,https://dixy.ru/product/krupa-grechnevaya-olifeolayf-v-paketakh-580g-400g-2000638872/
4518,https://dixy.ru/product/makaronnye-izdeliya-lyubimye-traditsii-spagetti-500-g-2000544351/
4519,https://dixy.ru/product/makaronnye-izdeliya-pervym-delommelkombinat-perya-400g-2000209691/
4520,https://dixy.ru/product/psheno-zernyshko-k-zernyshku-shlifovannoe-900g-2000180344/
4521,https://dixy.ru/product/ris-dlya-plova-zernyshko-k-zernyshku-900g-2000600234/
4522,https://dixy.ru/product/khlopya-ovsyanye-lyubimye-traditsii-3-5-min-400g-2000186448/
4523,https://dixy.ru/product/ris-kruglozernyy-olifeolayf-v-paketakh-580g-400g-2000638873/
4524,https://dixy.ru/product/chipsy-nori-ouchauch-v-kunjutnom-masle-4g-2000634551/
4525,https://dixy.ru/product/makaronnye-izdeliya-lyubimye-traditsii-spirali-400g-2000544353/
4526,https://dixy.ru/product/makaronnye-izdeliya-lyubimye-traditsii-rojki-400g-2000544352/
4527,https://dixy.ru/product/djem-krugloe-leto-chernichnyy-270g-2000613991/
4528,https://dixy.ru/product/makaronnye-izdeliya-pervym-delommelkombinat-vermishel-400g-2000209690/
4529,https://dixy.ru/product/djem-krugloe-leto-apelsinovyy-350g-2000269779/
4530,https://dixy.ru/product/gorokh-zernyshko-k-zernyshku-shlifovannyy-kolotyy-900g-2000180339/
4531,https://dixy.ru/product/ris-zernyshko-k-zernyshku-proparennyy-900g-2000180346/
4532,https://dixy.ru/product/kislota-limonnaya-pervym-delom-50g-2000554252/
4533,https://dixy.ru/product/chipsy-nori-ouchauch-so-vkusom-vasabi-4g-2000628011/
4534,https://dixy.ru/product/varene-klubnichnoe-krugloe-leto-300g-2000546999/
4535,https://dixy.ru/product/ris-proparennyy-olifeolayf-v-paketakh-580g-400g-2000638874/
4536,https://dixy.ru/product/lapsha-bystrogo-prigotovleniya-ouchauch-tom-yam-90g-2000628114/
4537,https://dixy.ru/product/myusli-olifeolayf-so-vkusom-solenoy-karameli-280g-2000630673/
4538,https://dixy.ru/product/lapsha-bystrogo-prigotovleniya-pervym-delom-so-vkusom-kuritsy-60g-2000544151/
4539,https://dixy.ru/product/lapsha-bystrogo-prigotovleniya-pervym-delom-govyadina-60g-2000544152/
4540,https://dixy.ru/product/ris-zernyshko-k-zernyshku-dlinnozernyy-900g-2000180347/
4541,https://dixy.ru/product/varene-vishnevoe-krugloe-leto-300g-2000547000/
4542,https://dixy.ru/product/med-pchelinyy-abriko-yantarnyy-podsolnukh-500g-2000322020/
4543,https://dixy.ru/product/med-tsvetochnyy-medovaya-dolina-150g-2000573811/
4544,https://dixy.ru/product/med-abriko-tsvetochnyy-700g-tst0045835/
4545,https://dixy.ru/product/med-abriko-tsvetochnyy-350g-tst0045834/
4546,https://dixy.ru/product/sol-pishchevaya-vysshiy-sortpervyy-sort-pomol-1-1-kg-tst0044186/
4547,https://dixy.ru/product/sol-povarennaya-pishchevaya-ekstramelkaya-v-assortimente-1kg-tst0001667/
4548,https://dixy.ru/product/sol-povarennaya-pishchevaya-pomol-1-v-assortimente-1kg-di00080806/
4549,https://dixy.ru/product/sol-ekstra-povarennaya-pishchevaya-500g-tst0031984/
4550,https://dixy.ru/product/sol-adygeyskaya-abadzekhskaya-450g-2000437985/
4551,https://dixy.ru/product/sol-ekstra-povarennaya-pishchevaya-yodirovannaya-v-assortimente-500g-2000001900/
4552,https://dixy.ru/product/sol-povarennaya-pishchevaya-ekstramelkaya-yodirovannaya-v-assortimente-1kg-tst0001666/
4553,https://dixy.ru/product/sol-morskaya-sea-salt-krupnaya-600g-2000349505/
4554,https://dixy.ru/product/sol-4life-morskaya-yodirovannaya-melkaya-1kg-2000171442/
4555,https://dixy.ru/product/sol-4life-morskaya-pishchevaya-yodirovannaya-melkaya-500-g-2000317165/
4556,https://dixy.ru/product/sol-4life-gimalayskaya-rozovaya-melkaya-500g-2000328011/
4557,https://dixy.ru/product/sol-vkusnaya-sol-7-blyud-400g-2000422398/
4558,https://dixy.ru/product/sol-morskaya-krymskaya-sredniy-pomol-05kg-2000543512/
4559,https://dixy.ru/product/priprava-kotanyi-sol-morskaya-yodirovannaya-92g-tst0046004/
4560,https://dixy.ru/product/maslo-olivkovoe-de-cecco-extra-virgin-250ml-2000351365/
4561,https://dixy.ru/product/maslo-olivkovoe-de-cecco-extra-vergine-500ml-2000152062/
4562,https://dixy.ru/product/maslo-podsolnechnoe-zolotaya-semechka-1l-di00080540/
4563,https://dixy.ru/product/maslo-podsolnechnoe-altero-golden-s-olivkovym-081l-di00080746/
4564,https://dixy.ru/product/maslo-podsolnechnoe-sloboda-rafinirovannoe-1l-di00079242/
4565,https://dixy.ru/product/maslo-blago-podsolnechnoe-rafinirovannoe-1l-2000002844/
4566,https://dixy.ru/product/maslo-ya-lyublyu-gotovit-podsolnechnoe-rafinirovannoe-1l-2000555852/
4567,https://dixy.ru/product/maslo-oleyna-klassicheskaya-podsolnechnoe-rafinirovannoe-1l-2000005808/
4568,https://dixy.ru/product/maslo-podsolnechnoe-rafinirovannoe-gost-v-assortimente-09l-2000210260/
4569,https://dixy.ru/product/maslo-podsolnechnoe-zlato-rafinirovannoe-1-l-2000003488/
4570,https://dixy.ru/product/maslo-podsolnechnoe-ideal-rafinirovannoe-1-l-2000005809/
4571,https://dixy.ru/product/maslo-podsolnechnoe-zdorovoe-menyu-nerafinirovannoe-09l-2000559953/
4572,https://dixy.ru/product/maslo-blago-podsolnechnoe-nerafinirovannoe-650ml-2000290945/
4573,https://dixy.ru/product/maslo-zolotaya-semechka-podsolnechnoe-rafinirovannoe-05-l-2000154498/
4574,https://dixy.ru/product/maslo-podsolnechnoe-sloboda-rafinirovannoe-18-l-tst0039503/
4575,https://dixy.ru/product/maslo-podsolnechnoe-sloboda-s-dobavleniem-olivkovogo-1l-2000285623/
4576,https://dixy.ru/product/maslo-filippo-berio-extra-virgin-olivkovoe-500ml-2000265316/
4577,https://dixy.ru/product/maslo-podsolnechnoe-almador-s-dobavleniem-olivkovogo-075-l-2000561791/
4578,https://dixy.ru/product/maslo-podsolnechnoe-ya-lyublyu-gotovit-rafinirovannoe-08l-2000563791/
4579,https://dixy.ru/product/maslo-zdorovoe-menyu-lnyanoe-nerafinirovannoe-250-ml-2000287643/
4580,https://dixy.ru/product/maslo-podsolnechnoe-oleyna-s-dobavleniem-olivkovogo-1l-2000178406/
4581,https://dixy.ru/product/maslo-podsolnechnoe-zolotaya-semechka-nerafinirovannoe-1-l-2000006944/
4582,https://dixy.ru/product/maslo-olivkovoe-filippo-berio-extra-virgin-250ml-2000347675/
4583,https://dixy.ru/product/maslo-podsolnechnoe-altero-s-dobavleniem-masla-avokado-081l-2000633751/
4584,https://dixy.ru/product/maslo-zolotaya-semechka-podsolnechnoe-rafinirovannoe-18l-2000283309/
4585,https://dixy.ru/product/maslo-kukuruznoe-sloboda-rafinirovannoe-1l-2000350730/
4586,https://dixy.ru/product/maslo-podsolnechnoe-altero-almond-s-dobavleniem-mindalnogo-masla-810ml-2000396778/
4587,https://dixy.ru/product/maslo-olivkovoe-olive-tree-pomace-500ml-2000580797/
4588,https://dixy.ru/product/maslo-olivkovoe-maestro-de-oliva-extra-virgin-05l-tst0029495/
4589,https://dixy.ru/product/maslo-olivkovoe-columb-extra-virgin-500ml-2000580798/
4590,https://dixy.ru/product/sakhar-pesok-rusagrodobryy-znakijkrendel-v-assortimente-500g-2000621231/
4591,https://dixy.ru/product/sakhar-pesok-belyy-fasovannyy-v-assortimente-1kg-2000214171/
4592,https://dixy.ru/product/sakhar-pesok-fasovannyy-belyy-v-assortimente-5kg-2000214172/
4593,https://dixy.ru/product/sakhar-pressovannyy-russkiy-sakhar-500g-2000538871/
4594,https://dixy.ru/product/sakhar-pesok-chaykofskiy-900g-2000174958/
4595,https://dixy.ru/product/sakhar-russkiy-sakhar-pressovannyy-1kg-2000468691/
4596,https://dixy.ru/product/sakhar-chaykofskiy-kuskovoy-250g-2000350151/
4597,https://dixy.ru/product/sakhar-pesok-brauni-trostnikovyy-500g-2000598451/
4598,https://dixy.ru/product/sakhar-tsukkerman-trostnikovyy-nerafinirovannyy-kuskovoy-500g-2000299223/
4599,https://dixy.ru/product/sakhar-pressovannyy-v-assortimente-1kg-10e0076829/
4600,https://dixy.ru/product/sakhar-pressovannyy-500-g-2000284285/
4601,https://dixy.ru/product/sakhar-chaykofskiy-500-g-2000287662/
4602,https://dixy.ru/product/sakhar-trostnikovyy-brauni-gold-900-g-2000337554/
4603,https://dixy.ru/product/sakhar-vanilnyy-dr-bakers-s-naturalnoy-vanilyu-9g-2000613752/
4604,https://dixy.ru/product/ris-kubanskiy-agro-alyans-ekstra-shlifovannyy-5-sht-po-80-g-2000321488/
4605,https://dixy.ru/product/mash-agro-alyans-ekstra-boby-mung-450g-2000609276/
4606,https://dixy.ru/product/ris-agro-alyans-ekstra-dlya-azerbaydjanskogo-plova-500g-2000609274/
4607,https://dixy.ru/product/ris-agro-alyans-proparennyy-gold-5pak80g-2000437012/
4608,https://dixy.ru/product/ris-zernyshko-k-zernyshku-kruglozernyy-900g-2000180350/
4609,https://dixy.ru/product/ris-natsional-srednezernyy-dlya-plova-900g-2000274400/
4610,https://dixy.ru/product/ris-agro-alyans-ekstra-dlya-plova-900g-2000203655/
4611,https://dixy.ru/product/ris-uvelka-kruglozernyy-shlifovannyy-5pakkh80g-2000282743/
4612,https://dixy.ru/product/krupa-ris-kruglyy-v-assortimente-900g-2000219612/
4613,https://dixy.ru/product/ris-natsional-baldo-800g-2000350733/
4614,https://dixy.ru/product/ris-dlya-plova-zernyshko-k-zernyshku-900g-2000600234/
4615,https://dixy.ru/product/ris-proparennyy-1-sort-gost-6292-93-v-assortimente-800g-2000568651/
4616,https://dixy.ru/product/ris-kruglozernyy-olifeolayf-v-paketakh-580g-400g-2000638873/
4617,https://dixy.ru/product/ris-jasmin-agro-alyans-ekstra-5kh80g-400g-2000436670/
4618,https://dixy.ru/product/ris-mistral-yantar-dlinnyy-proparennyy-900-g-2000002128/
4619,https://dixy.ru/product/ris-agro-alyans-ekstra-gold-elitnyy-proparennyy-900g-t000024619/
4620,https://dixy.ru/product/ris-natsional-krasnodarskiy-belyy-kruglozernyy-900g-di00079260/
4621,https://dixy.ru/product/ris-zernyshko-k-zernyshku-proparennyy-900g-2000180346/
4622,https://dixy.ru/product/ris-basmati-tamashae-miadi-premium-proparennyy-500g-2000628772/
4623,https://dixy.ru/product/ris-proparennyy-olifeolayf-v-paketakh-580g-400g-2000638874/
4624,https://dixy.ru/product/ris-zernyshko-k-zernyshku-dlinnozernyy-900g-2000180347/
4625,https://dixy.ru/product/ris-natsional-lazer-dlinnozernyy-800g-2000396032/
4626,https://dixy.ru/product/ris-buryy-natsional-zdorove-800-g-2000000058/
4627,https://dixy.ru/product/ris-natsional-proparennyy-zolotistyy-900g-0230703063/
4628,https://dixy.ru/product/ris-mistral-dlya-plova-po-domashnemu-500g-2000645131/
4629,https://dixy.ru/product/ris-agro-alyans-ekstra-elitnyy-kubanskiy-900g-di00080510/
4630,https://dixy.ru/product/ris-baldo-prostoprosto-6kh625-375g-2000645399/
4631,https://dixy.ru/product/ris-mistral-kuban-kruglozernyy-900g-tst0042579/
4632,https://dixy.ru/product/ris-prosto-krasnodarskiy-v-paketikakh-8kh625g-500g-2000250474/
4633,https://dixy.ru/product/smes-risa-zolotistogo-i-dikogo-agro-alyans-ekstra-5kh80g-400g-2000435986/
4634,https://dixy.ru/product/razrykhlitel-testa-drbakers-10g-2000220512/
4635,https://dixy.ru/product/sakhar-vanilnyy-drbakers-8g-2000220514/
4636,https://dixy.ru/product/drojji-saf-moment-sukhie-bystrodeystvuyushchie-11g-di00080124/
4637,https://dixy.ru/product/sukhari-mageta-panirovochnye-150g-2000264338/
4638,https://dixy.ru/product/vanilin-intensiv-drbakers-2g-2000325756/
4639,https://dixy.ru/product/drojji-lyuks-ekstra-sukhie-khlebopekarnye-pressovannye-100g-2000160156/
4640,https://dixy.ru/product/sakhar-pesok-rusagrodobryy-znakijkrendel-v-assortimente-500g-2000621231/
4641,https://dixy.ru/product/soda-pishchevaya-v-assortimente-500g-di00078505/
4642,https://dixy.ru/product/muka-pshenichnaya-frantsuzskaya-shtuchka-ekstra-1kg-2000633991/
4643,https://dixy.ru/product/krakhmal-kukuruznyy-mageta-200g-2000578291/
4644,https://dixy.ru/product/kislota-limonnaya-pervym-delom-50g-2000554252/
4645,https://dixy.ru/product/jelatin-drbakers-10g-2000237733/
4646,https://dixy.ru/product/muka-pyshechka-blinnaya-1kg-2000214069/
4647,https://dixy.ru/product/drojji-bystrodeystvuyushchie-drbakers-7g-2000251391/
4648,https://dixy.ru/product/kunjut-indana-15g-2000319613/
4649,https://dixy.ru/product/sakhar-pesok-brauni-trostnikovyy-500g-2000598451/
4650,https://dixy.ru/product/sakharnaya-pudra-haas-250g-2000431058/
4651,https://dixy.ru/product/muka-uvelka-pshenichnaya-500g-2000640552/
4652,https://dixy.ru/product/smes-dlya-vypechki-pechem-doma-keks-apelsinovyy-300g-2000409854/
4653,https://dixy.ru/product/vanilin-drbakers-karamelnyy-2g-2000587172/
4654,https://dixy.ru/product/jelatin-mageta-50g-2000163050/
4655,https://dixy.ru/product/krakhmal-mageta-kartofelnyy-vysshiy-sort-200g-2000264337/
4656,https://dixy.ru/product/smes-dlya-vypechki-pechem-doma-oladi-250g-2000436448/
4657,https://dixy.ru/product/jele-drbakers-vishnya-i-chereshnya-45g-2000647811/
4658,https://dixy.ru/product/jelatin-pishchevoy-lyubimye-traditsii-20g-2000641051/
4659,https://dixy.ru/product/kislota-limonnaya-drbakers-8g-2000277379/
4660,https://dixy.ru/product/smes-dlya-vypechki-pechem-doma-keks-zimnyaya-skazka-300g-2000604772/
4661,https://dixy.ru/product/sakhar-vanilnyy-dr-bakers-s-naturalnoy-vanilyu-9g-2000613752/
4662,https://dixy.ru/product/poroshok-gorchichnyy-pervym-delom-100g-2000568217/
4663,https://dixy.ru/product/nabor-posypok-parfe-sirenevyy-miks-20-g-2000321539/
4664,https://dixy.ru/product/mintay-moreslav-file-v-panirovke-300g-2000606232/
4665,https://dixy.ru/product/treugolniki-rybnye-polar-iz-treskovykh-porod-zamorojennye-300g-2000175696/
4666,https://dixy.ru/product/portsii-iz-rybnogo-file-vici-300g-2000629011/
4667,https://dixy.ru/product/rybnoe-file-vici-dalnevostochnoe-300g-2000287666/
4668,https://dixy.ru/product/treugolniki-losocevye-polar-v-panirovke-zamorojennye-300g-2000285380/
4669,https://dixy.ru/product/rybnye-portsii-iz-file-vici-fish-day-v-nejnom-klyare-240g-2000308303/
4670,https://dixy.ru/product/rybnye-palochki-vici-v-panirovke-zamorojennye-500g-di00081489/
4671,https://dixy.ru/product/rybnye-palochki-moreslav-v-panirovke-300g-2000637971/
4672,https://dixy.ru/product/kotlety-rybnye-vici-v-khrustyashchey-korochke-480g-2000645513/
4673,https://dixy.ru/product/palochki-rybnye-avrora-borealis-v-panirovke-zamorojennye-250g-2000610991/
4674,https://dixy.ru/product/mintay-borealis-farsh-300g-2000615951/
4675,https://dixy.ru/product/kotlety-elit-polar-iz-file-shchuki-v-klyare-300g-2000625332/
4676,https://dixy.ru/product/naggetsy-crossfish-iz-file-shchuki-v-klyare-250g-2000639152/
4677,https://dixy.ru/product/naggetsy-crossfish-iz-file-mintaya-v-klyare-250g-2000639151/
4678,https://dixy.ru/product/krabovye-palochki-zamorojennye-2000541419/
4679,https://dixy.ru/product/khek-vici-v-panirovke-zamorojennyy-300g-2000199248/
4680,https://dixy.ru/product/lososevye-portsii-vici-v-zolotistoy-korochke-450g-2000416791/
4681,https://dixy.ru/product/burgery-rybnye-vici-zamorojennye-250g-2000034139/
4682,https://dixy.ru/product/polosatik-jeltyy-sukhogruz-70g-2000175975/
4683,https://dixy.ru/product/kalmar-sukhogruz-sushenyy-70g-2000175972/
4684,https://dixy.ru/product/vobla-vyalenaya-moreslav-150g-2000599295/
4685,https://dixy.ru/product/koltsa-kalmara-sukhogruz-soleno-sushenye-70g-2000175974/
4686,https://dixy.ru/product/putassu-moreslav-solomka-70g-2000524231/
4687,https://dixy.ru/product/yantarnaya-rybka-moreslav-solomka-s-pertsem-70g-2000524232/
4688,https://dixy.ru/product/jeltyy-polosatik-moreslav-soleno-sushenyy-35g-2000162541/
4689,https://dixy.ru/product/leshch-moreslav-vyalenyy-150g-2000599294/
4690,https://dixy.ru/product/stavridka-sukhogruz-sushenaya-70-g-2000238115/
4691,https://dixy.ru/product/anchous-sukhogruz-susheno-vyalenyy-70g-2000429774/
4692,https://dixy.ru/product/narezka-mintaya-sukhogruz-susheno-vyalenaya-70g-2000322474/
4693,https://dixy.ru/product/myaso-kalmara-sukhogruz-susheno-vyalenoe-file-50g-2000431146/
4694,https://dixy.ru/product/chipsy-chills-kolbaski-gril-s-gorchitseytryufel-110g-2000649351/
4695,https://dixy.ru/product/solomka-sukhogruz-so-vkusom-barbekyu-30g-2000650275/
4696,https://dixy.ru/product/leshch-vyalenyy-moreslav-300g-2000649691/
4697,https://dixy.ru/product/solomka-rybnaya-tiksy-pryanaya-putassu-susheno-vyalenaya-20g-2000651083/
4698,https://dixy.ru/product/ikra-seldi-russkoe-more-k-kartoshke-traditsionnaya-v-masle-150g-2000621031/
4699,https://dixy.ru/product/ikra-lososevaya-zernistaya-dary-okeana-95g-2000606931/
4700,https://dixy.ru/product/ikra-moyvy-santa-bremor-v-souse-s-kopchenym-lososem-180g-2000002388/
4701,https://dixy.ru/product/ikra-delikatesnaya-moreslav-s-krevetkoy-180g-2000602451/
4702,https://dixy.ru/product/ikra-moyvy-santa-bremor-v-souse-s-krevetkoy-180g-2000165824/
4703,https://dixy.ru/product/ikra-delikatesnaya-moreslav-s-kopchenym-lososem-180g-2000602452/
4704,https://dixy.ru/product/ikra-krasnaya-tri-kita-otbornaya-strukturirovannaya-v-assortimente-130g-2000604112/
4705,https://dixy.ru/product/ikra-paltusa-avacha-chernaya-solenaya-strukturirovannaya-80g-2000579211/
4706,https://dixy.ru/product/ikra-lososevaya-stolnaya-imitatsiya-230g-2000405465/
4707,https://dixy.ru/product/ikra-shchuki-lunskoe-more-astrakhanskaya-strukturirovannaya-80g-2000578916/
4708,https://dixy.ru/product/ikra-gorbushi-avacha-90g-2000632291/
4709,https://dixy.ru/product/ikra-mintaya-v-assortimente-130g-di00079244/
4710,https://dixy.ru/product/ikra-imitirovannaya-baltiyskiy-bereg-lososevaya-krasnaya-480g-2000547031/
4711,https://dixy.ru/product/ikra-imitirovannaya-tsarskaya-chernaya-220g-2000509953/
4712,https://dixy.ru/product/ikra-treski-vkusnye-konservy-120g-2000627991/
4713,https://dixy.ru/product/ikra-treski-5-morey-atlanticheskaya-sterilizovannaya-160g-2000343160/
4714,https://dixy.ru/product/ikra-treski-v-assortimente-130g-2000235512/
4715,https://dixy.ru/product/ikra-lososevaya-zernistaya-1-sort-v-assortimente-95g-2000238171/
4716,https://dixy.ru/product/ikra-krasnaya-otbornayarusskaya-strukturirovannaya-v-assortimente-95g-2000552331/
4717,https://dixy.ru/product/ikra-strukturirovannaya-forel-karelskaya-80g-2000606192/
4718,https://dixy.ru/product/ikra-kety-tungutun-lososevaya-zernistaya-90g-2000633172/
4719,https://dixy.ru/product/ikra-foreli-dary-okeana-lososevaya-zernistaya-90g-2000633311/
4720,https://dixy.ru/product/ikra-foreli-lososevaya-dary-okeana-zernistaya-140g-2000633431/
4721,https://dixy.ru/product/ikra-nerki-kamchatskoe-more-90g-2000634931/
4722,https://dixy.ru/product/skumbriya-glavryba-kusochki-kholodnogo-kopcheniya-300g-2000590031/
4723,https://dixy.ru/product/skumbriya-atlanticheskaya-glavryba-kholodnogo-kopcheniya-200g-2000612811/
4724,https://dixy.ru/product/gorbusha-baltiyskiy-bereg-kholodnoe-kopchenie-kosichka-200-g-2000574251/
4725,https://dixy.ru/product/narezka-maslyanaya-siti-fud-kholodnoe-kopchenie-100g-2000536371/
4726,https://dixy.ru/product/salaka-moreslav-kholodnogo-kopcheniya-300g-2000208629/
4727,https://dixy.ru/product/nerka-siti-fud-lomtiki-kholodnogo-kopcheniya-100g-2000635093/
4728,https://dixy.ru/product/sardina-ivasi-glavryba-nerazdelannaya-kholodnogo-kopcheniya-200g-2000609411/
4729,https://dixy.ru/product/forel-okeanomaniya-malosolenaya-file-lomtiki-100g-2000639611/
4730,https://dixy.ru/product/nabor-k-pivu-moreslav-forel-slabosolenaya-150g-2000605651/
4731,https://dixy.ru/product/file-seldi-baltiyskiy-bereg-kholodnogo-kopcheniya-200g-2000537931/
4732,https://dixy.ru/product/keta-siti-fud-file-kusok-kholodnogo-kopcheniya-150g-2000603853/
4733,https://dixy.ru/product/forel-vici-file-kusok-slabosolenaya-150g-2000606652/
4734,https://dixy.ru/product/forel-vici-file-kusok-slabosolenaya-200g-2000606651/
4735,https://dixy.ru/product/tunets-silver-fish-lomtiki-kholodnogo-kopcheniya-100g-2000618552/
4736,https://dixy.ru/product/gorbusha-avacha-lomtiki-slabosolenaya-100g-2000636012/
4737,https://dixy.ru/product/forel-okeanomaniya-file-kusok-malosolenaya-150g-2000635391/
4738,https://dixy.ru/product/ryba-maslyanaya-siti-fud-kholodnogo-kopcheniya-150g-2000526311/
4739,https://dixy.ru/product/nerka-siti-fud-file-kusok-kholodnogo-kopcheniya-150g-2000642253/
4740,https://dixy.ru/product/skumbriya-vici-atlanticheskaya-kholodnogo-kopcheniya-kusochki-480g-2000512725/
4741,https://dixy.ru/product/krabovye-palochki-vici-s-myasom-naturalnogo-kraba-170g-2000300575/
4742,https://dixy.ru/product/krabovye-palochki-vici-imitatsiya-okhlajdennye-500g-2000307177/
4743,https://dixy.ru/product/krabovye-palochki-russkoe-more-korolevskiy-krab-250g-2000612131/
4744,https://dixy.ru/product/krabovye-palochki-meridian-snejnyy-krab-okhlajdennye-200g-tst0035069/
4745,https://dixy.ru/product/krabovoe-myaso-vici-okhlajdennoe-200g-2000541131/
4746,https://dixy.ru/product/krabovye-palochki-vici-imitatsiya-okhlajdennye-200g-2000234611/
4747,https://dixy.ru/product/palochki-krabovye-vici-snejnyy-krab-500g-2000623112/
4748,https://dixy.ru/product/krabovoe-myaso-moreslav-imitatsiya-okhlajdennoe-200g-2000224261/
4749,https://dixy.ru/product/krabovye-palochki-moreslav-okhlajdennye-200g-2000224260/
4750,https://dixy.ru/product/myaso-krabovoe-russkoe-more-200g-2000179156/
4751,https://dixy.ru/product/krabovye-palochki-russkoe-more-salatnye-okhlajdennye-200g-2000546772/
4752,https://dixy.ru/product/krabovye-palochki-russkoe-more-imitatsiya-okhlajdennye-200g-2000179155/
4753,https://dixy.ru/product/krabovye-palochki-moreslav-snejnyy-krab-150g-2000641013/
4754,https://dixy.ru/product/krabovye-palochki-russkoe-more-tunets-roll-s-syrom-180g-2000620871/
4755,https://dixy.ru/product/krabovye-palochki-russkoe-more-salatnye-okhlajdennye-400g-2000584217/
4756,https://dixy.ru/product/vetchina-baltiyskiy-bereg-krabovaya-imitatsiya-250g-2000616951/
4757,https://dixy.ru/product/krabovye-palochki-zamorojennye-2000541419/
4758,https://dixy.ru/product/krabovye-palochki-russkoe-more-snejnyy-krab-okhlajdennye-150g-2000574831/
4759,https://dixy.ru/product/krabovye-palochki-moreslav-400g-2000622031/
4760,https://dixy.ru/product/myaso-lobstera-russkoe-more-imitatsiya-200g-2000643692/
4761,https://dixy.ru/product/krevetka-vkusart-korolevskaya-ochishchennaya-500g-2000564971/
4762,https://dixy.ru/product/krevetki-moreslav-korolevskie-zamorojennye-800g-2000283070/
4763,https://dixy.ru/product/krevetka-severnaya-borealis-vareno-morojenaya-120150-750g-2000559411/
4764,https://dixy.ru/product/kalmar-moreslav-tushka-zamorojennyy-500g-2000602540/
4765,https://dixy.ru/product/krevetki-korolevskie-vici-v-pantsire-vareno-morojennye-4050-500g-2000595631/
4766,https://dixy.ru/product/krevetka-severnaya-borealis-vareno-morojenaya-200250-400g-2000633051/
4767,https://dixy.ru/product/kalmar-borealis-komandorskiy-file-bez-koji-zamorojennyy-400g-2000644831/
4768,https://dixy.ru/product/krevetki-vici-korolevskie-ochishchennye-s-khvostikom-vareno-morojennye-330g-2000646874/
4769,https://dixy.ru/product/krevetki-severnye-vareno-morojenye-400g-2000563411/
4770,https://dixy.ru/product/krevetki-vici-argentinskie-syro-morojenye-4150-450-g-2000302864/
4771,https://dixy.ru/product/kokteyl-morskoy-shifudo-zamorojennyy-350g-2000601435/
4772,https://dixy.ru/product/krevetki-aurora-severnye-vareno-morojenye-90120-500g-2000617075/
4773,https://dixy.ru/product/krevetki-severnye-auroraavrora-zamvm-200-400g-2000619732/
4774,https://dixy.ru/product/krevetki-fishmore-argentinskie-bez-golovy-syromorojenye-41-50sht-500g-2000622673/
4775,https://dixy.ru/product/midii-v-rakushkakh-vici-prioriti-v-chesnochnom-souse-500g-2000508227/
4776,https://dixy.ru/product/krevetki-korolevskie-shifudo-v-zalivke-so-spetsiyami-500g-2000634493/
4777,https://dixy.ru/product/kalmar-borealis-komandorskiy-file-bez-koji-zamorojennyy-500g-2000326190/
4778,https://dixy.ru/product/krevetki-bukhta-izobiliya-vareno-morojenye-ochishchennye-300g-2000642931/
4779,https://dixy.ru/product/krevetki-bukhta-izobiliya-otbornye-vareno-morojenye-90120-500g-2000650671/
4780,https://dixy.ru/product/salat-moreslav-vitamin-iz-morskoy-kapusty-400g-2000541855/
4781,https://dixy.ru/product/salat-iz-morskoy-kapusty-russkoe-more-klassicheskiy-450g-2000624802/
4782,https://dixy.ru/product/salat-moreslav-iz-morskoy-kapusty-s-krabovymi-palochkami-400g-2000579691/
4783,https://dixy.ru/product/salat-russkoe-more-iz-morskoy-kapusty-s-syrom-200g-2000553311/
4784,https://dixy.ru/product/riet-russkoe-more-iz-morskikh-vodorosley-s-gribami-150g-2000624801/
4785,https://dixy.ru/product/sen-soy-morskaya-vodorosl-nori-28-g-2000158121/
4786,https://dixy.ru/product/morskaya-kapusta-midori-jarenaya-v-olivkovom-masle-5g-2000429580/
4787,https://dixy.ru/product/morskaya-kapusta-midori-sushenaya-s-kimchi-5g-2000605791/
4788,https://dixy.ru/product/chipsy-nori-naitori-so-vkusom-kimchi-3g-2000545491/
4789,https://dixy.ru/product/morskaya-kapusta-midori-jarenaya-v-olivkovom-masle-17g-2000609836/
4790,https://dixy.ru/product/morskaya-kapusta-midori-jarenaya-s-vasabi-5g-2000609835/
4791,https://dixy.ru/product/morskaya-kapusta-midori-jarenaya-s-zelenym-chaem-5g-2000609833/
4792,https://dixy.ru/product/morskaya-kapusta-midori-jarenaya-v-kunjutnom-masle-5g-2000609832/
4793,https://dixy.ru/product/morskaya-kapusta-midori-solenaya-klubnika-5g-2000609834/
4794,https://dixy.ru/product/salat-baltiyskiy-bereg-chuka-s-kunjutnym-maslom-180g-2000625852/
4795,https://dixy.ru/product/krevetki-moreslav-korolevskie-zamorojennye-800g-2000283070/
4796,https://dixy.ru/product/kalmar-moreslav-tushka-zamorojennyy-500g-2000602540/
4797,https://dixy.ru/product/khek-moreslav-svejemorojenyy-tushka-800g-2000279989/
4798,https://dixy.ru/product/okun-morskoy-moreslav-tushka-zamorojennyy-800g-2000234211/
4799,https://dixy.ru/product/mintay-moreslav-tushka-svejemorojenaya-800g-di00079597/
4800,https://dixy.ru/product/mintay-moreslav-file-v-panirovke-300g-2000606232/
4801,https://dixy.ru/product/zubatka-sinyaya-moreslav-kusok-zamorojennaya-800g-2000602539/
4802,https://dixy.ru/product/mintay-moreslav-file-bez-kosti-svejemorojenyy-600g-2000547934/
4803,https://dixy.ru/product/rybnye-palochki-moreslav-v-panirovke-300g-2000637971/
4804,https://dixy.ru/product/forel-moreslav-slabosolenaya-file-kusok-150g-2000280429/
4805,https://dixy.ru/product/forel-slabosolenaya-moreslav-file-kusok-200g-2000205693/
4806,https://dixy.ru/product/forel-moreslav-slabosolenaya-lomtiki-100-g-2000280450/
4807,https://dixy.ru/product/salat-moreslav-vitamin-iz-morskoy-kapusty-400g-2000541855/
4808,https://dixy.ru/product/ikra-delikatesnaya-moreslav-s-krevetkoy-180g-2000602451/
4809,https://dixy.ru/product/seld-moreslav-file-kusochki-v-masle-350g-2000236692/
4810,https://dixy.ru/product/file-seldi-moreslav-230-g-2000573871/
4811,https://dixy.ru/product/krabovoe-myaso-moreslav-imitatsiya-okhlajdennoe-200g-2000224261/
4812,https://dixy.ru/product/krabovye-palochki-moreslav-okhlajdennye-200g-2000224260/
4813,https://dixy.ru/product/seld-moreslav-file-kusochki-s-ukropom-350g-2000600991/
4814,https://dixy.ru/product/seld-moreslav-po-islandski-v-vinnom-souse-115g-2000595211/
4815,https://dixy.ru/product/ikra-delikatesnaya-moreslav-s-kopchenym-lososem-180g-2000602452/
4816,https://dixy.ru/product/myaso-midiy-moreslav-otvarnoe-v-rassole-300g-2000604513/
4817,https://dixy.ru/product/morskoy-kokteyl-moreslav-otvarnoy-v-rassole-300g-2000604514/
4818,https://dixy.ru/product/salat-moreslav-iz-morskoy-kapusty-s-krabovymi-palochkami-400g-2000579691/
4819,https://dixy.ru/product/salaka-moreslav-kholodnogo-kopcheniya-300g-2000208629/
4820,https://dixy.ru/product/krabovye-palochki-moreslav-snejnyy-krab-150g-2000641013/
4821,https://dixy.ru/product/seld-moreslav-file-kusochki-v-masle-150g-2000252918/
4822,https://dixy.ru/product/kilka-moreslav-s-pryanostyami-350g-2000214374/
4823,https://dixy.ru/product/vobla-vyalenaya-moreslav-150g-2000599295/
4824,https://dixy.ru/product/putassu-moreslav-solomka-70g-2000524231/
4825,https://dixy.ru/product/seld-matias-delikatesnaya-originalnaya-v-masle-file-500g-2000179260/
4826,https://dixy.ru/product/seld-vici-k-kartoshke-file-kusochki-v-masle-150g-2000162753/
4827,https://dixy.ru/product/file-seldi-v-masle-russkoe-more-k-kartoshke-traditsionnyy-posol-400g-2000309903/
4828,https://dixy.ru/product/seld-santa-bremor-matias-file-original-250g-di00079449/
4829,https://dixy.ru/product/seld-leor-atlanticheskaya-file-v-masle-400g-2000322886/
4830,https://dixy.ru/product/seld-moreslav-file-kusochki-v-masle-350g-2000236692/
4831,https://dixy.ru/product/seld-vici-k-kartoshke-solenaya-file-kusochki-v-masle-240g-2000242531/
4832,https://dixy.ru/product/file-seldi-moreslav-230-g-2000573871/
4833,https://dixy.ru/product/seld-matias-xxl-slabosolenaya-file-v-masle-260g-2000153204/
4834,https://dixy.ru/product/seld-moreslav-file-kusochki-s-ukropom-350g-2000600991/
4835,https://dixy.ru/product/kokteyl-iz-moreproduktov-baltiyskiy-bereg-v-marinade-390g-2000510451/
4836,https://dixy.ru/product/seld-moreslav-po-islandski-v-vinnom-souse-115g-2000595211/
4837,https://dixy.ru/product/krevetki-russkoe-moresanta-bremor-v-zalivke-180g-2000415852/
4838,https://dixy.ru/product/losos-rublenyy-baltiyskiy-bereg-podkopchennyy-150g-2000519960/
4839,https://dixy.ru/product/tunets-jeltoperyy-meridian-file-kusochki-v-jele-200g-2000558711/
4840,https://dixy.ru/product/myaso-midiy-moreslav-otvarnoe-v-rassole-300g-2000604513/
4841,https://dixy.ru/product/seld-file-rybnoe-mesto-tikhookeanskaya-200g-2000593892/
4842,https://dixy.ru/product/morskoy-kokteyl-moreslav-otvarnoy-v-rassole-300g-2000604514/
4843,https://dixy.ru/product/pasta-santa-bremor-antarktik-kril-iz-moreproduktov-150g-2000234954/
4844,https://dixy.ru/product/seld-raptika-po-islandski-v-pryanoy-zalivke-115g-2000160542/
4845,https://dixy.ru/product/pasta-baltiyskiy-bereg-snejnyy-krab-v-klassicheskom-souse-150g-2000519961/
4846,https://dixy.ru/product/seld-baltiyskiy-bereg-jirnaya-spetsialnogo-posola-650g-2000283981/
4847,https://dixy.ru/product/riet-meridian-eko-iz-lososya-s-kapersami-i-ukropom-100g-2000229391/
4848,https://dixy.ru/product/pasta-krem-fish-snejnyy-krab-150g-2000569432/
4849,https://dixy.ru/product/kalmar-russkoe-more-solomka-v-zalivke-180g-2000621432/
4850,https://dixy.ru/product/seld-santa-bremor-matias-file-s-pripravami-250g-2000403673/
4851,https://dixy.ru/product/kokteyl-iz-moreproduktov-meridian-v-masle-200g-tst0034780/
4852,https://dixy.ru/product/morskoy-miks-meridian-v-masle-430g-2000511000/
4853,https://dixy.ru/product/seld-moreslav-file-kusochki-v-masle-150g-2000252918/
4854,https://dixy.ru/product/treska-otvarnaya-v-jele-1200-2000178012/
4855,https://dixy.ru/product/krevetka-vkusart-korolevskaya-ochishchennaya-500g-2000564971/
4856,https://dixy.ru/product/krevetki-moreslav-korolevskie-zamorojennye-800g-2000283070/
4857,https://dixy.ru/product/krevetka-severnaya-borealis-vareno-morojenaya-120150-750g-2000559411/
4858,https://dixy.ru/product/kalmar-moreslav-tushka-zamorojennyy-500g-2000602540/
4859,https://dixy.ru/product/krevetki-korolevskie-vici-v-pantsire-vareno-morojennye-4050-500g-2000595631/
4860,https://dixy.ru/product/krevetka-severnaya-borealis-vareno-morojenaya-200250-400g-2000633051/
4861,https://dixy.ru/product/mintay-file-blochnoe-borealis-bez-koji-zamorojennyy-300g-2000523553/
4862,https://dixy.ru/product/treska-borealis-file-bez-koji-500g-2000626171/
4863,https://dixy.ru/product/forel-vkusart-steyk-zamorojennaya-500g-2000571431/
4864,https://dixy.ru/product/khek-moreslav-svejemorojenyy-tushka-800g-2000279989/
4865,https://dixy.ru/product/okun-morskoy-moreslav-tushka-zamorojennyy-800g-2000234211/
4866,https://dixy.ru/product/mintay-moreslav-tushka-svejemorojenaya-800g-di00079597/
4867,https://dixy.ru/product/mintay-moreslav-file-v-panirovke-300g-2000606232/
4868,https://dixy.ru/product/treugolniki-rybnye-polar-iz-treskovykh-porod-zamorojennye-300g-2000175696/
4869,https://dixy.ru/product/portsii-iz-rybnogo-file-vici-300g-2000629011/
4870,https://dixy.ru/product/rybnoe-file-vici-dalnevostochnoe-300g-2000287666/
4871,https://dixy.ru/product/zubatka-sinyaya-moreslav-kusok-zamorojennaya-800g-2000602539/
4872,https://dixy.ru/product/treugolniki-losocevye-polar-v-panirovke-zamorojennye-300g-2000285380/
4873,https://dixy.ru/product/kambala-polar-file-svejemorojenoe-400g-2000293615/
4874,https://dixy.ru/product/treska-borealis-file-spinka-bez-koji-400g-2000326192/
4875,https://dixy.ru/product/treugolniki-kalmarovye-polar-zamorojennye-300g-2000508335/
4876,https://dixy.ru/product/mintay-moreslav-file-bez-kosti-svejemorojenyy-600g-2000547934/
4877,https://dixy.ru/product/kotlety-skorojarka-treskovye-300g-2000586291/
4878,https://dixy.ru/product/rybnye-portsii-iz-file-vici-fish-day-v-nejnom-klyare-240g-2000308303/
4879,https://dixy.ru/product/gorbusha-vkusart-file-kusok-bez-koji-portsionnoe-400g-2000633672/
4880,https://dixy.ru/product/rybnye-palochki-vici-v-panirovke-zamorojennye-500g-di00081489/
4881,https://dixy.ru/product/rybnye-palochki-moreslav-v-panirovke-300g-2000637971/
4882,https://dixy.ru/product/okun-vkusart-file-s-kojey-450g-2000643492/
4883,https://dixy.ru/product/naggetsy-rybnye-sytyy-papa-s-syrom-iz-treski-250g-2000575311/
4884,https://dixy.ru/product/tunets-vkusart-medalony-400g-2000643491/
4885,https://dixy.ru/product/tunets-fortuna-v-sobstvennom-soku-kusochki-185g-d000010279/
4886,https://dixy.ru/product/rizotto-maguro-s-tuntsom-230g-2000646320/
4887,https://dixy.ru/product/gavayskaya-smes-maguro-s-tuntsom-230g-2000646319/
4888,https://dixy.ru/product/tunets-dlya-salata-kapitan-vkusov-170g-2000533435/
4889,https://dixy.ru/product/tunets-znak-kachestva-naturalnyy-kusochkami-250-g-2000301085/
4890,https://dixy.ru/product/gorbusha-5-morey-naturalnaya-kuski-250g-tst0041114/
4891,https://dixy.ru/product/tunets-vk-file-rublennoe-185g-2000535351/
4892,https://dixy.ru/product/shproty-vkusnye-konservy-krupnye-v-masle-240g-2000569391/
4893,https://dixy.ru/product/gorbusha-naturalnaya-kurilskiy-bereg-250g-2000322385/
4894,https://dixy.ru/product/gorbusha-vkusnye-konservy-naturalnaya-245g-2000288124/
4895,https://dixy.ru/product/shproty-vkusnye-konservy-v-masle-160g-2000578514/
4896,https://dixy.ru/product/tunets-fortuna-v-sobstvennom-soku-rublenyy-185g-d000010280/
4897,https://dixy.ru/product/bychki-znak-kachestva-objarennye-v-tomatnom-souse-240-g-2000279525/
4898,https://dixy.ru/product/skumbriya-dalnevostochnaya-moreslav-s-dobavleniem-masla-240g-2000626851/
4899,https://dixy.ru/product/pechen-treski-vkusnye-konservy-po-murmanski-185g-2000282903/
4900,https://dixy.ru/product/ikra-treski-vkusnye-konservy-120g-2000627991/
4901,https://dixy.ru/product/shproty-vkusnye-konservy-ekstra-v-masle-270g-2000322376/
4902,https://dixy.ru/product/shproty-tasty-tins-krupnye-v-masle-240g-2000305463/
4903,https://dixy.ru/product/tunets-vkusnye-konservy-file-naturalnyy-185g-2000341467/
4904,https://dixy.ru/product/kilka-znak-kachestva-kaspiyskaya-v-tomatnom-souse-240g-2000519071/
4905,https://dixy.ru/product/sayra-moreslav-tikhookeanskaya-naturalnaya-240g-2000276103/
4906,https://dixy.ru/product/kilka-vkusnye-konservy-chernomorskaya-v-tomatnom-souse-240g-2000410036/
4907,https://dixy.ru/product/skumbriya-naturalnaya-dobroflot-dalnevostochnaya-s-maslom-245g-2000261899/
4908,https://dixy.ru/product/skumbriya-bars-atlanticheskaya-v-tomatnom-souse-250-g-2000305539/
4909,https://dixy.ru/product/sardina-bars-atlanticheskaya-v-masle-250g-1100073286/
4910,https://dixy.ru/product/pashtet-vkusnye-konservy-iz-pecheni-i-ikry-treski-120g-2000627992/
4911,https://dixy.ru/product/pechen-treski-kapitan-vkusov-115g-2000298509/
4912,https://dixy.ru/product/skumbriya-v-masle-5-morey-250240g-tst0041121/
4913,https://dixy.ru/product/sayra-naturalnaya-vkusnye-konservy-250g-2000350107/
4914,https://dixy.ru/product/kilka-znak-kachestva-v-tomatnom-souse-240g-2000283420/
4915,https://dixy.ru/product/forel-russkoe-more-slabosolenaya-file-kusok-200g-2000153217/
4916,https://dixy.ru/product/forel-moreslav-slabosolenaya-file-kusok-150g-2000280429/
4917,https://dixy.ru/product/forel-slabosolenaya-moreslav-file-kusok-200g-2000205693/
4918,https://dixy.ru/product/forel-moreslav-slabosolenaya-lomtiki-100-g-2000280450/
4919,https://dixy.ru/product/seld-matias-delikatesnaya-originalnaya-v-masle-file-500g-2000179260/
4920,https://dixy.ru/product/seld-vici-k-kartoshke-file-kusochki-v-masle-150g-2000162753/
4921,https://dixy.ru/product/file-seldi-v-masle-russkoe-more-k-kartoshke-traditsionnyy-posol-400g-2000309903/
4922,https://dixy.ru/product/skumbriya-glavryba-kusochki-kholodnogo-kopcheniya-300g-2000590031/
4923,https://dixy.ru/product/seld-santa-bremor-matias-file-original-250g-di00079449/
4924,https://dixy.ru/product/seld-leor-atlanticheskaya-file-v-masle-400g-2000322886/
4925,https://dixy.ru/product/skumbriya-atlanticheskaya-glavryba-kholodnogo-kopcheniya-200g-2000612811/
4926,https://dixy.ru/product/seld-moreslav-file-kusochki-v-masle-350g-2000236692/
4927,https://dixy.ru/product/seld-vici-k-kartoshke-solenaya-file-kusochki-v-masle-240g-2000242531/
4928,https://dixy.ru/product/file-seldi-moreslav-230-g-2000573871/
4929,https://dixy.ru/product/seld-matias-xxl-slabosolenaya-file-v-masle-260g-2000153204/
4930,https://dixy.ru/product/seld-moreslav-file-kusochki-s-ukropom-350g-2000600991/
4931,https://dixy.ru/product/seld-moreslav-po-islandski-v-vinnom-souse-115g-2000595211/
4932,https://dixy.ru/product/seld-file-rybnoe-mesto-tikhookeanskaya-200g-2000593892/
4933,https://dixy.ru/product/seld-raptika-po-islandski-v-pryanoy-zalivke-115g-2000160542/
4934,https://dixy.ru/product/seld-baltiyskiy-bereg-jirnaya-spetsialnogo-posola-650g-2000283981/
4935,https://dixy.ru/product/seld-santa-bremor-matias-file-s-pripravami-250g-2000403673/
4936,https://dixy.ru/product/seld-moreslav-file-kusochki-v-masle-150g-2000252918/
4937,https://dixy.ru/product/nerka-siti-fud-lomtiki-kholodnogo-kopcheniya-100g-2000635093/
4938,https://dixy.ru/product/sardina-ivasi-glavryba-nerazdelannaya-kholodnogo-kopcheniya-200g-2000609411/
4939,https://dixy.ru/product/seld-matias-po-skandinavski-s-klyukvoy-file-kusochki-260g-2000632093/
4940,https://dixy.ru/product/forel-dary-okeana-slabosolenaya-kusok-80g-2000643231/
4941,https://dixy.ru/product/forel-okeanomaniya-malosolenaya-file-lomtiki-100g-2000639611/
4942,https://dixy.ru/product/seld-matias-file-delikatesnoe-otbornoe-kusochki-200-g-2000315391/
4943,https://dixy.ru/product/kilka-moreslav-s-pryanostyami-350g-2000214374/
4944,https://dixy.ru/product/seld-islandka-file-kusochki-v-belovinnoy-zalivke-115g-2000234956/
4945,https://dixy.ru/product/voda-detskaya-agusha-5-l-tst0033464/
4946,https://dixy.ru/product/voda-pitevaya-akvalayn-dlya-lyal-detskaya-negazirovannaya-5l-2000642013/
4947,https://dixy.ru/product/voda-frutonyanya-detskaya-negazirovannaya-vysshey-kategorii-5-l-2000193843/
4948,https://dixy.ru/product/voda-frutonyanya-detskaya-pitevaya-s-0-mesyatsev-15l-2000028819/
4949,https://dixy.ru/product/voda-frutonyanya-detskaya-pitevaya-s-0-mesyatsev-033l-2000144421/
4950,https://dixy.ru/product/voda-pitevaya-svyatoy-istochnik-svetlyachok-dlya-detskogo-pitaniya-033-l-2000291984/
4951,https://dixy.ru/product/voda-pitevaya-akvalayn-dlya-lyal-detskaya-negazirovannaya-15l-2000642012/
4952,https://dixy.ru/product/voda-detskaya-agusha-330ml-2000281497/
4953,https://dixy.ru/product/voda-pitevaya-svyatoy-istochnik-svetlyachok-dlya-detskogo-pitaniya-15l-2000287376/
4954,https://dixy.ru/product/voda-pitevaya-akvalayn-dlya-lyal-detskaya-negazirovannaya-05l-2000642011/
4955,https://dixy.ru/product/voda-detskaya-chernogolovka-beybi-negazirovannaya-15l-2000298571/
4956,https://dixy.ru/product/voda-pitevaya-chernogolovka-beybi-detskaya-5l-2000311289/
4957,https://dixy.ru/product/voda-pitevaya-chernogolovka-beybi-detskaya-25l-2000523034/
4958,https://dixy.ru/product/voda-pitevaya-chernogolovka-beybi-detskaya-033l-2000523032/
4959,https://dixy.ru/product/voda-pitevaya-kidsi-detskaya-5l-2000601611/
4960,https://dixy.ru/product/kakao-napitok-rastvorimyy-fanni-yammi-dlya-detey-s-marshmellou-160g-2000596211/
4961,https://dixy.ru/product/voda-detskaya-gipopo-negazirovannaya-5l-2000631072/
4962,https://dixy.ru/product/voda-detskaya-gipopo-negazirovannaya-15l-2000631073/
4963,https://dixy.ru/product/voda-detskaya-gipopo-negazirovannaya-25l-2000631074/
4964,https://dixy.ru/product/yogurt-rastishka-yabloko-grusha-s-pechenem-v-shokolade-3-118g-2000280864/
4965,https://dixy.ru/product/yogurt-pitevoy-agusha-klubnika-banan-27-180g-tst0002708/
4966,https://dixy.ru/product/yogurt-pitevoy-rastishka-zemlyanika-16-90-g-2000196189/
4967,https://dixy.ru/product/napitok-kislomolochnyy-imunele-kids-klubnichnoe-morojenoe-15-100g-2000293763/
4968,https://dixy.ru/product/yogurt-pitevoy-rastishka-malinovoe-morojenoe-28-190g-2000571691/
4969,https://dixy.ru/product/yogurt-rastishka-plombir-s-khrustyashchimi-sharikami-yagodnyy-vkus-3-116g-2000596138/
4970,https://dixy.ru/product/yogurt-pitevoy-frutonyanya-klubnika-banan-detskiy-25-200ml-2000297163/
4971,https://dixy.ru/product/yogurt-pitevoy-rastishka-klubnichnyy-plombir-28-190g-2000395294/
4972,https://dixy.ru/product/yogurt-pitevoy-frutonyanya-malina-detskiy-25-200ml-2000297164/
4973,https://dixy.ru/product/yogurt-pitevoy-detskiy-agusha-yabloko-grusha-27-180g-tst0002709/
4974,https://dixy.ru/product/yogurt-rastishka-golubika-plombir-16-90g-2000642593/
4975,https://dixy.ru/product/napitok-kislomolochnyy-imunele-for-kids-malinovyy-plombir-15-95ml-2000200533/
4976,https://dixy.ru/product/bioyogurt-pitevoy-tema-malina-i-shipovnik-28-210g-tst0038192/
4977,https://dixy.ru/product/bioyogurt-pitevoy-tema-banan-i-zemlyanika-28-210g-2000206329/
4978,https://dixy.ru/product/yogurt-pitevoy-agusha-immuniti-severnye-yagody-27-180g-2000300129/
4979,https://dixy.ru/product/biolakt-tema-banan-yabloko-3-210g-2000642591/
4980,https://dixy.ru/product/napitok-kislomolochnyy-actimuno-klubnika-15-95g-2000615271/
4981,https://dixy.ru/product/bioyogurt-tema-vishnya-chereshnya-25-210g-2000642592/
4982,https://dixy.ru/product/pyure-fruktovoe-agusha-yabloko-klubnika-malina-s-6-mesyatsev-90g-2000286166/
4983,https://dixy.ru/product/pyure-dary-kubani-yabloko-klubnika-malina-90g-2000586173/
4984,https://dixy.ru/product/pyure-myasnoe-agusha-tsyplenok-i-govyadina-80g-2000282999/
4985,https://dixy.ru/product/pyure-myasnoe-agusha-tsyplenok-6-s-6-mesyatsev-80g-2000282994/
4986,https://dixy.ru/product/pyure-dary-kubani-yabloko-banan-klubnika-90g-2000541591/
4987,https://dixy.ru/product/pyure-tema-govyadina-s-6-mesyatsev-90g-di00081318/
4988,https://dixy.ru/product/pyure-dary-kubani-yabloko-banan-i-pechene-s-6-mesyatsev-90g-2000401985/
4989,https://dixy.ru/product/pyure-tema-govyadina-s-yazykom-s-6-mesyatsev-90g-2000003017/
4990,https://dixy.ru/product/pyure-dary-kubani-vitaminnyy-salat-s-5-mesyatsev-90-g-2000342752/
4991,https://dixy.ru/product/pyure-tema-indeyka-s-6-mesyatsev-90g-tst0045794/
4992,https://dixy.ru/product/pyure-dary-kubani-iz-yablok-s-4-mesyatsev-90g-2000342753/
4993,https://dixy.ru/product/pyure-fruto-iz-yablok-250g-t000007148/
4994,https://dixy.ru/product/pyure-fruto-iz-grush-i-yablok-250g-tst0030383/
4995,https://dixy.ru/product/pyure-agusha-yabloko-banan-klubnika-zemlyanika-zlaki-160g-2000606556/
4996,https://dixy.ru/product/pyure-dary-kubani-iz-grush-s-4-mesyatsev-90g-2000342749/
4997,https://dixy.ru/product/pyure-fruto-iz-yablok-i-persikov-so-slivkami-250g-tst0029410/
4998,https://dixy.ru/product/pyure-tema-tsyplenok-90g-2000296768/
4999,https://dixy.ru/product/pyure-fruto-iz-yablok-i-maliny-so-slivkami-250g-2000350782/
5000,https://dixy.ru/product/pyure-fruktovoe-frutonyanya-yabloko-bez-sakhara-s-4-mesyatsev-90g-2000227782/
5001,https://dixy.ru/product/pyure-tema-myaso-tsyplyat-s-govyadinoy-s-6-mesyatsev-90g-10j0077536/
5002,https://dixy.ru/product/pyure-frutonyanya-chernosliv-s-4-mesyatsev-100g-2000160149/
5003,https://dixy.ru/product/pyure-frutonyanya-krolik-80g-2000351418/
5004,https://dixy.ru/product/pyure-agusha-yabloko-banan-klubnika-i-kivi-s-8-mesyatsev-90g-2000419171/
5005,https://dixy.ru/product/pyure-frutonyanya-salatik-iz-fruktov-s-6-mesyatsev-90g-2000260411/
5006,https://dixy.ru/product/pyure-agusha-yabloko-grusha-zlaki-160g-2000606557/
5007,https://dixy.ru/product/pyure-fruktovoe-agusha-persik-yabloko-s-5-mesyatsev-90g-2000175593/
5008,https://dixy.ru/product/pyure-fruktovoe-agusha-yabloko-ejevika-malina-s-5-mesyatsev-90g-2000281480/
5009,https://dixy.ru/product/desert-frutonyanya-yabloko-banan-klubnika-s-7-mesyatsev-90g-2000202372/
5010,https://dixy.ru/product/desert-frutonyanya-yabloko-klubnika-malina-s-6-mesyatsev-90g-2000335665/
5011,https://dixy.ru/product/pyure-fruktovoe-agusha-yabloko-banan-pechene-90g-2000227780/
5012,https://dixy.ru/product/smes-kislomolochnaya-detskaya-agusha-34-s-3-let-204g-10j0079916/
5013,https://dixy.ru/product/smes-sukhaya-molochnaya-nestogen-3-s-prebiotikami-600g-2000339676/
5014,https://dixy.ru/product/smes-molochnaya-nestogen-1-s-prebiotikami-sukhaya-600g-2000339675/
5015,https://dixy.ru/product/molochko-detskoe-nan-3-optipro-s-12-mesyatsev-800g-2000347725/
5016,https://dixy.ru/product/smes-molochnaya-nestogen-2-s-prebiotikami-sukhaya-600g-2000339682/
5017,https://dixy.ru/product/smes-molochnaya-nutrilon-2-sukhaya-600g-2000552251/
5018,https://dixy.ru/product/smes-molochnaya-nutrilon-junior-3-bystrorastvorimaya-600g-2000570955/
5019,https://dixy.ru/product/sok-sady-pridonya-zelenoe-yabloko-s-4-mesyatsev-0125l-2000177649/
5020,https://dixy.ru/product/sok-dary-kubani-yablochnyy-s-4-mesyatsev-02l-2000329168/
5021,https://dixy.ru/product/sok-frutonyanya-yablochnyy-bez-sakhara-osvetlennyy-02l-tst0017501/
5022,https://dixy.ru/product/sok-sady-pridonya-yabloko-vishnya-s-myakotyu-s-5-mesyatsev-125ml-2000227876/
5023,https://dixy.ru/product/sok-dary-kubani-yabloko-pryamogo-otjima-02l-2000586172/
5024,https://dixy.ru/product/sok-dary-kubani-yablochno-vishnevyy-s-5-mesyatsev-02l-2000329170/
5025,https://dixy.ru/product/sok-dary-kubani-yablochno-grushevyy-s-5-mesyatsev-02l-2000329175/
5026,https://dixy.ru/product/sok-dary-kubani-multifrukt-s-6-mesyatsev-02-l-2000329172/
5027,https://dixy.ru/product/sok-frutonyanya-yabloko-vishnya-s-5-mesyatsev-02l-tst0042596/
5028,https://dixy.ru/product/kisel-fruto-klubnika-malina-130g-2000196408/
5029,https://dixy.ru/product/napitok-sokosoderjashchiy-agusha-yabloko-300ml-2000273830/
5030,https://dixy.ru/product/sok-dary-kubani-vinograd-yabloko-02l-2000586171/
5031,https://dixy.ru/product/nektar-frutonyanya-bananovyy-s-myakotyu-05l-tst0018010/
5032,https://dixy.ru/product/sok-frutonyanya-yabloko-persik-bez-sakhara-neosvetlennyy-02-l-tst0017504/
5033,https://dixy.ru/product/kisel-fruto-iz-vishni-i-chereshni-130g-2000616592/
5034,https://dixy.ru/product/kisel-detskiy-frutonyanya-persik-i-marakuyya-130g-2000569933/
5035,https://dixy.ru/product/sok-sady-pridonya-yabloko-pryamoy-otjim-0125l-2000341137/
5036,https://dixy.ru/product/sok-frutonyanya-yabloko-vinograd-02l-2000592316/
5037,https://dixy.ru/product/nektar-frutonyanya-banan-s-myakotyu-02l-tst0042594/
5038,https://dixy.ru/product/napitok-sokosoderjashchiy-agusha-yabloko-vinograd-300ml-2000288266/
5039,https://dixy.ru/product/napitok-sokosoderjashchiy-agusha-sadovye-yagody-300ml-2000273845/
5040,https://dixy.ru/product/napitok-sokosoderjashchiy-agusha-voda-i-sok-yabloko-vishnya-300ml-2000288267/
5041,https://dixy.ru/product/sok-sady-pridonya-zelenoe-yabloko-s-4-mesyatsev-200ml-1100073758/
5042,https://dixy.ru/product/sok-sady-pridonya-yablochnyy-pryamogo-otjima-osvetlennyy-02-l-di00081301/
5043,https://dixy.ru/product/napitok-frutonyanya-yabloko-romashka-lipa-02l-2000160141/
5044,https://dixy.ru/product/sok-fruto-yabloko-osvetlennyy-05l-di00080427/
5045,https://dixy.ru/product/kompot-frutonyanya-iz-yablok-izyuma-i-kuragi-s-6-mesyatsev-02l-2000196407/
5046,https://dixy.ru/product/nektar-fruto-yabloko-vishnya-osvetlennyy-05l-2000266424/
5047,https://dixy.ru/product/sok-frutonyanya-iz-smesi-fruktov-neosvetlennyy-02l-2000266442/
5048,https://dixy.ru/product/sok-moy-zelenoe-yabloko-02l-2000642632/
5049,https://dixy.ru/product/biotvorog-tema-klubnika-banan-4-95g-2000222771/
5050,https://dixy.ru/product/biotvorog-tema-dlya-malyshey-45-95g-di00081378/
5051,https://dixy.ru/product/tvorog-agusha-45-s-6-mesyatsev-100g-2000002682/
5052,https://dixy.ru/product/tvorog-fruktovyy-agusha-chernika-39-s-6-mesyatsev-100g-10j0079980/
5053,https://dixy.ru/product/tvorog-detskiy-agusha-zasypay-ka-klubnika-banan-melissa-38-100g-2000279982/
5054,https://dixy.ru/product/tvorog-fruktovyy-agusha-yabloko-banan-39-s-6-mesyatsev-100g-2000005672/
5055,https://dixy.ru/product/tvorog-agusha-detskiy-klubnika-39-100g-2000596194/
5056,https://dixy.ru/product/tvorog-fruktovyy-agusha-grusha-39-s-6-mesyatsev-100g-2000005671/
5057,https://dixy.ru/product/tvorog-rastishka-klubnika-banan-plombir-35-6kh45g-2000216292/
5058,https://dixy.ru/product/biotvorog-tema-zemlyanika-4-95g-2000641751/
5059,https://dixy.ru/product/tvorog-fruktovyy-agusha-zlaki-39-s-6-mesyatsev-100g-2000282245/
5060,https://dixy.ru/product/tvorog-frutonyanya-klubnika-banan-yabloko-s-6-mesyatsev-42-90g-2000343857/
5061,https://dixy.ru/product/tvorog-frutonyanya-lesnye-yagody-42-90g-2000622214/
5062,https://dixy.ru/product/tvorog-rastishka-zemlyanika-chernika-35-110g-2000612091/
5063,https://dixy.ru/product/tvorog-rastishka-klubnika-35-110g-2000230151/
5064,https://dixy.ru/product/tvorog-agusha-malinovyy-plombir-39-100g-2000623259/
5065,https://dixy.ru/product/tvorog-frutokids-yagodnyy-plombir-42-90g-2000622213/
5066,https://dixy.ru/product/desert-frutonyanya-yabloko-banan-klubnika-90-g-2000579536/
5067,https://dixy.ru/product/biotvorog-tema-banan-pechene-4-95g-2000641752/
5068,https://dixy.ru/product/biolakt-detskiy-tema-klubnika-i-banan-3-206g-2000537635/
5069,https://dixy.ru/product/biolakt-detskiy-tema-yabloko-i-grusha-3-206g-2000537637/
5070,https://dixy.ru/product/biolakt-tema-detskiy-kislomolochnyy-bez-sakhara-34-206g-2000216351/
5071,https://dixy.ru/product/pechene-begemotik-bondi-detskoe-s-kaltsiem-s-5-mesyatsev-180g-t000022339/
5072,https://dixy.ru/product/pechene-multizlakovoe-frutonyanya-yabloko-persik-50g-2000633071/
5073,https://dixy.ru/product/pechene-detskoe-farmalakt-kogda-ya-vyrastu-s-kaltsiem-150g-2000432945/
5074,https://dixy.ru/product/khlebtsy-risovye-agusha-yagody-02-s-12-mesyatsev-30g-2000318392/
5075,https://dixy.ru/product/pechene-detskoe-bondi-begemotik-s-bananom-180g-2000643952/
5076,https://dixy.ru/product/pechene-frutonyanya-multizlakovoe-50g-2000339097/
5077,https://dixy.ru/product/pechene-fruto-nyanya-pshenichnoe-120g-2000532451/
5078,https://dixy.ru/product/pechene-detskoe-dary-kubani-klassicheskoe-s-kaltsiem-50g-2000623694/
5079,https://dixy.ru/product/khlebtsy-risovye-agusha-grusha-02-s-12-mesyatsev-30g-2000322590/
5080,https://dixy.ru/product/pechene-detskoe-gipopo-pshenichnoe-banan-vanil-80g-2000602074/
5081,https://dixy.ru/product/pechene-fanni-yammi-c-yablochnoy-nachinkoy-104g-2000604751/
5082,https://dixy.ru/product/pechene-fanni-yammi-c-kakao-i-vanilnoy-nachinkoy-104g-2000604753/
5083,https://dixy.ru/product/pechene-detskoe-gipopo-pshenichnoe-ovsyanka-chernosliv-80g-2000610331/
5084,https://dixy.ru/product/pechene-detskoe-dary-kubani-klassicheskoe-50g-2000623692/
5085,https://dixy.ru/product/pechene-detskoe-dary-kubani-klassicheskoe-s-kaltsiem-120g-2000623691/
5086,https://dixy.ru/product/pechene-detskoe-dary-kubani-klassicheskoe-120g-2000623693/
5087,https://dixy.ru/product/pechene-detskoe-farmalakt-kogda-ya-vyrastu-5-zlakov-35g-2000551394/
5088,https://dixy.ru/product/pechene-frutonyanya-ovsyanoe-50g-2000529080/
5089,https://dixy.ru/product/kasha-molochnaya-frutonyanya-pyat-zlakov-persik-02l-2000234536/
5090,https://dixy.ru/product/kashka-molochnaya-frutonyanya-ovsyanaya-s-bananom-200ml-2000265197/
5091,https://dixy.ru/product/kashka-frutonyanya-molochno-pshenichnaya-200ml-2000160150/
5092,https://dixy.ru/product/kashka-frutonyanya-molochno-grechnevaya-s-yablokom-s-6-mesyatsev-02l-2000160151/
5093,https://dixy.ru/product/kashka-molochnaya-frutonyanya-risovaya-s-malinoy-200ml-2000265195/
5094,https://dixy.ru/product/kashka-frutonyanya-multizlakovaya-molochnaya-02l-2000182342/
5095,https://dixy.ru/product/kasha-molochnaya-agusha-zasypayka-grechka-25-s-6-mesyatsev-200ml-2000265599/
5096,https://dixy.ru/product/kasha-molochnaya-agusha-zasypay-kavstavay-ka-ovsyanka-malina-200ml-2000295983/
5097,https://dixy.ru/product/kasha-molochnaya-nestle-multizlakovaya-yabloko-i-banan-200g-2000546398/
5098,https://dixy.ru/product/kasha-ovsyanaya-nestle-s-grushey-i-bananom-molochnaya-200g-t000019150/
5099,https://dixy.ru/product/kasha-molochno-risovaya-agusha-zasypayka-yabloko-i-grusha-27-200ml-2000265596/
5100,https://dixy.ru/product/kasha-molochnaya-agusha-zasypay-ka-zlaki-grusha-i-banan-200ml-2000285746/
5101,https://dixy.ru/product/kasha-molochnaya-agusha-zlaki-yabloki-malina-i-chernika-27-200ml-2000556332/
5102,https://dixy.ru/product/kashka-molochno-risovaya-agusha-yabloko-zemlyanika-klubnika-27-200ml-2000556331/
5103,https://dixy.ru/product/kasha-frutonyanya-multizlakovaya-yabloko-banan-zemlyanika-200g-2000260402/
5104,https://dixy.ru/product/kasha-ovsyanaya-frutonyanya-molochnaya-banan-yabloko-190200g-2000234534/
5105,https://dixy.ru/product/kasha-pshenichnaya-nestle-s-zemlyanikoy-i-yablokom-200g-2000609852/
5106,https://dixy.ru/product/kasha-molochnaya-agusha-risovo-kukuruznaya-banan-zemlyanika-2-200ml-2000597851/
5107,https://dixy.ru/product/kasha-risovaya-frutonyanya-molochnaya-tykva-abrikos-vitaminy-200g-2000234535/
5108,https://dixy.ru/product/kasha-molochnaya-agusha-zasypay-ka-psheno-18-190ml-2000570692/
5109,https://dixy.ru/product/kashka-molochnaya-frutonyanya-pshennaya-tykva-persik-02l-2000643936/
5110,https://dixy.ru/product/kashka-frutonyanya-5-zlakov-grusha-banan-s-yogurtom-200ml-2000314623/
5111,https://dixy.ru/product/kashka-molochnaya-frutonyanya-grechnevaya-02l-2000604752/
5112,https://dixy.ru/product/kasha-grechnevaya-nestle-bezmolochnaya-200g-2000291139/
5113,https://dixy.ru/product/kashka-frutonyanya-molochno-risovaya-200ml-2000193820/
5114,https://dixy.ru/product/kasha-molochnaya-frutonyanya-grechnevaya-s-chernoslivom-200g-2000283949/
5115,https://dixy.ru/product/kashka-ovsyanaya-frutonyanya-yabloko-malina-chernika-yogurt-200g-2000314643/
5116,https://dixy.ru/product/kasha-ovsyanaya-frutonyanya-molochnaya-s-persikom-200-g-2000586411/
5117,https://dixy.ru/product/kasha-molochnaya-agusha-zasypay-ka-zlaki-18-190ml-2000570691/
5118,https://dixy.ru/product/kasha-detskaya-molochnaya-gipopo-multizlakovaya-banan-yabloko-200g-2000602075/
5119,https://dixy.ru/product/biolakt-detskiy-tema-klubnika-i-banan-3-206g-2000537635/
5120,https://dixy.ru/product/biolakt-detskiy-tema-yabloko-i-grusha-3-206g-2000537637/
5121,https://dixy.ru/product/ryajenka-agusha-klubnika-29-180g-2000281472/
5122,https://dixy.ru/product/biolakt-tema-detskiy-kislomolochnyy-bez-sakhara-34-206g-2000216351/
5123,https://dixy.ru/product/ryajenka-agusha-32-180g-2000281487/
5124,https://dixy.ru/product/snejok-frutonyanya-2-klubnika-i-zemlyanika-02l-2000579535/
5125,https://dixy.ru/product/kefir-agusha-32-s-8-mesyatsev-204g-10j0079910/
5126,https://dixy.ru/product/kisel-fruto-klubnika-malina-130g-2000196408/
5127,https://dixy.ru/product/kisel-fruto-iz-vishni-i-chereshni-130g-2000616592/
5128,https://dixy.ru/product/kisel-detskiy-frutonyanya-persik-i-marakuyya-130g-2000569933/
5129,https://dixy.ru/product/kisel-dary-kubani-iz-maliny-200ml-2000588391/
5130,https://dixy.ru/product/kisel-dary-kubani-iz-vishni-200ml-2000588392/
5131,https://dixy.ru/product/kisel-detskiy-frutonyanya-oblepikha-mango-130g-2000616597/
5132,https://dixy.ru/product/moloko-sterilizovannoe-agusha-32-s-3-let-925ml-2000265601/
5133,https://dixy.ru/product/moloko-agusha-obogashchennoe-vitaminami-sterilizovannoe-25-200ml-2000002675/
5134,https://dixy.ru/product/moloko-tema-detskoe-ultrapasterizovannoe-32-200ml-tst0027977/
5135,https://dixy.ru/product/moloko-tema-ultrapasterizovannoe-32-500ml-10e0074248/
5136,https://dixy.ru/product/moloko-sterilizovannoe-agusha-32-s-3-let-500g-tst0037760/
5137,https://dixy.ru/product/kokteyl-molochnyy-frutonyanya-malina-21-200ml-2000234538/
5138,https://dixy.ru/product/kokteyl-molochnyy-frutonyanya-klubnika-zemlyanika-21-200-ml-2000289884/
5139,https://dixy.ru/product/napitok-kislomolochnyy-actimuno-klubnika-15-95g-2000615271/
5140,https://dixy.ru/product/kokteyl-molochnyy-rastishka-malinovoe-morojenoe-2-210g-2000623363/
5141,https://dixy.ru/product/kokteyl-molochnyy-rastishka-bananovo-klubnichnoe-morojenoe-2-210g-2000623361/
5142,https://dixy.ru/product/kokteyl-molochnyy-rastishka-shokoladnoe-morojenoe-2-210g-2000623362/
5143,https://dixy.ru/product/kokteyl-molochnyy-rastishka-klubnika-2-210g-2000342679/
5144,https://dixy.ru/product/kokteyl-molochnyy-frutokids-kakao-2820-200ml-2000365596/
5145,https://dixy.ru/product/molochnyy-kokteyl-agusha-banan-klubnika-2-190-ml-2000589692/
5146,https://dixy.ru/product/molochnyy-kokteyl-agusha-malinovyy-plombir-2-190ml-2000633992/
5147,https://dixy.ru/product/pyure-myasnoe-agusha-tsyplenok-i-govyadina-80g-2000282999/
5148,https://dixy.ru/product/pyure-myasnoe-agusha-tsyplenok-6-s-6-mesyatsev-80g-2000282994/
5149,https://dixy.ru/product/pyure-tema-govyadina-s-6-mesyatsev-90g-di00081318/
5150,https://dixy.ru/product/pyure-tema-govyadina-s-yazykom-s-6-mesyatsev-90g-2000003017/
5151,https://dixy.ru/product/pyure-tema-indeyka-s-6-mesyatsev-90g-tst0045794/
5152,https://dixy.ru/product/pyure-tema-tsyplenok-90g-2000296768/
5153,https://dixy.ru/product/pyure-tema-myaso-tsyplyat-s-govyadinoy-s-6-mesyatsev-90g-10j0077536/
5154,https://dixy.ru/product/pyure-frutonyanya-krolik-80g-2000351418/
5155,https://dixy.ru/product/pyure-babushkino-lukoshko-krolika-10-g-2000177655/
5156,https://dixy.ru/product/pyure-babushkino-lukoshko-govyadina-100g-tst0021594/
5157,https://dixy.ru/product/pyure-babushkino-lukoshko-indeyka-100g-tst0021604/
5158,https://dixy.ru/product/frikadelki-babushkino-lukoshko-iz-govyadiny-s-8-mesyatsev-100g-2000286545/
5159,https://dixy.ru/product/pyure-babushkino-lukoshko-govyadina-yazyk-100g-2000351392/
5160,https://dixy.ru/product/frikadelki-babushkino-lukoshko-iz-myasa-tsyplyat-s-12-mesyatsev-100g-2000291103/
5161,https://dixy.ru/product/pyure-babushkino-lukoshko-govyadina-pechen-100g-tst0021599/
5162,https://dixy.ru/product/pyure-babushkino-lukoshko-tsyplenok-100g-2000348930/
5163,https://dixy.ru/product/pyure-frutonyanya-spagetti-boloneze-190g-2000612654/
5164,https://dixy.ru/product/pyure-frutonyanya-tsyplenok-s-ovoshchami-i-risom-s-8-mesyatsev-100g-2000221931/
5165,https://dixy.ru/product/pyure-tema-telyatina-s-6-mesyatsev-90g-2000026518/
5166,https://dixy.ru/product/pyure-frutonyanya-s-indeykoy-s-6-mesyatsev-80g-2000260416/
5167,https://dixy.ru/product/pyure-frutonyanya-govyadina-s-ovoshchami-100g-2000266859/
5168,https://dixy.ru/product/pyure-frutonyanya-indeyka-s-ovoshchami-s-8-mesyatsev-100g-2000266845/
5169,https://dixy.ru/product/pyure-frutonyanya-iz-myasa-tsyplyat-s-6-mesyatsev-80g-2000260414/
5170,https://dixy.ru/product/pyure-frutonyanya-govyadina-s-6-mesyatsev-80g-2000260412/
5171,https://dixy.ru/product/pyure-frutonyanya-govyadina-s-grechkoy-i-morkovyu-100-g-2000260418/
5172,https://dixy.ru/product/pyure-frutonyanya-telyatina-80g-2000295984/
5173,https://dixy.ru/product/pyure-dary-kubani-iz-myasa-indeyki-80g-2000600232/
5174,https://dixy.ru/product/pyure-dary-kubani-iz-myasa-tsyplyat-80g-2000600233/
5175,https://dixy.ru/product/pyure-agusha-indeyka-s-6-mesyatsev-80-g-2000350792/
5176,https://dixy.ru/product/frikadelki-chernogolovka-iz-myasa-indeyki-125g-2000566772/
5177,https://dixy.ru/product/napitok-sokosoderjashchiy-dobryy-active-kid-yabloko-malina-arbuz-02l-2000555354/
5178,https://dixy.ru/product/voda-pitevaya-kidsi-detskaya-5l-2000601611/
5179,https://dixy.ru/product/kakao-napitok-rastvorimyy-fanni-yammi-dlya-detey-s-marshmellou-160g-2000596211/
5180,https://dixy.ru/product/voda-detskaya-gipopo-negazirovannaya-5l-2000631072/
5181,https://dixy.ru/product/voda-detskaya-gipopo-negazirovannaya-15l-2000631073/
5182,https://dixy.ru/product/voda-detskaya-gipopo-negazirovannaya-25l-2000631074/
5183,https://dixy.ru/product/chay-detskiy-babushkino-lukoshko-melissa-chabrets-fenkhel-20g-tst0043972/
5184,https://dixy.ru/product/chay-detskiy-babushkino-lukoshko-yabloko-malina-chernaya-smorodina-20g-2000145553/
5185,https://dixy.ru/product/shariki-kidsi-so-vkusom-shokolada-30g-2000625192/
5186,https://dixy.ru/product/pyure-fruktovo-ovoshchnoe-agusha-yabloko-tykva-persik-banan-s-6-mesyatsev-90g-2000314383/
5187,https://dixy.ru/product/pyure-frutonyanya-ovoshchnoy-salatik-s-5-mesyatsev-80g-2000231304/
5188,https://dixy.ru/product/pyure-frutonyanya-tykva-80g-2000347100/
5189,https://dixy.ru/product/pyure-frutonyanya-salatik-vinegret-110g-2000616595/
5190,https://dixy.ru/product/fruktovye-kusochki-frutonyanya-yabloko-persik-marakuyya-15g-2000596918/
5191,https://dixy.ru/product/mini-khlebtsy-risovye-frutonyanya-yabloko-klubnika-i-banan-30g-2000532453/
5192,https://dixy.ru/product/batonchik-frutonyanya-yabloko-banan-klubnika-zlaki-25g-2000406650/
5193,https://dixy.ru/product/pechene-multizlakovoe-frutonyanya-yabloko-persik-50g-2000633071/
5194,https://dixy.ru/product/kukuruznye-palochki-frutonyanya-s-yablokom-i-bananom-20g-2000529077/
5195,https://dixy.ru/product/batonchik-fruktovyy-agusha-yabloko-banan-15g-2000331295/
5196,https://dixy.ru/product/palochki-kukuruznye-frutonyanya-yabloko-klubnika-20g-2000406647/
5197,https://dixy.ru/product/khlebtsy-risovye-agusha-yagody-02-s-12-mesyatsev-30g-2000318392/
5198,https://dixy.ru/product/fruktovye-kusochki-frutonyanya-yabloko-malina-15g-2000297064/
5199,https://dixy.ru/product/batonchik-fruktovyy-agusha-yabloko-klubnika-khlopya-15g-2000331296/
5200,https://dixy.ru/product/fruktovye-kusochki-frutonyanya-yabloko-vishnya-15g-2000624491/
5201,https://dixy.ru/product/fruktovye-kusochki-frutonyanya-yabloko-i-persik-s-12-mesyatsev-53g-2000298566/
5202,https://dixy.ru/product/fruktovyy-osminojka-frutonyanya-yabloko-i-klubnika-16g-2000311266/
5203,https://dixy.ru/product/batonchik-fruktovo-zlakovyy-gerber-banan-yabloko-25g-2000292285/
5204,https://dixy.ru/product/pechene-detskoe-bondi-begemotik-s-bananom-180g-2000643952/
5205,https://dixy.ru/product/fruktovaya-ulitka-frutonyanya-yabloko-malina-15g-2000598431/
5206,https://dixy.ru/product/fruktovye-kusochki-frutonyanya-yabloko-banan-klubnika-15g-2000631391/
5207,https://dixy.ru/product/batonchik-zlakovyy-lyubyatovo-shokoladnyy-25g-2000635371/
5208,https://dixy.ru/product/batonchik-zlakovyy-gerber-vinograd-i-yabloko-25g-2000227732/
5209,https://dixy.ru/product/batonchik-zlakovyy-unicorn-mango-s-marshmellou-22g-2000631772/
5210,https://dixy.ru/product/batonchik-zlakovyy-unicorn-tropicheskie-frukty-22g-2000631771/
5211,https://dixy.ru/product/frutokhvostiki-frutonyanya-yabloko-zemlyanika-15g-2000642634/
5212,https://dixy.ru/product/fruktovaya-ulitka-frutonyanya-fruktovyy-miks-s-vinogradom-15g-2000598432/
5213,https://dixy.ru/product/frutokhvostiki-frutonyanya-yabloko-banan-15g-2000600451/
5214,https://dixy.ru/product/pechene-fruto-nyanya-pshenichnoe-120g-2000532451/
5215,https://dixy.ru/product/shariki-kidsi-so-vkusom-shokolada-30g-2000625192/
5216,https://dixy.ru/product/batonchik-fruktovyy-ogo-v-assortimente-25g-2000625631/
5217,https://dixy.ru/product/pechene-detskoe-dary-kubani-klassicheskoe-s-kaltsiem-50g-2000623694/
5218,https://dixy.ru/product/fruktovye-kusochki-frutonyanya-yabloko-mango-20g-2000624492/
5219,https://dixy.ru/product/fruktovye-kusochki-frutonyanya-yabloko-53g-2000298564/
5220,https://dixy.ru/product/pyure-fruktovoe-agusha-yabloko-klubnika-malina-s-6-mesyatsev-90g-2000286166/
5221,https://dixy.ru/product/pyure-dary-kubani-yabloko-klubnika-malina-90g-2000586173/
5222,https://dixy.ru/product/pyure-dary-kubani-yabloko-banan-klubnika-90g-2000541591/
5223,https://dixy.ru/product/pyure-dary-kubani-yabloko-banan-i-pechene-s-6-mesyatsev-90g-2000401985/
5224,https://dixy.ru/product/pyure-dary-kubani-vitaminnyy-salat-s-5-mesyatsev-90-g-2000342752/
5225,https://dixy.ru/product/pyure-dary-kubani-iz-yablok-s-4-mesyatsev-90g-2000342753/
5226,https://dixy.ru/product/pyure-fruto-iz-yablok-250g-t000007148/
5227,https://dixy.ru/product/pyure-fruto-iz-grush-i-yablok-250g-tst0030383/
5228,https://dixy.ru/product/pyure-agusha-yabloko-banan-klubnika-zemlyanika-zlaki-160g-2000606556/
5229,https://dixy.ru/product/pyure-dary-kubani-iz-grush-s-4-mesyatsev-90g-2000342749/
5230,https://dixy.ru/product/pyure-fruto-iz-yablok-i-persikov-so-slivkami-250g-tst0029410/
5231,https://dixy.ru/product/pyure-fruto-iz-yablok-i-maliny-so-slivkami-250g-2000350782/
5232,https://dixy.ru/product/pyure-fruktovoe-frutonyanya-yabloko-bez-sakhara-s-4-mesyatsev-90g-2000227782/
5233,https://dixy.ru/product/pyure-frutonyanya-chernosliv-s-4-mesyatsev-100g-2000160149/
5234,https://dixy.ru/product/pyure-agusha-yabloko-banan-klubnika-i-kivi-s-8-mesyatsev-90g-2000419171/
5235,https://dixy.ru/product/pyure-frutonyanya-salatik-iz-fruktov-s-6-mesyatsev-90g-2000260411/
5236,https://dixy.ru/product/pyure-agusha-yabloko-grusha-zlaki-160g-2000606557/
5237,https://dixy.ru/product/pyure-fruktovoe-agusha-persik-yabloko-s-5-mesyatsev-90g-2000175593/
5238,https://dixy.ru/product/pyure-fruktovoe-agusha-yabloko-ejevika-malina-s-5-mesyatsev-90g-2000281480/
5239,https://dixy.ru/product/desert-frutonyanya-yabloko-banan-klubnika-s-7-mesyatsev-90g-2000202372/
5240,https://dixy.ru/product/desert-frutonyanya-yabloko-klubnika-malina-s-6-mesyatsev-90g-2000335665/
5241,https://dixy.ru/product/pyure-fruktovoe-agusha-yabloko-banan-pechene-90g-2000227780/
5242,https://dixy.ru/product/pyure-fruktovoe-agusha-yabloko-s-4-mesyatsev-90g-2000202932/
5243,https://dixy.ru/product/pyure-frutonyanya-yabloko-chernika-s-pechenem-s-6-mesyatsev-90g-2000291666/
5244,https://dixy.ru/product/pyure-agusha-ukreplyay-ka-yabloko-smorodina-ejevika-80g-2000575993/
5245,https://dixy.ru/product/pyure-frutonyanya-grusha-s-4-mesyatsev-90g-2000234542/
5246,https://dixy.ru/product/pyure-frutonyanya-fruktovyy-salatik-s-pechenem-s-6-mesyatsev-90g-2000291983/
5247,https://dixy.ru/product/pyure-agusha-ukreplyay-ka-yabloko-klubnika-zemlyanika-klyukva-80g-2000575992/
5248,https://dixy.ru/product/pyure-detskoe-gipopo-yabloko-klubnika-chernika-90g-2000602078/
5249,https://dixy.ru/product/pyure-detskoe-gipopo-yabloko-grusha-banan-90g-2000602077/
5250,https://dixy.ru/product/adjika-makheev-ostraya-140g-2000349253/
5251,https://dixy.ru/product/adjika-krugloe-leto-po-abkhazski-170g-2000616733/
5252,https://dixy.ru/product/sous-kinto-adjika-dachnaya-300g-2000630616/
5253,https://dixy.ru/product/adjika-russkie-zakuski-abkhazskaya-200g-2000323258/
5254,https://dixy.ru/product/adjika-amtsa-klassicheskaya-200g-2000094121/
5255,https://dixy.ru/product/gorchitsa-stolichnaya-russkaya-100g-tst0021675/
5256,https://dixy.ru/product/gorchitsa-frantsuzskaya-krugloe-leto-270g-2000616391/
5257,https://dixy.ru/product/gorchitsa-makheev-stolovaya-russkaya-100g-2000187666/
5258,https://dixy.ru/product/gorchitsa-kukhmaster-stolovaya-po-dijonski-210g-2000582072/
5259,https://dixy.ru/product/khren-glavprodukt-russkiy-stolovyy-170-g-2000118860/
5260,https://dixy.ru/product/khren-makheev-stolovyy-140g-2000203670/
5261,https://dixy.ru/product/gorchitsa-mjk-stolichnaya-s-khrenom-100g-tst0021678/
5262,https://dixy.ru/product/gorchitsa-makheev-myagkaya-140g-2000643691/
5263,https://dixy.ru/product/khren-stolovyy-pervym-delom-200g-2000612013/
5264,https://dixy.ru/product/gorchitsa-pervym-delom-russkaya-200g-2000612012/
5265,https://dixy.ru/product/gorchitsa-kinto-rotiser-170ml-2000260614/
5266,https://dixy.ru/product/poroshok-gorchichnyy-pervym-delom-100g-2000568217/
5267,https://dixy.ru/product/ketchup-tomatnyy-heinz-08kg-2000563299/
5268,https://dixy.ru/product/ketchup-heinz-tomatnyy-320g-2000033799/
5269,https://dixy.ru/product/ketchup-pikador-tomatnyy-300g-2000567791/
5270,https://dixy.ru/product/ketchup-heinz-tomatnyy-550g-2000538777/
5271,https://dixy.ru/product/ketchup-mr-ricco-tomatnyy-300g-2000568292/
5272,https://dixy.ru/product/ketchup-sloboda-tomatnyy-320g300g-2000193817/
5273,https://dixy.ru/product/ketchup-makheev-tomatnyy-500g-2000207280/
5274,https://dixy.ru/product/ketchup-makheev-shashlychnyy-300g-2000309687/
5275,https://dixy.ru/product/ketchup-heinz-k-shashlyku-i-grilyu-320g-2000143225/
5276,https://dixy.ru/product/ketchup-makheev-lecho-500g-2000207290/
5277,https://dixy.ru/product/ketchup-mrricco-k-sosiskam-i-kupatam-300g-2000615974/
5278,https://dixy.ru/product/ketchup-heinz-s-gorchitsey-320g-2000527464/
5279,https://dixy.ru/product/ketchup-pikador-super-ostryy-300g-2000567792/
5280,https://dixy.ru/product/ketchup-krugloe-leto-tomatnyy-300g-2000207279/
5281,https://dixy.ru/product/ketchup-heinz-dlya-grilya-i-shashlyka-08kg-2000643472/
5282,https://dixy.ru/product/ketchup-makheev-chili-300g-2000551592/
5283,https://dixy.ru/product/ketchup-krugloe-leto-shashlychnyy-300g-2000194769/
5284,https://dixy.ru/product/tomatnyy-ketchup-heinz-po-meksikanski-ostryy-320g-2000193824/
5285,https://dixy.ru/product/tomatnyy-ketchup-heinz-po-argentinski-dlya-steyka-320g-2000645551/
5286,https://dixy.ru/product/ketchup-makheev-kavkazskiy-300g-2000603860/
5287,https://dixy.ru/product/ketchup-tomatnyy-pervym-delom-230g-2000320468/
5288,https://dixy.ru/product/ketchup-heinz-tomatnyy-460g-2000517301/
5289,https://dixy.ru/product/ketchup-heinz-ostryy-320g-2000143160/
5290,https://dixy.ru/product/ketchup-sloboda-lecho-320-g-2000232952/
5291,https://dixy.ru/product/tomatnyy-sous-pomidorka-s-travami-480ml-2000650712/
5292,https://dixy.ru/product/tomatnyy-sous-pomidorka-krasnodarskiy-480ml-2000650711/
5293,https://dixy.ru/product/ketchup-sloboda-shashlychnyy-320g300g-2000200469/
5294,https://dixy.ru/product/ketchup-heinz-chesnok-i-pryanosti-320-g-2000527468/
5295,https://dixy.ru/product/ketchup-ostryy-krugloe-leto-300g-2000611872/
5296,https://dixy.ru/product/ketchup-mrricco-tomatnyy-800g-2000616871/
5297,https://dixy.ru/product/mayonez-sloboda-provansal-67-800ml-tst0045065/
5298,https://dixy.ru/product/mayonez-moskovskiy-provansal-klassicheskiy-67-700ml-2000156539/
5299,https://dixy.ru/product/mayonez-sloboda-olivkovyy-67-800ml-tst0044024/
5300,https://dixy.ru/product/mayonez-sloboda-olivkovyy-67-400ml-tst0044712/
5301,https://dixy.ru/product/mayonez-mr-ricco-provansal-67-340g-2000570511/
5302,https://dixy.ru/product/mayonez-moskovskiy-provansal-klassicheskiy-67-220ml-tst0027566/
5303,https://dixy.ru/product/mayonez-sloboda-olivkovyy-67-200ml-2000186981/
5304,https://dixy.ru/product/mayonez-ryaba-provansal-67-372ml-2000172969/
5305,https://dixy.ru/product/mayonez-mrricco-premium-na-perepelinom-yaytse-67-400ml-2000197367/
5306,https://dixy.ru/product/mayonez-ya-lyublyu-gotovit-provansal-67-700ml-2000539317/
5307,https://dixy.ru/product/mayonez-sloboda-provansal-67-400ml-2000135999/
5308,https://dixy.ru/product/sous-mayoneznyy-ryaba-postnyy-50-372g387ml-2000287444/
5309,https://dixy.ru/product/mayonez-ryaba-olivkovyy-67-350ml-2000265115/
5310,https://dixy.ru/product/mayonez-mrricco-premium-na-perepelinom-yaytse-67-220ml-2000300545/
5311,https://dixy.ru/product/sous-mayoneznyy-makheev-salatnyy-40-630g-2000569834/
5312,https://dixy.ru/product/mayonez-makheev-provansal-s-limonnym-sokom-67-400ml-tst0040573/
5313,https://dixy.ru/product/mayonez-moskovskiy-provansal-klassicheskiy-67-420ml-2000204803/
5314,https://dixy.ru/product/mayonez-mrricco-olivkovyy-67-400ml-2000300548/
5315,https://dixy.ru/product/mayonez-ryaba-smetannyy-505-344ml-2000202332/
5316,https://dixy.ru/product/mayonez-mrricco-premium-na-perepelinom-yaytse-67-800ml-2000202331/
5317,https://dixy.ru/product/mayonez-sloboda-provansal-67-100ml-2000429651/
5318,https://dixy.ru/product/mayonez-pervym-delom-provansal-67-600g-2000638254/
5319,https://dixy.ru/product/mayonez-mrricco-provansal-67-800-ml-2000321531/
5320,https://dixy.ru/product/mayonez-sloboda-na-perepelinykh-yaytsakh-67-400-ml-2000155802/
5321,https://dixy.ru/product/mayonez-heinz-klassicheskiy-67-300g-2000567053/
5322,https://dixy.ru/product/mayonez-sloboda-na-perepelinykh-yaytsakh-67-700ml-2000176263/
5323,https://dixy.ru/product/mayonez-sloboda-smetannyy-67-700ml-2000626872/
5324,https://dixy.ru/product/mayonez-ryaba-provansal-67-204ml-1100075125/
5325,https://dixy.ru/product/mayonez-makheev-provansal-505-400ml-t000005518/
5326,https://dixy.ru/product/mayonez-makheev-s-perepelinym-yaytsom-67-630-ml-2000578640/
5327,https://dixy.ru/product/chesnok-sushenyy-vostochnyy-gost-granulirovannyy-15g-2000549231/
5328,https://dixy.ru/product/pasta-tomatnaya-krugloe-leto-70g-2000521414/
5329,https://dixy.ru/product/uksus-pervym-delommera-vkusa-stolovyy-9-1-l-2000310044/
5330,https://dixy.ru/product/tomatnaya-pasta-krugloe-leto-500g-2000614472/
5331,https://dixy.ru/product/gorchitsa-frantsuzskaya-krugloe-leto-270g-2000616391/
5332,https://dixy.ru/product/tomatnaya-pasta-krugloe-leto-270g-2000613235/
5333,https://dixy.ru/product/ketchup-krugloe-leto-tomatnyy-300g-2000207279/
5334,https://dixy.ru/product/sous-soevyy-na-vse-gotovenkoe-250ml-2000606151/
5335,https://dixy.ru/product/uksus-yablochnyy-lyubimye-traditsii-6-05l-2000567851/
5336,https://dixy.ru/product/perets-chernyy-pervym-delom-molotyy-20g-2000315784/
5337,https://dixy.ru/product/lavrovyy-list-pervym-delom-10g-2000562851/
5338,https://dixy.ru/product/priprava-k-myasu-vostochnyy-gost-15g-2000606571/
5339,https://dixy.ru/product/priprava-vostochnyy-gost-khmeli-suneli-15g-2000607911/
5340,https://dixy.ru/product/priprava-vostochnyy-gost-dlya-kartofelya-15g-2000605911/
5341,https://dixy.ru/product/paprika-krasnaya-vostochnyy-gost-molotaya-15g-2000607912/
5342,https://dixy.ru/product/perets-chernyy-tselyy-vostochnyy-gost-20g-2000557371/
5343,https://dixy.ru/product/ketchup-krugloe-leto-shashlychnyy-300g-2000194769/
5344,https://dixy.ru/product/perets-chernyy-pervym-delom-goroshek-20g-2000315723/
5345,https://dixy.ru/product/tomatnaya-pasta-krugloe-leto-380g-2000614471/
5346,https://dixy.ru/product/mayonez-pervym-delom-provansal-67-600g-2000638254/
5347,https://dixy.ru/product/priprava-vostochnyy-gost-dlya-plova-15g-2000609472/
5348,https://dixy.ru/product/ukrop-sushenyy-vostochnyy-gost-10g-2000535258/
5349,https://dixy.ru/product/gvozdika-vostochnyy-gost-tselaya-sushenaya-15g-2000618775/
5350,https://dixy.ru/product/perets-chernyy-vostochnyy-gost-molotyy-50g-2000535254/
5351,https://dixy.ru/product/priprava-pervym-delom-dlya-kuritsy-15g-2000315726/
5352,https://dixy.ru/product/khren-stolovyy-pervym-delom-200g-2000612013/
5353,https://dixy.ru/product/uksusnaya-kislota-pervym-delom-70-180g-2000599811/
5354,https://dixy.ru/product/adjika-krugloe-leto-po-abkhazski-170g-2000616733/
5355,https://dixy.ru/product/ketchup-tomatnyy-pervym-delom-230g-2000320468/
5356,https://dixy.ru/product/gorchitsa-pervym-delom-russkaya-200g-2000612012/
5357,https://dixy.ru/product/sous-tomatnyy-filippo-berio-s-ovoshchami-gril-340g-2000556573/
5358,https://dixy.ru/product/sous-tomatnyy-filippo-berio-arrabbiata-340g-2000609092/
5359,https://dixy.ru/product/sous-pesto-filippo-berio-tomaty-i-rikotta-190g-2000609093/
5360,https://dixy.ru/product/sous-tomatnyy-filippo-berio-s-olivkami-340g-2000609094/
5361,https://dixy.ru/product/sous-sen-soy-soevyy-klassicheskiy-280ml-2000260452/
5362,https://dixy.ru/product/sous-soevyy-sen-soy-klassicheskiy-1l-2000196409/
5363,https://dixy.ru/product/sous-astoriya-burger-sous-200g-2000552952/
5364,https://dixy.ru/product/sous-kislo-sladkiy-heinz-200g-2000225040/
5365,https://dixy.ru/product/sous-heinz-syrnyy-200g-2000167842/
5366,https://dixy.ru/product/sous-slavyanskiy-dar-tomatnyy-dlya-boloneze-360g-2000255351/
5367,https://dixy.ru/product/sous-pikador-syrnyy-chili-200g-2000621811/
5368,https://dixy.ru/product/priprava-naturalnaya-sicilia-sok-limona-115ml-tst0046722/
5369,https://dixy.ru/product/sous-teriyaki-heinz-200g-2000282304/
5370,https://dixy.ru/product/sous-heinz-tsezar-200g-2000175023/
5371,https://dixy.ru/product/sous-astoria-mayoneznyy-syrnyy-dlya-spagetti-i-garnirov-233g-2000158954/
5372,https://dixy.ru/product/sous-pikador-chipotl-sendvich-200g-2000632812/
5373,https://dixy.ru/product/sous-sladkiy-chili-heinz-200g-2000282306/
5374,https://dixy.ru/product/sous-heinz-gorchichnyy-200g-2000224991/
5375,https://dixy.ru/product/sous-tomatnyy-heinz-barbekyu-200g-2000188649/
5376,https://dixy.ru/product/sous-soevyy-mivimex-chili-i-chesnok-200g-2000618711/
5377,https://dixy.ru/product/sous-filippo-berio-pesto-klassicheskiy-190g-2000279421/
5378,https://dixy.ru/product/sous-mivimex-kavkazskiy-jguchiy-chili-200g-2000276322/
5379,https://dixy.ru/product/sous-sloboda-syrnyy-200ml-2000313124/
5380,https://dixy.ru/product/sous-tamaki-orekhovyy-200ml-2000639719/
5381,https://dixy.ru/product/sous-heinz-tysyacha-ostrovov-200g-2000646331/
5382,https://dixy.ru/product/sous-soevyy-na-vse-gotovenkoe-250ml-2000606151/
5383,https://dixy.ru/product/sous-pomato-zelenyy-pesto-s-bazilikom-i-olivkovym-maslom-190g-2000517902/
5384,https://dixy.ru/product/sous-mayoneznyy-ryaba-postnyy-50-372g387ml-2000287444/
5385,https://dixy.ru/product/khren-glavprodukt-russkiy-stolovyy-170-g-2000118860/
5386,https://dixy.ru/product/khren-makheev-stolovyy-140g-2000203670/
5387,https://dixy.ru/product/chesnok-sushenyy-vostochnyy-gost-granulirovannyy-15g-2000549231/
5388,https://dixy.ru/product/priprava-naturalnaya-sicilia-sok-limona-115ml-tst0046722/
5389,https://dixy.ru/product/perets-chernyy-pervym-delom-molotyy-20g-2000315784/
5390,https://dixy.ru/product/bulonnyy-kubik-maggi-kurinyy-zolotoy-72g-2000000090/
5391,https://dixy.ru/product/priprava-maggi-na-vtoroe-dlya-nejnogo-file-kurinoy-grudki-po-italyanski-306g-2000252671/
5392,https://dixy.ru/product/lavrovyy-list-pervym-delom-10g-2000562851/
5393,https://dixy.ru/product/priprava-k-myasu-vostochnyy-gost-15g-2000606571/
5394,https://dixy.ru/product/priprava-maggi-zapravka-dlya-borshcha-250g-2000004590/
5395,https://dixy.ru/product/bulon-govyajiy-rollton-domashniy-90g-2000185087/
5396,https://dixy.ru/product/perets-indana-chernyy-molotyy-15g-2000259286/
5397,https://dixy.ru/product/priprava-indana-dlya-kuritsy-15g-2000172649/
5398,https://dixy.ru/product/priprava-gurmina-dlya-kuritsa-italyanskie-travy-i-tomaty-40g-2000605797/
5399,https://dixy.ru/product/bulon-kurinyy-rollton-domashniy-90g-2000016915/
5400,https://dixy.ru/product/kurkuma-indana-15g-2000565751/
5401,https://dixy.ru/product/kislota-limonnaya-pervym-delom-50g-2000554252/
5402,https://dixy.ru/product/priprava-vostochnyy-gost-khmeli-suneli-15g-2000607911/
5403,https://dixy.ru/product/priprava-vostochnyy-gost-dlya-kartofelya-15g-2000605911/
5404,https://dixy.ru/product/chesnok-indana-sushenyy-15g-2000260538/
5405,https://dixy.ru/product/paprika-indana-molotaya-15g-2000163182/
5406,https://dixy.ru/product/paprika-krasnaya-vostochnyy-gost-molotaya-15g-2000607912/
5407,https://dixy.ru/product/perets-chernyy-tselyy-vostochnyy-gost-20g-2000557371/
5408,https://dixy.ru/product/priprava-indana-dlya-kartofelya-15g-2000163173/
5409,https://dixy.ru/product/perets-chernyy-kotanyi-goroshek-20g-tst0046007/
5410,https://dixy.ru/product/perets-chernyy-pervym-delom-goroshek-20g-2000315723/
5411,https://dixy.ru/product/priprava-maggi-tomaty-bazilik-chesnok-20g-2000562857/
5412,https://dixy.ru/product/priprava-vegeta-universalnaya-s-ovoshchami-75g-10e0075149/
5413,https://dixy.ru/product/kunjut-indana-15g-2000319613/
5414,https://dixy.ru/product/priprava-kotanyi-italyanskie-travy-14g-2000351652/
5415,https://dixy.ru/product/priprava-indana-karri-15g-2000172616/
5416,https://dixy.ru/product/priprava-kotanyi-smes-4-kh-pertsev-35g-2000000401/
5417,https://dixy.ru/product/pasta-tomatnaya-kukhmaster-270-g-2000322276/
5418,https://dixy.ru/product/pasta-tomatnaya-krugloe-leto-70g-2000521414/
5419,https://dixy.ru/product/pasta-pomidorka-tomatnaya-250ml-t000019176/
5420,https://dixy.ru/product/tomatnaya-pasta-krugloe-leto-500g-2000614472/
5421,https://dixy.ru/product/pasta-tomatnaya-pomidorka-sashe-30g-2000569071/
5422,https://dixy.ru/product/tomatnaya-pasta-krugloe-leto-270g-2000613235/
5423,https://dixy.ru/product/pasta-pomidorka-tomatnaya-70g-2000226402/
5424,https://dixy.ru/product/tomatnaya-pasta-pomidorka-140g-2000000762/
5425,https://dixy.ru/product/tomatnaya-pasta-pikanta-280g-2000635031/
5426,https://dixy.ru/product/tomatnaya-pasta-krugloe-leto-380g-2000614471/
5427,https://dixy.ru/product/pasta-tomatnaya-makheev-70g-2000645437/
5428,https://dixy.ru/product/pasta-pomidorka-tomatnaya-480ml-2000229651/
5429,https://dixy.ru/product/pasta-pomidorka-tomatnaya-380g-2000000761/
5430,https://dixy.ru/product/pasta-tomatnaya-yashchik-astrakhanskikh-pomidorov-490g-2000314423/
5431,https://dixy.ru/product/tomatnaya-pasta-makheev-500g-2000349875/
5432,https://dixy.ru/product/tomatnaya-pasta-selviano-gost-380g-2000536311/
5433,https://dixy.ru/product/tomatnaya-pasta-pervym-delom-250g-2000614451/
5434,https://dixy.ru/product/tomatnaya-pasta-pomidorka-200ml-2000616511/
5435,https://dixy.ru/product/tomatnaya-pasta-pomidorka-s-bazilikom-270-g-2000326649/
5436,https://dixy.ru/product/tomatnaya-pasta-pomidorka-s-pryanymi-travami-270g-2000625051/
5437,https://dixy.ru/product/tomatnaya-pasta-green-ray-100g-2000639691/
5438,https://dixy.ru/product/tomatnaya-pasta-pomidorka-100g-2000643911/
5439,https://dixy.ru/product/uksus-pervym-delommera-vkusa-stolovyy-9-1-l-2000310044/
5440,https://dixy.ru/product/uksus-yablochnyy-lyubimye-traditsii-6-05l-2000567851/
5441,https://dixy.ru/product/uksusnaya-kislota-pervym-delom-70-180g-2000599811/
5442,https://dixy.ru/product/sous-balzamicheskiy-filippo-berio-250ml-2000609091/
5443,https://dixy.ru/product/kislota-uksusnaya-russkiy-uksus-70-180-g-2000545151/
5444,https://dixy.ru/product/shampinony-lorado-rezanye-425ml-2000033939/
5445,https://dixy.ru/product/konservy-gribnye-gribnoe-lukoshko-marinovannye-370ml-2000612331/
5446,https://dixy.ru/product/opyata-skatert-samobranka-otbornye-marinovannye-370ml-di00080611/
5447,https://dixy.ru/product/shampinony-marinovannye-bonduelle-tselye-500ml-2000555752/
5448,https://dixy.ru/product/shampinony-bondyuel-marinovannye-tselye-350ml-2000623376/
5449,https://dixy.ru/product/govyadina-tushenaya-grodfud-975-myasa-338g-2000258591/
5450,https://dixy.ru/product/pashtet-hame-s-gusinoy-pechenyu-105g-2000175557/
5451,https://dixy.ru/product/pashtet-hame-s-indeykoy-105g-2000175556/
5452,https://dixy.ru/product/svinina-tushenaya-semidal-325g-2000616631/
5453,https://dixy.ru/product/indeyka-indilayt-po-domashnemu-325g-2000629691/
5454,https://dixy.ru/product/govyadina-tushenaya-sytnyy-zapas-340g-2000611731/
5455,https://dixy.ru/product/svinina-tushenaya-velikolukskiy-mk-325g-2000329129/
5456,https://dixy.ru/product/govyadina-tushenaya-semidal-vysshiy-sort-325g-2000562832/
5457,https://dixy.ru/product/pashtet-setra-kurinyy-100-g-2000329692/
5458,https://dixy.ru/product/pashtet-setra-iz-indeyki-100-g-2000153905/
5459,https://dixy.ru/product/vetchina-velikolukskiy-mk-325g-2000329132/
5460,https://dixy.ru/product/svinina-tushenaya-bars-vysshiy-sort-gost-325-g-2000332650/
5461,https://dixy.ru/product/govyadina-tushenaya-bars-vysshiy-sort-325g-2000332649/
5462,https://dixy.ru/product/golubtsy-pervym-delom-farshirovannye-540g-2000214490/
5463,https://dixy.ru/product/pashtet-hame-s-myasom-ptitsy-105g-2000163018/
5464,https://dixy.ru/product/pashtet-pechenochnyy-ivan-myasoedov-250g-2000568571/
5465,https://dixy.ru/product/pashtet-iz-indeyki-myasoedov-100g-2000568572/
5466,https://dixy.ru/product/myaso-tsyplyat-pervym-delom-v-sobstvennom-soku-325g-2000567531/
5467,https://dixy.ru/product/svinina-tushenaya-ivan-myasoedov-gost-325g-2000204154/
5468,https://dixy.ru/product/pashtet-khame-s-govyajey-pechenyu-105g-2000622391/
5469,https://dixy.ru/product/tsyplenok-tushenyy-zolotoy-petushok-325g-1100074508/
5470,https://dixy.ru/product/govyadina-tushenaya-pervym-delom-kuskovaya-340g-2000220776/
5471,https://dixy.ru/product/pashtet-perva-s-indyushinoy-pechenyu-100g-2000618772/
5472,https://dixy.ru/product/pashtet-pervym-delom-pechenochnyy-95g-2000628572/
5473,https://dixy.ru/product/pashtet-pervym-delom-iz-indeyki-95g-2000628573/
5474,https://dixy.ru/product/govyadina-tushenaya-ivan-myasoedov-vysshiy-sort-gost-325g-2000192964/
5475,https://dixy.ru/product/govyadina-tushenaya-semeynyy-byudjet-gost-500g-2000302684/
5476,https://dixy.ru/product/svinina-tushenaya-semeynyy-byudjet-gost-500g-2000302685/
5477,https://dixy.ru/product/svinina-tushenaya-grodfud-975-myasa-338g-2000303429/
5478,https://dixy.ru/product/govyadina-sovok-tushenaya-338-g-2000313236/
5479,https://dixy.ru/product/pashtet-myasnoy-rublevskie-kolbasy-pechenochnyy-250g-2000542412/
5480,https://dixy.ru/product/pashtet-olifeolayf-frantsuzskiy-s-gusinym-myasom-160g-2000633411/
5481,https://dixy.ru/product/pashtet-hame-s-gusinoy-pechenyu-105g-2000175557/
5482,https://dixy.ru/product/pashtet-hame-s-indeykoy-105g-2000175556/
5483,https://dixy.ru/product/indeyka-indilayt-po-domashnemu-325g-2000629691/
5484,https://dixy.ru/product/govyadina-tushenaya-sytnyy-zapas-340g-2000611731/
5485,https://dixy.ru/product/pashtet-setra-kurinyy-100-g-2000329692/
5486,https://dixy.ru/product/pashtet-setra-iz-indeyki-100-g-2000153905/
5487,https://dixy.ru/product/pashtet-hame-s-myasom-ptitsy-105g-2000163018/
5488,https://dixy.ru/product/pashtet-pechenochnyy-ivan-myasoedov-250g-2000568571/
5489,https://dixy.ru/product/pashtet-iz-indeyki-myasoedov-100g-2000568572/
5490,https://dixy.ru/product/pashtet-khame-s-govyajey-pechenyu-105g-2000622391/
5491,https://dixy.ru/product/pashtet-perva-s-indyushinoy-pechenyu-100g-2000618772/
5492,https://dixy.ru/product/pashtet-pervym-delom-pechenochnyy-95g-2000628572/
5493,https://dixy.ru/product/pashtet-pervym-delom-iz-indeyki-95g-2000628573/
5494,https://dixy.ru/product/pashtet-rublevskiy-derevenskiy-150g-2000644095/
5495,https://dixy.ru/product/pashtet-rublevskiy-fermerskiy-150g-2000644097/
5496,https://dixy.ru/product/pashtet-hame-iz-telyatiny-100g-2000604071/
5497,https://dixy.ru/product/pashtet-pechenochnyy-ruzkom-gus-200g-2000612772/
5498,https://dixy.ru/product/pashtet-pechenochnyy-ruzkom-kuritsa-200g-2000612773/
5499,https://dixy.ru/product/pashtet-perva-s-gusinoy-pechenyu-100g-2000618771/
5500,https://dixy.ru/product/pashtet-khame-iz-indeyki-100g-2000441191/
5501,https://dixy.ru/product/pashtet-khame-iz-krolika-100g-2000622392/
5502,https://dixy.ru/product/golubtsy-pervym-delom-farshirovannye-540g-2000214490/
5503,https://dixy.ru/product/pashtet-pechenochnyy-ivan-myasoedov-250g-2000568571/
5504,https://dixy.ru/product/pashtet-iz-indeyki-myasoedov-100g-2000568572/
5505,https://dixy.ru/product/myaso-tsyplyat-pervym-delom-v-sobstvennom-soku-325g-2000567531/
5506,https://dixy.ru/product/svinina-tushenaya-ivan-myasoedov-gost-325g-2000204154/
5507,https://dixy.ru/product/govyadina-tushenaya-pervym-delom-kuskovaya-340g-2000220776/
5508,https://dixy.ru/product/pashtet-pervym-delom-pechenochnyy-95g-2000628572/
5509,https://dixy.ru/product/pashtet-pervym-delom-iz-indeyki-95g-2000628573/
5510,https://dixy.ru/product/ogurtsy-marinovannye-krugloe-leto-680g-2000266861/
5511,https://dixy.ru/product/kukuruza-krugloe-leto-340g-2000180348/
5512,https://dixy.ru/product/fasol-krasnaya-krugloe-leto-400g-tst0044239/
5513,https://dixy.ru/product/kornishony-krugloe-leto-marinovannye-680g-2000559611/
5514,https://dixy.ru/product/goroshek-krugloe-leto-zelenyy-400g-2000180353/
5515,https://dixy.ru/product/masliny-pervym-delom-bez-kostochki-280300g-2000300243/
5516,https://dixy.ru/product/ogurtsy-krugloe-leto-solenye-bochkovye-900g-2000406194/
5517,https://dixy.ru/product/goroshek-zelenyy-krugloe-leto-475g-2000568591/
5518,https://dixy.ru/product/kukuruza-sakharnaya-pervym-delom-310400g-2000556891/
5519,https://dixy.ru/product/fasol-belaya-krugloe-leto-400g-2000273128/
5520,https://dixy.ru/product/ogurtsy-marinovannye-pervym-delom-680g-2000208489/
5521,https://dixy.ru/product/olivki-pervym-delom-bez-kostochki-280g-2000300244/
5522,https://dixy.ru/product/tomaty-cherri-krugloe-leto-marinovannye-680g-tst0044234/
5523,https://dixy.ru/product/kapusta-kvashenaya-krugloe-leto-shinkovannaya-s-morkovyu-900g-2000608851/
5524,https://dixy.ru/product/tomaty-pervym-delom-v-tomatnom-soke-680g-2000207494/
5525,https://dixy.ru/product/skumbriya-dalnevostochnaya-moreslav-s-dobavleniem-masla-240g-2000626851/
5526,https://dixy.ru/product/goroshek-zelenyy-pervym-delom-400g-2000219515/
5527,https://dixy.ru/product/fasol-krasnaya-pervym-delom-naturalnaya-360g-2000602091/
5528,https://dixy.ru/product/fasol-belaya-pervym-delom-naturalnaya-360g-2000214435/
5529,https://dixy.ru/product/tomaty-pervym-delom-marinovannye-680g-2000227332/
5530,https://dixy.ru/product/sayra-moreslav-tikhookeanskaya-naturalnaya-240g-2000276103/
5531,https://dixy.ru/product/lecho-krugloe-leto-470g-2000644012/
5532,https://dixy.ru/product/kukuruza-globus-sladkaya-v-zernakh-340g-1041027555/
5533,https://dixy.ru/product/goroshek-globus-zelenyy-425ml-10a0036580/
5534,https://dixy.ru/product/kukuruza-bonduelle-sladkaya-340g-10e0064890/
5535,https://dixy.ru/product/ogurtsy-marinovannye-krugloe-leto-680g-2000266861/
5536,https://dixy.ru/product/kukuruza-krugloe-leto-340g-2000180348/
5537,https://dixy.ru/product/goroshek-heinz-zelenyy-390g-2000189884/
5538,https://dixy.ru/product/fasol-krasnaya-krugloe-leto-400g-tst0044239/
5539,https://dixy.ru/product/kornishony-krugloe-leto-marinovannye-680g-2000559611/
5540,https://dixy.ru/product/kukuruza-sakharnaya-heinz-340g-2000318963/
5541,https://dixy.ru/product/protertaya-myakot-tomatov-pikanta-500g-2000198869/
5542,https://dixy.ru/product/goroshek-krugloe-leto-zelenyy-400g-2000180353/
5543,https://dixy.ru/product/ogurtsy-kornishony-dyadya-vanya-marinovannye-po-frantsuzski-460g-2000180487/
5544,https://dixy.ru/product/masliny-pervym-delom-bez-kostochki-280300g-2000300243/
5545,https://dixy.ru/product/lecho-pikanta-450g-2000148271/
5546,https://dixy.ru/product/fasol-bonduelle-krasnaya-400g-di00079009/
5547,https://dixy.ru/product/masliny-botanica-bez-kostochki-280g-2000573831/
5548,https://dixy.ru/product/goroshek-dyadya-vanya-zelenyy-400g-2000118079/
5549,https://dixy.ru/product/ogurtsy-krugloe-leto-solenye-bochkovye-900g-2000406194/
5550,https://dixy.ru/product/masliny-bonduelle-krupnye-bez-kostochki-300g-2000280423/
5551,https://dixy.ru/product/goroshek-zelenyy-krugloe-leto-475g-2000568591/
5552,https://dixy.ru/product/kukuruza-sakharnaya-pervym-delom-310400g-2000556891/
5553,https://dixy.ru/product/kukuruza-bonduelle-molodaya-340g-2000279948/
5554,https://dixy.ru/product/fasol-belaya-krugloe-leto-400g-2000273128/
5555,https://dixy.ru/product/ikra-dyadya-vanya-iz-kabachkov-460g-2000224271/
5556,https://dixy.ru/product/ogurtsy-marinovannye-pervym-delom-680g-2000208489/
5557,https://dixy.ru/product/fasol-pikanta-pechenaya-v-tomatnom-souse-470g-2000003493/
5558,https://dixy.ru/product/olivki-pervym-delom-bez-kostochki-280g-2000300244/
5559,https://dixy.ru/product/ikra-pikanta-iz-kabachkov-450g-2000020402/
5560,https://dixy.ru/product/olivki-botanica-bez-kostochki-280g-2000573832/
5561,https://dixy.ru/product/tomaty-dyadya-vanya-v-tomatnom-soke-670g-2000118119/
5562,https://dixy.ru/product/tunets-fortuna-v-sobstvennom-soku-kusochki-185g-d000010279/
5563,https://dixy.ru/product/rizotto-maguro-s-tuntsom-230g-2000646320/
5564,https://dixy.ru/product/gavayskaya-smes-maguro-s-tuntsom-230g-2000646319/
5565,https://dixy.ru/product/tunets-dlya-salata-kapitan-vkusov-170g-2000533435/
5566,https://dixy.ru/product/tunets-znak-kachestva-naturalnyy-kusochkami-250-g-2000301085/
5567,https://dixy.ru/product/gorbusha-5-morey-naturalnaya-kuski-250g-tst0041114/
5568,https://dixy.ru/product/tunets-vk-file-rublennoe-185g-2000535351/
5569,https://dixy.ru/product/shproty-vkusnye-konservy-krupnye-v-masle-240g-2000569391/
5570,https://dixy.ru/product/gorbusha-naturalnaya-kurilskiy-bereg-250g-2000322385/
5571,https://dixy.ru/product/gorbusha-vkusnye-konservy-naturalnaya-245g-2000288124/
5572,https://dixy.ru/product/shproty-vkusnye-konservy-v-masle-160g-2000578514/
5573,https://dixy.ru/product/tunets-fortuna-v-sobstvennom-soku-rublenyy-185g-d000010280/
5574,https://dixy.ru/product/bychki-znak-kachestva-objarennye-v-tomatnom-souse-240-g-2000279525/
5575,https://dixy.ru/product/skumbriya-dalnevostochnaya-moreslav-s-dobavleniem-masla-240g-2000626851/
5576,https://dixy.ru/product/pechen-treski-vkusnye-konservy-po-murmanski-185g-2000282903/
5577,https://dixy.ru/product/ikra-treski-vkusnye-konservy-120g-2000627991/
5578,https://dixy.ru/product/shproty-vkusnye-konservy-ekstra-v-masle-270g-2000322376/
5579,https://dixy.ru/product/shproty-tasty-tins-krupnye-v-masle-240g-2000305463/
5580,https://dixy.ru/product/tunets-vkusnye-konservy-file-naturalnyy-185g-2000341467/
5581,https://dixy.ru/product/kilka-znak-kachestva-kaspiyskaya-v-tomatnom-souse-240g-2000519071/
5582,https://dixy.ru/product/sayra-moreslav-tikhookeanskaya-naturalnaya-240g-2000276103/
5583,https://dixy.ru/product/kilka-vkusnye-konservy-chernomorskaya-v-tomatnom-souse-240g-2000410036/
5584,https://dixy.ru/product/skumbriya-naturalnaya-dobroflot-dalnevostochnaya-s-maslom-245g-2000261899/
5585,https://dixy.ru/product/skumbriya-bars-atlanticheskaya-v-tomatnom-souse-250-g-2000305539/
5586,https://dixy.ru/product/sardina-bars-atlanticheskaya-v-masle-250g-1100073286/
5587,https://dixy.ru/product/pashtet-vkusnye-konservy-iz-pecheni-i-ikry-treski-120g-2000627992/
5588,https://dixy.ru/product/pechen-treski-kapitan-vkusov-115g-2000298509/
5589,https://dixy.ru/product/skumbriya-v-masle-5-morey-250240g-tst0041121/
5590,https://dixy.ru/product/sayra-naturalnaya-vkusnye-konservy-250g-2000350107/
5591,https://dixy.ru/product/kilka-znak-kachestva-v-tomatnom-souse-240g-2000283420/
5592,https://dixy.ru/product/kapusta-kvashenaya-krugloe-leto-shinkovannaya-s-morkovyu-900g-2000608851/
5593,https://dixy.ru/product/ogurtsy-solenye-v-assortimente-600g-2000271005/
5594,https://dixy.ru/product/kapusta-kvashenaya-500-g-2000566991/
5595,https://dixy.ru/product/salat-morkov-po-koreyski-v-assortimente-500g-2000566992/
5596,https://dixy.ru/product/ogurtsy-kornishony-solenye-v-assortimente-500g-2000548652/
5597,https://dixy.ru/product/kapusta-kvashenaya-fitnes-bez-sakhara-v-assortimente-500g-2000548651/
5598,https://dixy.ru/product/kapusta-marinovannaya-vitaminka-so-sladkim-pertsem-v-assortimente-500g-2000582676/
5599,https://dixy.ru/product/salat-po-koreyski-morkov-pikantnaya-so-sparjey-v-assortimente-350g-2000209091/
5600,https://dixy.ru/product/salat-morkov-pikantnaya-po-koreyski-v-assortimente-350g-2000209090/
5601,https://dixy.ru/product/salat-griby-po-domashnemu-gruzdi-v-assortimente-300g-2000582672/
5602,https://dixy.ru/product/kapusta-po-koreyski-s-morkovyu-300-g-2000543278/
5603,https://dixy.ru/product/imbir-marinovannyy-300g-2000629813/
5604,https://dixy.ru/product/kapusta-kvashenaya-s-klyukvoy-v-assortimente-500g-2000208672/
5605,https://dixy.ru/product/ogurtsy-solenye-300-g-2000406217/
5606,https://dixy.ru/product/adjika-s-khrenom-v-assortimente-300g-2000610751/
5607,https://dixy.ru/product/sparja-po-koreyski-300g-2000629812/
5608,https://dixy.ru/product/khrenoder-400-g-2000551771/
5609,https://dixy.ru/product/funchoza-v-assortimente-300g-2000335603/
5610,https://dixy.ru/product/tomaty-solenye-krasnye-v-assortimente-1kg-2000530467/
5611,https://dixy.ru/product/opyata-solenye-tselye-v-assortimente-250g-2000589511/
5612,https://dixy.ru/product/miks-po-koreyski-sparja-funchoza-morkov-300g-2000629814/
5613,https://dixy.ru/product/salat-chafan-po0koreyski-300g-2000629811/
5614,https://dixy.ru/product/govyadina-tushenaya-grodfud-975-myasa-338g-2000258591/
5615,https://dixy.ru/product/svinina-tushenaya-semidal-325g-2000616631/
5616,https://dixy.ru/product/indeyka-indilayt-po-domashnemu-325g-2000629691/
5617,https://dixy.ru/product/govyadina-tushenaya-sytnyy-zapas-340g-2000611731/
5618,https://dixy.ru/product/svinina-tushenaya-velikolukskiy-mk-325g-2000329129/
5619,https://dixy.ru/product/govyadina-tushenaya-semidal-vysshiy-sort-325g-2000562832/
5620,https://dixy.ru/product/svinina-tushenaya-bars-vysshiy-sort-gost-325-g-2000332650/
5621,https://dixy.ru/product/govyadina-tushenaya-bars-vysshiy-sort-325g-2000332649/
5622,https://dixy.ru/product/myaso-tsyplyat-pervym-delom-v-sobstvennom-soku-325g-2000567531/
5623,https://dixy.ru/product/svinina-tushenaya-ivan-myasoedov-gost-325g-2000204154/
5624,https://dixy.ru/product/pashtet-khame-s-govyajey-pechenyu-105g-2000622391/
5625,https://dixy.ru/product/tsyplenok-tushenyy-zolotoy-petushok-325g-1100074508/
5626,https://dixy.ru/product/govyadina-tushenaya-pervym-delom-kuskovaya-340g-2000220776/
5627,https://dixy.ru/product/pashtet-perva-s-indyushinoy-pechenyu-100g-2000618772/
5628,https://dixy.ru/product/pashtet-pervym-delom-pechenochnyy-95g-2000628572/
5629,https://dixy.ru/product/pashtet-pervym-delom-iz-indeyki-95g-2000628573/
5630,https://dixy.ru/product/govyadina-tushenaya-ivan-myasoedov-vysshiy-sort-gost-325g-2000192964/
5631,https://dixy.ru/product/govyadina-tushenaya-semeynyy-byudjet-gost-500g-2000302684/
5632,https://dixy.ru/product/svinina-tushenaya-semeynyy-byudjet-gost-500g-2000302685/
5633,https://dixy.ru/product/svinina-tushenaya-grodfud-975-myasa-338g-2000303429/
5634,https://dixy.ru/product/govyadina-sovok-tushenaya-338-g-2000313236/
5635,https://dixy.ru/product/govyadina-tushenaya-kurganskiy-standart-vysshiy-sort-gost-338-g-2000329133/
5636,https://dixy.ru/product/okorok-velikolukskiy-mk-delikatesnyy-gost-325g-2000332667/
5637,https://dixy.ru/product/govyadina-tushenaya-bars-ekstra-325g-2000408120/
5638,https://dixy.ru/product/svinina-tushenaya-myasnye-ryady-325-g-2000415754/
5639,https://dixy.ru/product/govyadina-tushenaya-myasnye-ryady-gost-325g-2000415753/
5640,https://dixy.ru/product/govyadina-tushenaya-velikolukskiy-myasokombinat-325g-2000423807/
5641,https://dixy.ru/product/svinina-tushenaya-velikolukskiy-mk-500g-2000423791/
5642,https://dixy.ru/product/tushenka-myasnaya-glavprodukt-rublenaya-sto-325g-2000562551/
5643,https://dixy.ru/product/svinina-tushenaya-bars-ekstra-325g-2000553351/
5644,https://dixy.ru/product/ananas-lorado-shayby-v-legkom-sirope-580ml-tst0001302/
5645,https://dixy.ru/product/ananasy-botanika-koltsa-v-sirope-565g-2000589531/
5646,https://dixy.ru/product/klubnika-countree-v-sirope-410g-2000580252/
5647,https://dixy.ru/product/ananasy-botanika-kusochki-v-sirope-565g-2000589532/
5648,https://dixy.ru/product/persiki-v-sirope-850-ml-di00080612/
5649,https://dixy.ru/product/mango-premier-of-taste-v-sirope-425g-2000535145/
5650,https://dixy.ru/product/persiki-lorado-polovinki-v-legkom-sirope-425ml-tst0042460/
5651,https://dixy.ru/product/ananasy-nutri-vui-vui-kusochki-565g-2000534296/
5652,https://dixy.ru/product/ananas-moya-tsena-koltsa-565-g-2000534298/
5653,https://dixy.ru/product/ananasy-premiere-of-taste-koltsa-v-soke-425g-2000557671/
5654,https://dixy.ru/product/ananasy-premiere-of-taste-kusochki-v-soke-425g-2000557672/
5655,https://dixy.ru/product/abrikosy-countree-polovinki-v-sirope-425-g-2000580251/
5656,https://dixy.ru/product/ananasy-lorado-kusochki-v-legkom-sirope-580ml-tst0001301/
5657,https://dixy.ru/product/abrikosy-yammiest-polovinki-v-sirope-425ml-2000604031/
5658,https://dixy.ru/product/ananasy-mikado-kusochki-v-sirope-565g-2000604032/
5659,https://dixy.ru/product/persiki-premiere-of-taste-680g-2000534297/
5660,https://dixy.ru/product/shproty-vkusnye-konservy-krupnye-v-masle-240g-2000569391/
5661,https://dixy.ru/product/shproty-vkusnye-konservy-v-masle-160g-2000578514/
5662,https://dixy.ru/product/shproty-vkusnye-konservy-ekstra-v-masle-270g-2000322376/
5663,https://dixy.ru/product/shproty-tasty-tins-krupnye-v-masle-240g-2000305463/
5664,https://dixy.ru/product/shproty-znak-kachestva-iz-baltiyskoy-kilki-v-masle160-g-2000281564/
5665,https://dixy.ru/product/shproty-bars-kopchenye-v-masle-gost-160g-2000279530/
5666,https://dixy.ru/product/shproty-bars-kopchenye-v-masle-gost-175g-2000283189/
5667,https://dixy.ru/product/shproty-tasty-tins-v-masle-160g-2000298424/
5668,https://dixy.ru/product/shproty-kapitan-vkusov-v-masle-250-g-2000440209/
5669,https://dixy.ru/product/shproty-bars-iz-baltiyskoy-kilki-v-masle-100g-2000577171/
5670,https://dixy.ru/product/shproty-znak-kachestva-v-masle-iz-salaki-240g-2000582871/
5671,https://dixy.ru/product/shproty-rybnoe-menyu-iz-baltiyskoy-kilki-v-masle-175-g-2000263216/
5672,https://dixy.ru/product/mylo-tualetnoe-baby-boom-detskoe-90g-2000236912/
5673,https://dixy.ru/product/mylo-tualetnoe-tik-tak-175g-2000632791/
5674,https://dixy.ru/product/mylo-detskoe-aloe-vera-5kh75g-2000545933/
5675,https://dixy.ru/product/mylo-detskoe-svoboda-100g-tst0001775/
5676,https://dixy.ru/product/sredstvo-aromaticheskoe-dlya-vann-s-igrushkoy-150g-2000628392/
5677,https://dixy.ru/product/sredstvo-dlya-kupaniya-baby-boom-s-ekstraktom-romashki-750ml-2000605353/
5678,https://dixy.ru/product/mylo-jidkoe-detskoe-baby-boom-s-ekstraktom-cheredy-0-500ml-2000605355/
5679,https://dixy.ru/product/mylo-tualetnoe-tik-tak-150g-0150207018/
5680,https://dixy.ru/product/zubnaya-pasta-detskaya-colgate-doktor-zayats-klubnikajvachka-50ml-2000128539/
5681,https://dixy.ru/product/zubnaya-bioaktivnaya-pasta-dlya-detey-splat-kids-zemlyanika-vishnya-50ml-2000261654/
5682,https://dixy.ru/product/zubnaya-pasta-colgate-klubnika-s-ftoridom-6-9-let-60-ml-2000339518/
5683,https://dixy.ru/product/zubnaya-pasta-colgate-apelsin-3-5-let-60-ml-2000341271/
5684,https://dixy.ru/product/mylo-tualetnoe-retsepty-chistoty-detskoe-gost-200g-2000286360/
5685,https://dixy.ru/product/shampun-moe-solnyshko-sochnyy-mandarin-200ml-2000375826/
5686,https://dixy.ru/product/krem-mylo-bioteq-kids-jidkoe-dlya-detey-500-ml-2000324859/
5687,https://dixy.ru/product/krem-detskiy-s-ekstraktom-romashki-46-ml-2000451963/
5688,https://dixy.ru/product/zubnaya-shchetka-juicy-lab-magiya-edinoroga-2000531851/
5689,https://dixy.ru/product/zubnaya-shchetka-splat-junior-dlya-detey-2000338703/
5690,https://dixy.ru/product/sredstvo-dlya-kupaniya-solntse-i-luna-ot-makushki-do-pyatok-200ml-2000375804/
5691,https://dixy.ru/product/zubnaya-shchetka-colgate-detskaya-2-5-let-2000522865/
5692,https://dixy.ru/product/krem-detskiy-moe-solnyshko-romashka-100ml-2000451588/
5693,https://dixy.ru/product/salfetki-vlajnye-school-detskie-antibakterialnye-15-sht-2000529707/
5694,https://dixy.ru/product/zubnaya-pasta-parodontol-junior-yagodnyy-kokteyl-s-7-let-62g-2000539981/
5695,https://dixy.ru/product/sredstvo-dlya-kupaniya-i-shampun-aqa-baby-2-v-1-250ml-2000582451/
5696,https://dixy.ru/product/zubnaya-pasta-dlya-detey-lava-lava-klubnika-50ml-2000586051/
5697,https://dixy.ru/product/sol-dlya-vanny-happy-bubbles-dlya-morskikh-priklyucheniy-100g-2000589151/
5698,https://dixy.ru/product/nabor-detskiy-happy-bubbles-dlya-kupaniya-v-assortimente-315g-2000578223/
5699,https://dixy.ru/product/zubnaya-pasta-colgate-detskaya-6-9-bez-ftorida-arbuz-60ml-2000582932/
5700,https://dixy.ru/product/zubnaya-pasta-dlya-detey-lava-lava-babl-gam-50ml-2000586052/
5701,https://dixy.ru/product/detskaya-zubnaya-pasta-juicy-lab-vinograd-55-ml-2000594971/
5702,https://dixy.ru/product/sol-dlya-vanny-shipuchaya-happy-bubbles-v-assortimente-100g-2000649171/
5703,https://dixy.ru/product/obuv-detsapogi-3860vk-r-eva-r26-rassel-2000415737/
5704,https://dixy.ru/product/obuv-detsapogi-3860vk-r-eva-r29-rassel-2000415738/
5705,https://dixy.ru/product/obuv-detsapogi-3860vk-r-eva-r31-rassel-2000415744/
5706,https://dixy.ru/product/pantolety-plyajnye-eva-det953-010-r26-35-2000416271/
5707,https://dixy.ru/product/obuv-detsapogi-3860vk-r-eva-r24-rassel-2000415733/
5708,https://dixy.ru/product/noski-detskie-razmer-19-2-pary-art-751-2000516519/
5709,https://dixy.ru/product/noski-detskie-razmer-15-3-pary-art-645-2000539372/
5710,https://dixy.ru/product/obuv-detsapogi-3860vk-r-eva-r30-rassel-2000415752/
5711,https://dixy.ru/product/obuv-detsapogi-3860vk-r-eva-r33-rassel-2000415745/
5712,https://dixy.ru/product/noski-detskie-razmer-15-3-pary-art-483-2000539369/
5713,https://dixy.ru/product/obuv-detsapogi-3860vk-r-eva-r32-rassel-2000415746/
5714,https://dixy.ru/product/obuv-detsapogi-3860vk-r-eva-r25-rassel-2000415735/
5715,https://dixy.ru/product/obuv-detsapogi-3860vk-r-eva-r34-rassel-2000415747/
5716,https://dixy.ru/product/obuv-detsapogi-3860vk-r-eva-r35-rassel-2000415748/
5717,https://dixy.ru/product/kolgotki-detskie-insolito-rost-98-140-art-992-2000555019/
5718,https://dixy.ru/product/noski-detskie-razmer-15-2-pary-art-751-2000539361/
5719,https://dixy.ru/product/noski-dlya-malchikov-uno-3-pary-razmer-12-20-art-sb18d-2000566312/
5720,https://dixy.ru/product/noski-detskie-insolito-razmer-16-18-2000527165/
5721,https://dixy.ru/product/noski-detskie-insolito-plyush-razmer-16-20-art-7012-2000554772/
5722,https://dixy.ru/product/noski-detskie-insolito-razmer-14-20-art-118-2000555017/
5723,https://dixy.ru/product/noski-detskie-insolito-makhrovye-razmer-18-20-2000527164/
5724,https://dixy.ru/product/noski-detskie-insolito-razmer-18-20-2000527166/
5725,https://dixy.ru/product/noski-detskie-insolito-razmer-14-20-art-279-2000555011/
5726,https://dixy.ru/product/noski-detskie-razmer-17-2-pary-art-751-2000516522/
5727,https://dixy.ru/product/kolgotki-detskie-all-eva-40-den-tsvet-belyy-razmer-128-140-2000572193/
5728,https://dixy.ru/product/perchatki-detskie-insolito-art-156-2000555012/
5729,https://dixy.ru/product/noski-detskie-insolito-makhrovye-razmer-14-16-2000527155/
5730,https://dixy.ru/product/noski-detskie-insolito-razmer-14-16-2000527156/
5731,https://dixy.ru/product/noski-detskie-omsa-kids-calzino-r27-30-art21s02-2000545244/
5732,https://dixy.ru/product/noski-detskie-omsa-kids-calzino-r27-30-art21s03-2000545245/
5733,https://dixy.ru/product/igrushka-myagkaya-fresh-trend-kot-ft-7-2000645575/
5734,https://dixy.ru/product/igrushka-nordplast-lopata-v-assortimente-48-sm-2000320549/
5735,https://dixy.ru/product/igrushka-sdelay-sam-volshebnyy-pesok-myachik-poprygunchik-2000416319/
5736,https://dixy.ru/product/igrushka-knopa-nabor-formochek-beskonechnaya-taksa-2000416327/
5737,https://dixy.ru/product/igrushka-play-doh-nabor-iz-chetyrekh-banochek-2000394801/
5738,https://dixy.ru/product/igrushka-figurka-marvel-avengers-v-assortimente-10-sm-2000341380/
5739,https://dixy.ru/product/igrushka-yunitoys-mashinka-metallicheskaya-v-assortimente-2000308649/
5740,https://dixy.ru/product/igrushka-snejkolep-2000524791/
5741,https://dixy.ru/product/igrushka-nasha-igrushka-blaster-3-puli-2000317341/
5742,https://dixy.ru/product/nabor-igrovoy-nerf-alpha-strike-stinger-2000408358/
5743,https://dixy.ru/product/igrushka-lizun-slaym-tyanuchka-v-assortimente-150-ml-2000416321/
5744,https://dixy.ru/product/igrushka-katalka-s-ruchkoy-v-assortimente-2000418016/
5745,https://dixy.ru/product/slaym-mki-fluffy-v-assortimente-6-tsvetov-2000324382/
5746,https://dixy.ru/product/mylnye-puzyri-1toy-litsenzionnye-120-ml-2000415906/
5747,https://dixy.ru/product/mylnye-puzyri-1toy-eskimo-v-assortimente-45-ml-2000415912/
5748,https://dixy.ru/product/igrushka-dream-makers-pianino-slonenok-2000527100/
5749,https://dixy.ru/product/ruchka-s-topperom-roza-1sht-nd-2000415899/
5750,https://dixy.ru/product/igrushka-mozaika-kruglaya-80-detryjiy-kot-2000417320/
5751,https://dixy.ru/product/igrushka-vnedorojnik-big-wheels-v-assortimente-2000528171/
5752,https://dixy.ru/product/igrushka-hasbro-velyu-marvel-figurka-30-sm-2000341403/
5753,https://dixy.ru/product/igra-nastolnaya-hasbro-monopoliya-2000521116/
5754,https://dixy.ru/product/nabor-dlya-pesochnitsy-s-mashinoy-2000533645/
5755,https://dixy.ru/product/samolet-s-rogatkoy-2000533636/
5756,https://dixy.ru/product/nabor-lovi-brosay-2000533643/
5757,https://dixy.ru/product/nabor-plyajnyy-igrushek-2000533644/
5758,https://dixy.ru/product/nabor-igrovoy-play-doh-mini-v-assortimente-2000394830/
5759,https://dixy.ru/product/igrushka-disney-princess-kukla-v-assortimente-2000394833/
5760,https://dixy.ru/product/nabor-politseyskogo-nd-9-predmetov-2000540897/
5761,https://dixy.ru/product/igrushka-nd-vetryachok-2000540916/
5762,https://dixy.ru/product/igrushka-nd-myach-poprygun-s-podsvetkoy-2000540925/
5763,https://dixy.ru/product/salfetki-baby-boom-vlajnye-detskie-s-ekstraktom-aloe-72sht-2000273774/
5764,https://dixy.ru/product/mylo-tualetnoe-baby-boom-detskoe-90g-2000236912/
5765,https://dixy.ru/product/salfetki-vlajnye-baby-boom-detskie-ekstrakt-aloe-vera-15sht-2000273825/
5766,https://dixy.ru/product/salfetki-vlajnye-pervym-delom-detskie-130sht-2000605031/
5767,https://dixy.ru/product/sredstvo-aromaticheskoe-dlya-vann-s-igrushkoy-150g-2000628392/
5768,https://dixy.ru/product/salfetki-vlajnye-pervym-delom-detskie-60sht-2000605032/
5769,https://dixy.ru/product/podguzniki-trusiki-baby-boom-junior-11-25kg-34sht-2000606932/
5770,https://dixy.ru/product/sredstvo-dlya-kupaniya-baby-boom-s-ekstraktom-romashki-750ml-2000605353/
5771,https://dixy.ru/product/mylo-jidkoe-detskoe-baby-boom-s-ekstraktom-cheredy-0-500ml-2000605355/
5772,https://dixy.ru/product/salfetki-vlajnye-baby-boom-detskie-120sht-2000600654/
5773,https://dixy.ru/product/aromaticheskoe-sredstvo-dlya-vanny-kot-150g-2000644291/
5774,https://dixy.ru/product/pelenki-pervym-delom-detskie-60kh60-10sht-2000599411/
5775,https://dixy.ru/product/pelenki-detskie-baby-boom-6060-15sht-2000600711/
5776,https://dixy.ru/product/podguzniki-detskie-pervym-delom-junior-11-25kg-10sht-2000605951/
5777,https://dixy.ru/product/podguzniki-baby-boom-maxi-7-18kg-16sht-2000605971/
5778,https://dixy.ru/product/podguzniki-baby-boom-junior-11-25kg-14sht-2000605972/
5779,https://dixy.ru/product/podguzniki-trusiki-baby-boom-maxi-7-18g-38sht-2000606933/
5780,https://dixy.ru/product/podguzniki-pampers-active-baby-dry-5-11-16-kg-60sht-2000318051/
5781,https://dixy.ru/product/podguzniki-trusiki-pampers-pants-4-9-15kg-46sht-2000273386/
5782,https://dixy.ru/product/podguzniki-trusiki-pampers-pants-6-15kg-38sht-2000318052/
5783,https://dixy.ru/product/podguzniki-pampers-active-baby-dry-9-14-kg-70sht-2000276442/
5784,https://dixy.ru/product/podguzniki-trusiki-baby-boom-junior-11-25kg-34sht-2000606932/
5785,https://dixy.ru/product/podguzniki-trusiki-detskie-pervym-delom-r4-9-14kg-16sht-2000607451/
5786,https://dixy.ru/product/podguzniki-huggies-elite-soft-r3-5-9kg-72sht-2000608474/
5787,https://dixy.ru/product/podguzniki-trusiki-detskie-pervym-delom-r5-13-20kg-16sht-2000608271/
5788,https://dixy.ru/product/vlajnye-salfetki-labubu-60sht-2000625371/
5789,https://dixy.ru/product/podguzniki-trusiki-pampers-5-12-17kg-42sht-2000223692/
5790,https://dixy.ru/product/podguzniki-baby-boom-maxi-7-18-kg-50-sht-2000258652/
5791,https://dixy.ru/product/podguzniki-trusiki-baby-boom-maxi-6-11-kg-48sht-2000269483/
5792,https://dixy.ru/product/podguzniki-baby-boom-junior-5-11-25-kg-44-sht-2000258653/
5793,https://dixy.ru/product/podguzniki-trusiki-baby-boom-junior-44-sht-2000269501/
5794,https://dixy.ru/product/podguzniki-baby-boom-midi-3-4-9-kg-56sht-2000258651/
5795,https://dixy.ru/product/pelenki-baby-boom-odnorazovye-60kh60-sm-30-sht-2000265642/
5796,https://dixy.ru/product/podguzniki-trusiki-pampers-pants-3-6-11-kg-19-sht-2000337313/
5797,https://dixy.ru/product/podguzniki-trusiki-solntse-i-luna-khlopok-len-razmer-4-9-14kg-43sht-2000374004/
5798,https://dixy.ru/product/podguzniki-trusiki-huggies-4-9-14-kg-52-sht-2000417182/
5799,https://dixy.ru/product/podguzniki-trusiki-huggies-12-17-kg-48-sht-2000417183/
5800,https://dixy.ru/product/podguzniki-trusiki-kasper-detskie-4-maxi-7-18kg-16sht-2000539356/
5801,https://dixy.ru/product/podguzniki-trusiki-solntse-i-luna-khlopok-len-razmer-5-13-20kg-40sht-2000371260/
5802,https://dixy.ru/product/pelenki-odnorazovye-kasper-60kh60-sm-20-sht-2000549851/
5803,https://dixy.ru/product/podguzniki-trusiki-kasper-detskie-5-junior-11-25kg-16sht-2000539355/
5804,https://dixy.ru/product/trusiki-podguzniki-huggies-4-9-14-kg-38sht-2000574791/
5805,https://dixy.ru/product/podguzniki-solntse-i-luna-eko-razmer-3m-4-9-kg-18-sht-2000580653/
5806,https://dixy.ru/product/podguzniki-trusiki-solntse-i-luna-razmer-5khl-13-20kg-32sht-2000580652/
5807,https://dixy.ru/product/podguzniki-trusiki-solntse-i-luna-eco-razmer-4l-9-14kg-20sht-2000580656/
5808,https://dixy.ru/product/podguzniki-solntse-i-luna-eko-razmer-4l-7-14-kg-16-sht-2000580654/
5809,https://dixy.ru/product/pelenki-pervym-delom-detskie-60kh60-10sht-2000599411/
5810,https://dixy.ru/product/salfetki-baby-boom-vlajnye-detskie-s-ekstraktom-aloe-72sht-2000273774/
5811,https://dixy.ru/product/vlajnye-salfetki-watashi-detskie-0-s-kryshkoy-64sht-2000592431/
5812,https://dixy.ru/product/salfetki-vlajnye-baby-boom-detskie-ekstrakt-aloe-vera-15sht-2000273825/
5813,https://dixy.ru/product/salfetki-vlajnye-pervym-delom-detskie-130sht-2000605031/
5814,https://dixy.ru/product/salfetki-vlajnye-pervym-delom-detskie-60sht-2000605032/
5815,https://dixy.ru/product/salfetki-vlajnye-baby-boom-detskie-120sht-2000600654/
5816,https://dixy.ru/product/podguzniki-trusiki-detskie-pervym-delom-r4-9-14kg-16sht-2000607451/
5817,https://dixy.ru/product/podguzniki-huggies-elite-soft-r3-5-9kg-72sht-2000608474/
5818,https://dixy.ru/product/podguzniki-trusiki-detskie-pervym-delom-r5-13-20kg-16sht-2000608271/
5819,https://dixy.ru/product/vlajnye-salfetki-labubu-60sht-2000625371/
5820,https://dixy.ru/product/salfetki-vlajnye-salfeti-school-antibakterialnye-60sht-2000626591/
5821,https://dixy.ru/product/salfetki-vlajnye-pamperino-detskie-bez-otdushki-duo-2kh80sht-2000646178/
5822,https://dixy.ru/product/salfetki-vlajnye-pamperino-detskie-bez-otdushki-56-sht-2000646181/
5823,https://dixy.ru/product/salfetki-bumajnye-v-korobke-zewa-kids-3-sloya-60-sht-2000277780/
5824,https://dixy.ru/product/vlajnye-salfetki-huggies-elite-soft-56sht-2000406603/
5825,https://dixy.ru/product/salfetki-vlajnye-solntse-i-luna-romashka-72sht-2000451014/
5826,https://dixy.ru/product/pechene-ovsyanoe-olifeolayf-bez-sakhara-170g-2000625971/
5827,https://dixy.ru/product/napitok-bezalkogolnyy-chernogolovkacola-bez-sakhara-15l-2000626112/
5828,https://dixy.ru/product/sok-frutonyanya-yablochnyy-bez-sakhara-osvetlennyy-02l-tst0017501/
5829,https://dixy.ru/product/sok-frutonyanya-yabloko-persik-bez-sakhara-neosvetlennyy-02-l-tst0017504/
5830,https://dixy.ru/product/sok-fruto-yabloko-osvetlennyy-05l-di00080427/
5831,https://dixy.ru/product/bioyogurt-aktibio-klubnika-chernika-bez-sakhara-3-130g-2000625872/
5832,https://dixy.ru/product/napitok-rastitelnyy-zinus-protein-multiorekhovoe-18-1l-2000629173/
5833,https://dixy.ru/product/shokolad-molochnyy-olifeolayf-na-medu-45g-2000622892/
5834,https://dixy.ru/product/shokolad-gorkiy-olifeolayf-na-medu-45g-2000622893/
5835,https://dixy.ru/product/kashaprotein-bistro-smes-zlakov-banan-mindal-40g-2000620872/
5836,https://dixy.ru/product/shokolad-belyy-olifeolayf-na-medu-45g-2000622894/
5837,https://dixy.ru/product/napitok-kislomolochnyy-exponenta-bio-skyr-chernika-golubika-500g-2000605162/
5838,https://dixy.ru/product/napitok-kislomolochnyy-exponenta-high-pro-malina-banan-250g-2000605164/
5839,https://dixy.ru/product/yogurt-epica-naturalnyy-6-130-g-2000267643/
5840,https://dixy.ru/product/kislomolochnyy-napitok-exponenta-klubnika-arbuz-0-250g-2000331029/
5841,https://dixy.ru/product/napitok-kislomolochnyy-exponenta-bio-skyr-strachatella-plombir-500g-2000621477/
5842,https://dixy.ru/product/morojenoe-khutorok-bez-dobavleniya-sakhara-80g-2000615991/
5843,https://dixy.ru/product/napitok-rastitelnyy-zinus-protein-funduk-shokolad-18-1l-2000629171/
5844,https://dixy.ru/product/syr-proteinovyy-oldenburger-s-gretskim-orekhom-narezka-30-125g-2000617913/
5845,https://dixy.ru/product/pastila-belevskaya-klassicheskaya-100g-2000246811/
5846,https://dixy.ru/product/pastila-belevskaya-klassicheskayayagodnoe-assorti-bez-sakhara-50g-2000573731/
5847,https://dixy.ru/product/kashaprotein-bistro-smes-zlakov-mango-chia-kokos-40g-2000620873/
5848,https://dixy.ru/product/pechene-proteinovoe-bombbar-shokoladnyy-brauni-40g-2000347426/
5849,https://dixy.ru/product/pirojnoe-proteinovoe-rex-blondie-klassicheskoe-malina-50g-2000608432/
5850,https://dixy.ru/product/batonchik-vafelnyy-bombbar-molochno-orekhovaya-pasta-kapuchino-32g-2000617315/
5851,https://dixy.ru/product/pechene-chikalab-fistashkovoe-sufle-s-khrustyashchim-testom-55g-2000617319/
5852,https://dixy.ru/product/napitok-nemoloko-ovsyanyy-klassicheskiy-1l-2000286929/
5853,https://dixy.ru/product/napitok-cocogurt-prebiotic-mango-kokos-250ml-2000614671/
5854,https://dixy.ru/product/napitok-nemoloko-ovsyanyy-shokoladnyy-32-1l-2000336264/
5855,https://dixy.ru/product/napitok-ovsyanyy-nemoloko-shokoladnyy-250ml-2000292048/
5856,https://dixy.ru/product/napitok-risovyy-nemoloko-mindal-1l-2000624792/
5857,https://dixy.ru/product/napitok-soevyy-planto-s-mindalem-so-vkusom-karameli-1l-2000618993/
5858,https://dixy.ru/product/napitok-nemoloko-ovsyanyy-klassicheskiy-layt-15-1l-2000292047/
5859,https://dixy.ru/product/napitok-planto-mindalnyy-1l-2000411028/
5860,https://dixy.ru/product/napitok-kokosovyy-planto-s-risom-1l-2000411037/
5861,https://dixy.ru/product/napitok-kokosovyy-velle-klassicheskiy-15-1l-2000538092/
5862,https://dixy.ru/product/napitok-mindalnyy-velle-klassicheskiy-15-1l-2000544532/
5863,https://dixy.ru/product/napitok-ovsyanyy-nemoloko-klassicheskiy-200ml-2000588852/
5864,https://dixy.ru/product/napitok-ovsyanyy-velle-poleznoe-utro-25-1l-2000608814/
5865,https://dixy.ru/product/produkt-pitevoy-ovsyanyy-velle-malina-230g-2000608813/
5866,https://dixy.ru/product/napitok-soevyy-nemoloko-s-bananom-1l-2000613391/
5867,https://dixy.ru/product/napitok-cocogurt-prebiotic-klubnika-kokos-250ml-2000614672/
5868,https://dixy.ru/product/napitok-ovsyanyy-nemoloko-vanil-02l-2000624791/
5869,https://dixy.ru/product/shokolad-molochnyy-snaq-fabriq-s-fistashkovoy-pastoy-130g-2000636172/
5870,https://dixy.ru/product/shokolad-molochnyy-snaq-fabriq-s-keshyu-130g-2000636174/
5871,https://dixy.ru/product/shokolad-molochnyy-snaq-fabriq-s-fundukom-130g-2000636175/
5872,https://dixy.ru/product/konfety-abrau-dyurso-sparkling-truffle-bez-sakhara-160g-2000597131/
5873,https://dixy.ru/product/shokokranchi-zlakovye-drkorner-klubnichnye-s-yogurtom-40g-2000615993/
5874,https://dixy.ru/product/shokokranchi-drkorner-kukuruzno-risovye-karamelnye-v-shokolade-40g-2000615992/
5875,https://dixy.ru/product/pechene-glazirovannoe-chikalab-malinovoe-sufle-55g-2000636171/
5876,https://dixy.ru/product/napitok-rastitelnyy-zinus-protein-multiorekhovoe-18-1l-2000629173/
5877,https://dixy.ru/product/zamenitel-sakhara-fit-parad-7-60-g-2000179434/
5878,https://dixy.ru/product/kashaprotein-bistro-smes-zlakov-banan-mindal-40g-2000620872/
5879,https://dixy.ru/product/napitok-kislomolochnyy-exponenta-bio-skyr-chernika-golubika-500g-2000605162/
5880,https://dixy.ru/product/napitok-kislomolochnyy-exponenta-high-pro-malina-banan-250g-2000605164/
5881,https://dixy.ru/product/kislomolochnyy-napitok-exponenta-klubnika-arbuz-0-250g-2000331029/
5882,https://dixy.ru/product/napitok-kislomolochnyy-exponenta-bio-skyr-strachatella-plombir-500g-2000621477/
5883,https://dixy.ru/product/napitok-rastitelnyy-zinus-protein-funduk-shokolad-18-1l-2000629171/
5884,https://dixy.ru/product/syr-proteinovyy-oldenburger-s-gretskim-orekhom-narezka-30-125g-2000617913/
5885,https://dixy.ru/product/kashaprotein-bistro-smes-zlakov-mango-chia-kokos-40g-2000620873/
5886,https://dixy.ru/product/pechene-proteinovoe-bombbar-shokoladnyy-brauni-40g-2000347426/
5887,https://dixy.ru/product/pirojnoe-proteinovoe-rex-blondie-klassicheskoe-malina-50g-2000608432/
5888,https://dixy.ru/product/batonchik-vafelnyy-bombbar-molochno-orekhovaya-pasta-kapuchino-32g-2000617315/
5889,https://dixy.ru/product/pechene-chikalab-fistashkovoe-sufle-s-khrustyashchim-testom-55g-2000617319/
5890,https://dixy.ru/product/napitok-nemoloko-ovsyanyy-klassicheskiy-1l-2000286929/
5891,https://dixy.ru/product/napitok-na-rastitelnom-syre-zinus-kokos-18-1l-2000609031/
5892,https://dixy.ru/product/napitok-na-rastitelnom-syre-zinus-mindal-18-1l-2000609033/
5893,https://dixy.ru/product/napitok-rastitelnyy-zinus-dubayskiy-shokolad-32-1l-2000629172/
5894,https://dixy.ru/product/produkt-ovsyanyy-pitevoy-olifeolayf-chernika-230g-2000638994/
5895,https://dixy.ru/product/napitok-rastitelnyy-selo-zelenoe-ovsyanyy-18-1l-2000635796/
5896,https://dixy.ru/product/napitok-cocogurt-prebiotic-mango-kokos-250ml-2000614671/
5897,https://dixy.ru/product/tsikoriy-rastvorimyy-bolshaya-chashka-klassicheskiy-85g-2000435967/
5898,https://dixy.ru/product/napitok-nemoloko-ovsyanyy-shokoladnyy-32-1l-2000336264/
5899,https://dixy.ru/product/sok-j7-apelsin-s-myakotyu-085l-2000318246/
5900,https://dixy.ru/product/produkt-ovsyanyy-olifeolayf-malina-ejevika-130g-2000638993/
5901,https://dixy.ru/product/kisel-russkiy-produkt-malinaklyukva-v-assortimente-190g-2000278539/
5902,https://dixy.ru/product/smuzi-j7-kivi-yabloko-ananas-banan-i-mango-03l-2000424992/
5903,https://dixy.ru/product/smuzi-j7-klubnika-banan-yabloko-03l-2000647113/
5904,https://dixy.ru/product/kisel-olifeolayf-klyukva-500ml-2000624912/
5905,https://dixy.ru/product/produkt-ovsyanyy-olifeolayf-pechenoe-yabloko-130g-2000638991/
5906,https://dixy.ru/product/kisel-momentalnogo-prigotovleniya-russkiy-produkt-klyukva-30g-2000242152/
5907,https://dixy.ru/product/tsikoriy-zdorove-rastvorimyy-granulirovannyy-90g-2000288021/
5908,https://dixy.ru/product/napitok-rastitelnyy-zinus-protein-multiorekhovoe-18-1l-2000629173/
5909,https://dixy.ru/product/tsikoriy-rastvorimyy-ekologika-sublimirovannyy-85g-2000322166/
5910,https://dixy.ru/product/napitok-ovsyanyy-nemoloko-shokoladnyy-250ml-2000292048/
5911,https://dixy.ru/product/napitok-mindalnyy-planto-1l-2000642712/
5912,https://dixy.ru/product/kisel-olifeolayf-chernaya-smorodina-500ml-2000627011/
5913,https://dixy.ru/product/napitok-soevyy-planto-fistashkovyy-plombir-1l-2000635151/
5914,https://dixy.ru/product/napitok-mindalnyy-nemoloko-na-risovoy-osnove-200ml-2000643372/
5915,https://dixy.ru/product/napitok-risovyy-nemoloko-mindal-1l-2000624792/
5916,https://dixy.ru/product/napitok-rastitelnyy-velle-barista-kokosovoe-15-1l-2000635851/
5917,https://dixy.ru/product/napitok-soevyy-planto-s-mindalem-so-vkusom-karameli-1l-2000618993/
5918,https://dixy.ru/product/napitok-kokosovyy-nemoloko-na-risovoy-osnove-1l-2000643371/
5919,https://dixy.ru/product/sok-j7-yabloko-osvetlennyy-085l-2000318247/
5920,https://dixy.ru/product/izyum-opngo-bez-kostochki-150g-2000599911/
5921,https://dixy.ru/product/gretskiy-orekh-olifeolayf-100g-2000639472/
5922,https://dixy.ru/product/chernosliv-opngo-bez-kostochki-200g-2000589672/
5923,https://dixy.ru/product/yadra-orekhov-mindalya-opngo-100g-2000594771/
5924,https://dixy.ru/product/smes-fruktovo-orekhovaya-olifeolayf-kokteyl-100g-2000639471/
5925,https://dixy.ru/product/kuraga-opngo-150g-2000593483/
5926,https://dixy.ru/product/arakhis-vostochnyy-gost-jarenyy-solenyy-150g-2000535292/
5927,https://dixy.ru/product/fistashki-olifeolayf-100g-2000639473/
5928,https://dixy.ru/product/kuraga-opngo-300g-2000642751/
5929,https://dixy.ru/product/fistashki-pervym-delom-jarenye-solenye-70g-2000539549/
5930,https://dixy.ru/product/yadra-podsolnechnika-jarenye-take-itteyk-itopngo-70g-2000568551/
5931,https://dixy.ru/product/arakhis-pd-jarenyy-solenyy-70g-2000539547/
5932,https://dixy.ru/product/yadra-podsolnechnika-opngo-jarenye-solenye-70g-2000596431/
5933,https://dixy.ru/product/chernosliv-pervym-delom-bez-kostochki-100-g-2000237181/
5934,https://dixy.ru/product/smes-fruktovo-orekhovaya-olifeolayf-100g-2000642811/
5935,https://dixy.ru/product/izyum-temnyy-pervym-delom-100g-2000237177/
5936,https://dixy.ru/product/smes-kompotnaya-krugloe-leto-500g-2000642711/
5937,https://dixy.ru/product/klubnika-i-banan-sushenye-olifeolayf-bez-sakhara-15g-2000628112/
5938,https://dixy.ru/product/funduk-objarennyy-olifeolayf-100g-2000644271/
5939,https://dixy.ru/product/arakhis-ouchauch-so-vkusom-vasabi-50g-2000627591/
5940,https://dixy.ru/product/kokteyl-pervym-delom-smes-sladkaya-70g-2000539548/
5941,https://dixy.ru/product/arakhis-ouchauch-so-vkusom-kimchi-50g-2000637311/
5942,https://dixy.ru/product/semechki-pervym-delom-objarennye-100g-2000318668/
5943,https://dixy.ru/product/khlebtsy-pshenichnye-olifeolayf-tselnozernovye-100g-2000635613/
5944,https://dixy.ru/product/smes-olifeolayf-keshyu-i-mango-100g-2000630992/
5945,https://dixy.ru/product/mini-khlebtsy-olifeolayf-zernovye-grechnevye-150g-2000626391/
5946,https://dixy.ru/product/orekh-gretskiy-ochishchennyy-v-assortimente-d000004127/
5947,https://dixy.ru/product/gretskiy-orekh-v-skorlupe-500-g-2000540435/
5948,https://dixy.ru/product/fistashki-neochishchennye-jarenye-solenye-v-assortimente-2000327653/
5949,https://dixy.ru/product/finiki-korolevskie-medjul-200g-2000541715/
5950,https://dixy.ru/product/kuraga-v-assortimente-2000327647/
5951,https://dixy.ru/product/mindal-yadra-v-assortimente-2000327986/
5952,https://dixy.ru/product/chernosliv-bez-kostochki-v-assortimente-d000004132/
5953,https://dixy.ru/product/arakhis-jarenyy-solenyy-2000349426/
5954,https://dixy.ru/product/arakhis-v-skorlupe-500-g-2000540437/
5955,https://dixy.ru/product/izyum-svetlyy-v-assortimente-2000327646/
5956,https://dixy.ru/product/funduk-v-skorlupe-500-g-2000540436/
5957,https://dixy.ru/product/funduk-yadro-v-assortimente-2000328000/
5958,https://dixy.ru/product/orekhi-makadamiya-v-skorlupe-v-upakovke-2000397454/
5959,https://dixy.ru/product/fistashki-neochishchennye-jarenye-solenye-2000643258/
5960,https://dixy.ru/product/semechki-podsolnechnye-polosatye-neochishchennye-2000630911/
5961,https://dixy.ru/product/smes-orekhov-i-sukhofruktov-2000643261/
5962,https://dixy.ru/product/kuraga-2000643260/
5963,https://dixy.ru/product/arakhis-jarenyy-solenyy-2000643259/
5964,https://dixy.ru/product/gretskiy-orekh-ochishchennyy-2000643254/
5965,https://dixy.ru/product/izyum-svetlyy-2000643252/
5966,https://dixy.ru/product/chernosliv-bez-kostochki-2000643253/
5967,https://dixy.ru/product/izyum-opngo-bez-kostochki-150g-2000599911/
5968,https://dixy.ru/product/keshyu-jarenyy-semushka-110g-2000512851/
5969,https://dixy.ru/product/gretskiy-orekh-olifeolayf-100g-2000639472/
5970,https://dixy.ru/product/chernosliv-opngo-bez-kostochki-200g-2000589672/
5971,https://dixy.ru/product/yadra-orekhov-mindalya-opngo-100g-2000594771/
5972,https://dixy.ru/product/smes-fruktovo-orekhovaya-olifeolayf-kokteyl-100g-2000639471/
5973,https://dixy.ru/product/smes-jarenykh-orekhov-i-izyuma-semushka-110g-2000623711/
5974,https://dixy.ru/product/kuraga-opngo-150g-2000593483/
5975,https://dixy.ru/product/arakhis-vostochnyy-gost-jarenyy-solenyy-150g-2000535292/
5976,https://dixy.ru/product/khlebtsy-risovye-drkorner-s-pesto-i-parmezanom-80g-2000607291/
5977,https://dixy.ru/product/khlebtsy-pshenichnye-olifeolayf-tselnozernovye-100g-2000635613/
5978,https://dixy.ru/product/batonchik-nutgo-mindalnyy-34g-2000637514/
5979,https://dixy.ru/product/batonchik-glazirovannyy-fitnesshock-hi-protein-chernichnyy-desert-40g-2000628492/
5980,https://dixy.ru/product/batonchik-glazirovannyy-protein-rex-kartoshka-tryufelnaya-40g-2000634577/
5981,https://dixy.ru/product/askorbinka-so-vkusom-klubniki-30g-2000616191/
5982,https://dixy.ru/product/zamenitel-sakhara-fit-parad-7-60-g-2000179434/
5983,https://dixy.ru/product/donat-fitnesshock-s-shokoladnoy-nachinkoy-70g-2000635716/
5984,https://dixy.ru/product/pirojnoe-proteinovoe-protein-rex-brauni-solenaya-karamel-50g-2000634582/
5985,https://dixy.ru/product/pirojnoe-proteinovoe-proteinrex-brauni-klassicheskoe-50g-2000625153/
5986,https://dixy.ru/product/batonchik-glazirovannyy-chikalab-gretskiy-orekh-s-fistashkoy-45g-2000635712/
5987,https://dixy.ru/product/batonchik-myusli-wellbar-s-klyukvoy-i-medom-50g-2000622218/
5988,https://dixy.ru/product/batonchik-orekhovyy-reeel-v-assortimente-30g-2000604392/
5989,https://dixy.ru/product/izdelie-konditerskoe-ebaton-s-sufle-v-assortimente-50g-2000602731/
5990,https://dixy.ru/product/batonchik-proteinovyy-nuttiness-v-assortimente-35g-2000604991/
5991,https://dixy.ru/product/desert-fit-kit-twisted-protein-v-assortimente-50g-2000608032/
5992,https://dixy.ru/product/izdelie-konditerskoe-fitnesshock-brauni-malinachernika-50g-2000607231/
5993,https://dixy.ru/product/izdelie-konditerskoe-fitnesshock-brauni-mangoyagodnyy-miks-50g-2000607232/
5994,https://dixy.ru/product/pirojnoe-proteinovoe-rex-v-assortimente-40g-2000608791/
5995,https://dixy.ru/product/batonchik-glazirovannyy-fit-kit-elon-shokolad--karamel-45g-2000609707/
5996,https://dixy.ru/product/batonchik-glazirovannyy-fit-kit-wellnut-crispy-arakhis-karamel-45g-2000609708/
5997,https://dixy.ru/product/khlebtsy-drkorner-rjanye-s-semenami-lna-100g-2000612311/
5998,https://dixy.ru/product/khlebtsy-drkorner-rjanye-klassicheskie-100g-2000612312/
5999,https://dixy.ru/product/gematogen-s-vitaminom-s-40g-2000616131/
6000,https://dixy.ru/product/izdelie-konditerskoe-fitnesshock-red-velvettiramisu-40g-2000614872/
6001,https://dixy.ru/product/batonchik-snaq-fabriq-arakhis-fistashka-khrustyashchee-testo-50g-2000617318/
6002,https://dixy.ru/product/batonchik-glazirovannyy-bombbar-tort-mokkachino-40g-2000617316/
6003,https://dixy.ru/product/batonchik-glazirovannyy-bombbar-tort-tropicheskiy-miks-40g-2000617314/
6004,https://dixy.ru/product/batonchik-myusli-wellbar-s-bananom-i-shokoladom-50g-2000622219/
6005,https://dixy.ru/product/bad-awochactive-omega-3-60sht-2000622873/
6006,https://dixy.ru/product/napitok-nemoloko-ovsyanyy-klassicheskiy-1l-2000286929/
6007,https://dixy.ru/product/napitok-na-rastitelnom-syre-zinus-kokos-18-1l-2000609031/
6008,https://dixy.ru/product/napitok-na-rastitelnom-syre-zinus-mindal-18-1l-2000609033/
6009,https://dixy.ru/product/napitok-rastitelnyy-zinus-dubayskiy-shokolad-32-1l-2000629172/
6010,https://dixy.ru/product/produkt-ovsyanyy-pitevoy-olifeolayf-chernika-230g-2000638994/
6011,https://dixy.ru/product/napitok-rastitelnyy-selo-zelenoe-ovsyanyy-18-1l-2000635796/
6012,https://dixy.ru/product/napitok-cocogurt-prebiotic-mango-kokos-250ml-2000614671/
6013,https://dixy.ru/product/napitok-nemoloko-ovsyanyy-shokoladnyy-32-1l-2000336264/
6014,https://dixy.ru/product/sok-j7-apelsin-s-myakotyu-085l-2000318246/
6015,https://dixy.ru/product/produkt-ovsyanyy-olifeolayf-malina-ejevika-130g-2000638993/
6016,https://dixy.ru/product/produkt-ovsyanyy-olifeolayf-pechenoe-yabloko-130g-2000638991/
6017,https://dixy.ru/product/napitok-rastitelnyy-zinus-protein-multiorekhovoe-18-1l-2000629173/
6018,https://dixy.ru/product/napitok-ovsyanyy-nemoloko-shokoladnyy-250ml-2000292048/
6019,https://dixy.ru/product/napitok-soevyy-planto-fistashkovyy-plombir-1l-2000635151/
6020,https://dixy.ru/product/napitok-risovyy-nemoloko-mindal-1l-2000624792/
6021,https://dixy.ru/product/napitok-rastitelnyy-velle-barista-kokosovoe-15-1l-2000635851/
6022,https://dixy.ru/product/napitok-soevyy-planto-s-mindalem-so-vkusom-karameli-1l-2000618993/
6023,https://dixy.ru/product/sok-j7-yabloko-osvetlennyy-085l-2000318247/
6024,https://dixy.ru/product/napitok-nemoloko-ovsyanyy-klassicheskiy-layt-15-1l-2000292047/
6025,https://dixy.ru/product/napitok-planto-mindalnyy-1l-2000411028/
6026,https://dixy.ru/product/napitok-kokosovyy-planto-s-risom-1l-2000411037/
6027,https://dixy.ru/product/napitok-kokosovyy-velle-klassicheskiy-15-1l-2000538092/
6028,https://dixy.ru/product/napitok-mindalnyy-velle-klassicheskiy-15-1l-2000544532/
6029,https://dixy.ru/product/produkt-ovsyanyy-velle-kasha-s-kuragoy-170-g-2000562492/
6030,https://dixy.ru/product/napitok-ovsyanyy-nemoloko-klassicheskiy-200ml-2000588852/
6031,https://dixy.ru/product/mors-j7-fresh-klyukva-chernika-aroniya-ejevika-850ml-2000602591/
6032,https://dixy.ru/product/produkt-multizlakovyy-velle-solenaya-karamel-130g-2000608811/
6033,https://dixy.ru/product/napitok-rastitelnyy-velle-risovoe-slivochnoe-klassicheskoe-10-1l-2000608812/
6034,https://dixy.ru/product/napitok-ovsyanyy-velle-poleznoe-utro-25-1l-2000608814/
6035,https://dixy.ru/product/produkt-pitevoy-ovsyanyy-velle-malina-230g-2000608813/
6036,https://dixy.ru/product/pechene-ovsyanoe-olifeolayf-bez-sakhara-170g-2000625971/
6037,https://dixy.ru/product/khlebtsy-risovye-drkorner-s-pesto-i-parmezanom-80g-2000607291/
6038,https://dixy.ru/product/batonchik-proteinovyy-marshmellou-marshick-solenaya-karamel-bez-sakhara-30g-2000648572/
6039,https://dixy.ru/product/pechene-snaq-fabriq-fistashkovaya-pasta-khrustyashchee-testo-karamel-45g-2000617317/
6040,https://dixy.ru/product/khleb-pshenichnyy-khlebozavod-22-palyanitsa-500g-2000617991/
6041,https://dixy.ru/product/shokolad-snaq-fabriq-s-molochno-orekhovoy-pastoy-55g-2000589814/
6042,https://dixy.ru/product/batonchik-mindalno-arakhisovyy-nutgo-s-arakhisovoy-pastoy-36g-2000580814/
6043,https://dixy.ru/product/pechene-ovsyanoe-olifeolayf-klyukva-malina-bez-sakhara-170g-2000639673/
6044,https://dixy.ru/product/khlebtsy-pshenichnye-olifeolayf-tselnozernovye-100g-2000635613/
6045,https://dixy.ru/product/pirojnoe-proteinovoe-proteinrex-brauni-apelsinovoe-50g-2000571931/
6046,https://dixy.ru/product/batonchik-nutgo-mindalnyy-34g-2000637514/
6047,https://dixy.ru/product/batonchik-glazirovannyy-fitnesshock-hi-protein-chernichnyy-desert-40g-2000628492/
6048,https://dixy.ru/product/batonchik-glazirovannyy-protein-rex-kartoshka-tryufelnaya-40g-2000634577/
6049,https://dixy.ru/product/askorbinka-so-vkusom-klubniki-30g-2000616191/
6050,https://dixy.ru/product/pirojnoe-proteinovoe-protein-rex-brauni-vishnevoe-50g-2000579051/
6051,https://dixy.ru/product/batonchik-proteinovyy-snaq-fabriq-fistashka-i-karamel-50g-2000548696/
6052,https://dixy.ru/product/shokolad-snaq-fabriq-s-shokoladno-orekhovoy-pastoy-55g-2000589812/
6053,https://dixy.ru/product/donat-fitnesshock-s-shokoladnoy-nachinkoy-70g-2000635716/
6054,https://dixy.ru/product/pirojnoe-proteinovoe-protein-rex-brauni-solenaya-karamel-50g-2000634582/
6055,https://dixy.ru/product/pirojnoe-proteinovoe-proteinrex-brauni-klassicheskoe-50g-2000625153/
6056,https://dixy.ru/product/batonchik-glazirovannyy-chikalab-gretskiy-orekh-s-fistashkoy-45g-2000635712/
6057,https://dixy.ru/product/batonchik-myusli-wellbar-s-klyukvoy-i-medom-50g-2000622218/
6058,https://dixy.ru/product/shokolad-molochnyy-snaq-fabriq-s-fistashkovoy-pastoy-34g-2000635711/
6059,https://dixy.ru/product/pechene-sdobnoe-khlebnyy-spas-polovinki-apelsin-240g-2000603031/
6060,https://dixy.ru/product/pechene-zatyajnoe-grimaldi-so-vkusom-yabloka-i-koritsy-135g-2000608873/
6061,https://dixy.ru/product/pechene-glazirovannoe-rex-shokolad-klubnika-25g-2000650239/
6062,https://dixy.ru/product/pechene-glazirovannoe-rex-shokolad-25g-2000650235/
6063,https://dixy.ru/product/pechene-yubileynoe-zlakovoe-s-belym-shokoladom-128g-2000649833/
6064,https://dixy.ru/product/muchnoe-konditerskoe-izdelie-choco-pie-matcha-240g-2000649834/
6065,https://dixy.ru/product/pechene-yubileynoe-zlakovoe-s-temnym-shokoladom-128g-2000649835/
6066,https://dixy.ru/product/batonchik-nutgo-mindalnyy-34g-2000637514/
6067,https://dixy.ru/product/donat-fitnesshock-s-shokoladnoy-nachinkoy-70g-2000635716/
6068,https://dixy.ru/product/batonchik-glazirovannyy-chikalab-gretskiy-orekh-s-fistashkoy-45g-2000635712/
6069,https://dixy.ru/product/donat-fitnesshock-s-fistashkoy-70g-2000635715/
6070,https://dixy.ru/product/donat-fitnesshock-s-malinovoy-nachinkoy-70g-2000635713/
6071,https://dixy.ru/product/batonchik-chikalab-malina-s-fistashkoy-i-khrustyashchim-testom-45g-2000636173/
6072,https://dixy.ru/product/donat-fitnesshock-s-vanilnoy-nachinkoy-70g-2000637952/
6073,https://dixy.ru/product/khlopya-agro-alyans-pshenno-risovye-400g-2000609277/
6074,https://dixy.ru/product/palochki-kukuruznye-kuzya-lakomkin-sladkie-140g-2000177672/
6075,https://dixy.ru/product/khlopya-ovsyanye-lyubimye-traditsii-gerkules-400g-2000601251/
6076,https://dixy.ru/product/myusli-matti-s-bananom-i-shokoladom-250g-2000282836/
6077,https://dixy.ru/product/gotovyy-zavtrak-khrutka-khlopya-medovye-270g-2000349896/
6078,https://dixy.ru/product/khlopya-lyubyatovo-kukuruznye-600g-2000310984/
6079,https://dixy.ru/product/myusli-ogo-zapechennye-s-orekhom-s-yablokom-300g-2000645991/
6080,https://dixy.ru/product/myusli-olifeolayf-so-vkusom-solenoy-karameli-280g-2000630673/
6081,https://dixy.ru/product/podushechki-lyubyatovo-shokoladnye-500g-2000335321/
6082,https://dixy.ru/product/gotovyy-zavtrak-khrutka-duo-shariki-650g-2000548514/
6083,https://dixy.ru/product/podushechki-lyubyatovo-s-shokoladnoy-nachinkoy-220g-2000534773/
6084,https://dixy.ru/product/khlopya-ovsyanye-olifeolayf-500g-2000631611/
6085,https://dixy.ru/product/ris-russkiy-desert-vozdushnye-zerna-2000322939/
6086,https://dixy.ru/product/gotovyy-zavtrak-khrutka-khlopya-kukuruznye-290g-2000122599/
6087,https://dixy.ru/product/khlopya-nordic-grechnevye-400g-2000629791/
6088,https://dixy.ru/product/myusli-zapechennye-olifeolayf-s-orekhom-280g-2000635571/
6089,https://dixy.ru/product/khlopya-olifeolayf-4-zlaka-400g-2000638191/
6090,https://dixy.ru/product/gotovyy-zavtrak-khrutka-shariki-shokoladnye-650g-2000571439/
6091,https://dixy.ru/product/gotovyy-zavtrak-khrutka-duo-shariki-200g-2000627396/
6092,https://dixy.ru/product/podushechki-lyubyatovo-s-molochnoy-nachinkoy-220g-2000545731/
6093,https://dixy.ru/product/gotovyy-zavtrak-kidsi-rakushki-shokoladnye-glazirovannye-250g-2000617732/
6094,https://dixy.ru/product/khlopya-lyubyatovo-kukuruznye-medovye-250g-tst0042378/
6095,https://dixy.ru/product/granola-extra-molochnyy-shokolad-300g-2000569572/
6096,https://dixy.ru/product/myusli-matti-s-ejevikoy-i-malinoy-250g-2000326112/
6097,https://dixy.ru/product/khlopya-lyubyatovo-kukuruznye-300g-2000290424/
6098,https://dixy.ru/product/granola-yasno-solnyshko-klubnika-persik-mindal-250g-2000608112/
6099,https://dixy.ru/product/granola-extrasi-frukty-yagody-orekh-300g-2000587431/
6100,https://dixy.ru/product/vozdushnaya-pshenitsa-ogo-s-medomkaramelyu-v-assortimente-150g-2000608053/
6101,https://dixy.ru/product/gotovyy-zavtrak-khrutka-klubnichno-vanilnoe-nastroenie-210g-2000581452/
6102,https://dixy.ru/product/kasha-ovsyanaya-gerkules-klubnika-banan-40g-2000640872/
6103,https://dixy.ru/product/khlebtsy-rjanye-magic-grain-semena-lna-kunjuta-i-podsolnechnika-160g-2000309315/
6104,https://dixy.ru/product/khleb-elizaveta-vafelnyy-rjanoy-75g-t000020810/
6105,https://dixy.ru/product/khleb-elizaveta-vafelnyy-lnyanoy-55g-2000315424/
6106,https://dixy.ru/product/khlebtsy-molodtsy-layt-vafelnye-70-g-2000163909/
6107,https://dixy.ru/product/khlebtsy-tselnozernovye-fitneslayn-mineral-plyus-100g-t000024332/
6108,https://dixy.ru/product/khlebtsy-molodtsy-fitnes-liniya-tselnozernovye-100g-tst0039957/
6109,https://dixy.ru/product/khlebtsy-molodtsy-vafelnye-layt-rjanye-70g-2000072099/
6110,https://dixy.ru/product/khlebtsy-fitstart-vkus-v-assortimente-100g-2000298223/
6111,https://dixy.ru/product/khlebtsy-risovye-drkorner-s-pesto-i-parmezanom-80g-2000607291/
6112,https://dixy.ru/product/khlebtsy-shchedrye-rjanye-tonkie-170g-2000288000/
6113,https://dixy.ru/product/khlebtsy-borodinskie-shchedrye-khrustyashchie-100g-2000193850/
6114,https://dixy.ru/product/khlebtsy-drkorner-khrustyashchie-grechnevye-s-vitaminami-100g-2000136520/
6115,https://dixy.ru/product/khlebtsy-pshenichnye-olifeolayf-tselnozernovye-100g-2000635613/
6116,https://dixy.ru/product/khlebtsy-drkorner-kukuruzno-risovye-karamelnye-90g-2000271583/
6117,https://dixy.ru/product/khlebtsy-kruazett-borodinskie-tonkie-s-koriandrom-200g-2000646731/
6118,https://dixy.ru/product/khlebtsy-magic-grain-protein-s-kunjutom-160g-2000641973/
6119,https://dixy.ru/product/khlebtsy-kruazett-rjanye-tonkie-200g-2000163917/
6120,https://dixy.ru/product/askorbinka-so-vkusom-klubniki-30g-2000616191/
6121,https://dixy.ru/product/khlebtsy-ogo-kukuruznye-75-g-2000273681/
6122,https://dixy.ru/product/khlebtsy-drkorner-rjanye-s-semenami-lna-100g-2000612311/
6123,https://dixy.ru/product/khlebtsy-drkorner-rjanye-klassicheskie-100g-2000612312/
6124,https://dixy.ru/product/gematogen-s-vitaminom-s-40g-2000616131/
6125,https://dixy.ru/product/bad-awochactive-omega-3-60sht-2000622873/
6126,https://dixy.ru/product/bad-awochactive-vitamin-d3k2-60sht-2000622871/
6127,https://dixy.ru/product/bad-awochactive-kollagen-morskoy-60sht-2000622872/
6128,https://dixy.ru/product/sukhariki-kruazett-krispy-tayskiy-chili-70g-2000627671/
6129,https://dixy.ru/product/sukhariki-kruazett-krispy-tomat-i-bazilik-70g-2000627672/
6130,https://dixy.ru/product/bad-k-pishche-askorbinka-51g-2000634891/
6131,https://dixy.ru/product/khlebtsy-shchedrye-rjanye-100g-2000163918/
6132,https://dixy.ru/product/khlebtsy-risovye-drkorner-smetana-i-zelen-80g-2000577011/
6133,https://dixy.ru/product/gotovyy-zavtrak-khrutka-khlopya-medovye-270g-2000349896/
6134,https://dixy.ru/product/khlopya-lyubyatovo-kukuruznye-600g-2000310984/
6135,https://dixy.ru/product/gotovyy-zavtrak-khrutka-khlopya-kukuruznye-290g-2000122599/
6136,https://dixy.ru/product/khlopya-lyubyatovo-kukuruznye-medovye-250g-tst0042378/
6137,https://dixy.ru/product/khlopya-lyubyatovo-kukuruznye-300g-2000290424/
6138,https://dixy.ru/product/khlopya-kukuruznye-extra-goldenextrasi-med-koritsa-250g-2000577612/
6139,https://dixy.ru/product/khlopya-kukuruznye-khrutka-700g-2000351632/
6140,https://dixy.ru/product/vino-luna-llena-shardone-rezerva-beloe-sukhoe-075l-2000527083/
6141,https://dixy.ru/product/vino-mapuche-chardonnay-beloe-sukhoe-075l-2000560854/
6142,https://dixy.ru/product/vino-astrale-pinot-grigio-beloe-sukhoe-05l-2000619751/
6143,https://dixy.ru/product/vino-mare--grill-vinho-verde-beloe-polusukhoe-075l-2000588317/
6144,https://dixy.ru/product/vino-la-casada-pinot-grigio-beloe-sukhoe-075l-2000161670/
6145,https://dixy.ru/product/vino-monastyrskaya-trapeza-krasnoe-polusladkoe-10-12-1-l-2000196451/
6146,https://dixy.ru/product/vino-stolovoe-creadora-krasnoe-sukhoe-1-l-2000271062/
6147,https://dixy.ru/product/vino-monastyrskaya-trapeza-krasnoe-sukhoe-1l-2000292684/
6148,https://dixy.ru/product/vino-albert-shmidt-vajnaya-dama-belpsltpak-1l-2000412143/
6149,https://dixy.ru/product/vino-stolovoe-dusha-kryma-belpsl-1l-tpak-2000516732/
6150,https://dixy.ru/product/vino-beloe-polusladkoe-gornaya-grozd-2-l-2000544452/
6151,https://dixy.ru/product/vino-albert-shmidt-vajnaya-dama-krpsltpak-1l-2000412144/
6152,https://dixy.ru/product/vino-dolce-argentina-muscat-beloe-sladkoe-1l-2000427232/
6153,https://dixy.ru/product/vino-risling-belsukh-tp-1l-2000144813/
6154,https://dixy.ru/product/vino-kadryanochka-muskat-beloe-polusladkoe-1l-2000173491/
6155,https://dixy.ru/product/vino-monastyrskaya-trapeza-beloe-polusladkoe-10-12-1l-2000196452/
6156,https://dixy.ru/product/vino-aligero-pinot-grigio-beloe-sukhoe-075l-2000201590/
6157,https://dixy.ru/product/vino-cape-dreams-chenin-blanc-beloe-sukhoe-075l-2000175281/
6158,https://dixy.ru/product/vino-tini-byanko-beloe-sukh11-075l-2000047979/
6159,https://dixy.ru/product/vino-valensiya-baron-de-valls-belpsukh-115-075l-2000002486/
6160,https://dixy.ru/product/vino-campo-delia-la-mancha-airen-beloe-sukhoe-075-l-2000276772/
6161,https://dixy.ru/product/vino-anneau-de-la-vie-beloe-polusladkoe-105-075-l-2000167203/
6162,https://dixy.ru/product/vino-psou-belpsl-075l-2000155891/
6163,https://dixy.ru/product/vino-sol-de-chili-sovinon-blan-shardbsukh075l-2000272840/
6164,https://dixy.ru/product/vino-stolovoe-kadryanochka-shardone-beloe-polusladkoe-1l-2000282540/
6165,https://dixy.ru/product/vino-del-palio-trebbyano-belsukh-075l-2000284006/
6166,https://dixy.ru/product/vino-moloko-lyubimoy-jenshchiny-beloe-polusladkoe-075l-2000176632/
6167,https://dixy.ru/product/vino-stolovoe-kadryanochka-beloe-polusladkoe-1-l-2000173488/
6168,https://dixy.ru/product/vino-villa-grande-stolbelpsl10-12-1l-2000160203/
6169,https://dixy.ru/product/vino-krymskiy-pogrebok-shardone-belpsl-075l-2000203889/
6170,https://dixy.ru/product/brendi-krymskiy-status-40-025l-2000537493/
6171,https://dixy.ru/product/brendi-krymskiy-status-40-05l-2000537492/
6172,https://dixy.ru/product/brendi-torres-10-gran-reserva-38-05l-2000000832/
6173,https://dixy.ru/product/brendi-jan-pol-shene-kho-36-05l-2000294535/
6174,https://dixy.ru/product/brendi-grand-of-lords-marochnyy-40-05l-2000293988/
6175,https://dixy.ru/product/brendi-tores-5-solera-rezerva-38-05l-2000261516/
6176,https://dixy.ru/product/napitok-spirtnoy-metaxa-5-zvezd-38-05-l-2000335612/
6177,https://dixy.ru/product/brendi-kizlyarskiy-marochnyy-40-05l-2000296504/
6178,https://dixy.ru/product/brendi-kizlyarskiy-marochnyy-40-025l-2000315423/
6179,https://dixy.ru/product/brendi-fathers-old-barrel-40-025l-2000325069/
6180,https://dixy.ru/product/brendi-barrel-40-05l-2000325070/
6181,https://dixy.ru/product/brendi-derbentskaya-krepost-375-05l-2000339120/
6182,https://dixy.ru/product/brendi-derbentskaya-krepost-375-025-l-2000339118/
6183,https://dixy.ru/product/brendi-krymskiy-status-40-01l-2000545105/
6184,https://dixy.ru/product/brendi-shustoff-40-500-ml-2000516253/
6185,https://dixy.ru/product/brendi-fathers-old-barrel-40-01l-2000545106/
6186,https://dixy.ru/product/kokteyl-barrel-so-vkusom-mindalya-40-05l-2000629072/
6187,https://dixy.ru/product/brendi-stareyshina-40-05l-2000648912/
6188,https://dixy.ru/product/brendi-stareyshina-40-025l-2000648911/
6189,https://dixy.ru/product/brendi-stareyshina-40-035l-2000650353/
6190,https://dixy.ru/product/napitok-aromatizirovannyy-martini-bianco-belyy-sladkiy-15-05l-2000003845/
6191,https://dixy.ru/product/napitok-aromatizirovannyy-vermut-santo-stefano-bianco-belyy-sladkiy-135-05l-2000300735/
6192,https://dixy.ru/product/napitok-aromatizirovannyy-martini-fiero-sladkiy-149-075l-2000412572/
6193,https://dixy.ru/product/napitok-aromatizirovannyy-martini-fiero-sladkiy-149-1l-2000326171/
6194,https://dixy.ru/product/naposobfruktvermut-santo-stefano-byanko-sl-05l-2000402450/
6195,https://dixy.ru/product/vermut-delasy-botanica-bianco-sladkiy-15-1-l-2000067259/
6196,https://dixy.ru/product/napitok-aromatizirovannyy-martini-fiero-sladkiy-149-05l-2000412712/
6197,https://dixy.ru/product/naposobfruktvermut-santo-stefano-byanko-sl-1l-2000396871/
6198,https://dixy.ru/product/napitok-aromatizirovannyy-martini-fiero-149-1ltonik-rich-2kh033l-2000404040/
6199,https://dixy.ru/product/napitok-aromatizirovannyy-martini-extra-dry-belyy-sukhoy-18-1l-2000401560/
6200,https://dixy.ru/product/napitok-aromatizirovannyy-martini-bianco-belyy-sladkiy-15-075l-2000412571/
6201,https://dixy.ru/product/napitok-plodovyy-santo-stefano-aperini-135-1-l-2000527714/
6202,https://dixy.ru/product/vermut-santo-stefano-bianco-sladkiy-1l-2000527711/
6203,https://dixy.ru/product/napitok-aromatizirovannyy-vermut-cinzano-bianco-belyy-sladkiy-15-05l-tst0018002/
6204,https://dixy.ru/product/vermut-cinzano-bianco-belyy-sladkiy-15-1l-di00079656/
6205,https://dixy.ru/product/vermut-santo-stefano-byanko-sladkoe-075l-2000626751/
6206,https://dixy.ru/product/napitok-aromatizirovannyy-martini-bianco-belyy-sladkiy-1l-2000649472/
6207,https://dixy.ru/product/napitok-aromatizirovannyy-martini-bianco-1ltonik-rich-2kh033l-2000650392/
6208,https://dixy.ru/product/vino-igristoe-di-caspico-beloe-bryut-075l-2000590372/
6209,https://dixy.ru/product/vino-miriades-kaberne-sovinon-kaberne-fran-krasnoe-sukhoe-075l-2000622831/
6210,https://dixy.ru/product/vino-astrale-rosso-krasnoe-sukhoe-05l-2000619752/
6211,https://dixy.ru/product/vino-igristoe-di-caspico-beloe-polusladkoe-075l-2000592592/
6212,https://dixy.ru/product/vino-igristoe-prosecco-foscaro-beloe-sukhoe-15-075l-2000331413/
6213,https://dixy.ru/product/vino-luna-llena-shardone-rezerva-beloe-sukhoe-075l-2000527083/
6214,https://dixy.ru/product/vino-mapuche-chardonnay-beloe-sukhoe-075l-2000560854/
6215,https://dixy.ru/product/vino-astrale-krasnoe-sukhoe-14-075l-2000304514/
6216,https://dixy.ru/product/vino-astrale-pinot-grigio-beloe-sukhoe-05l-2000619751/
6217,https://dixy.ru/product/vino-rozovoe-bryut-la-petite-perle-igristoe-025l-2000545411/
6218,https://dixy.ru/product/vino-igristoe-perle-beloe-bryut-025l-2000516041/
6219,https://dixy.ru/product/vino-igristoe-dominioni-prosecco-beloe-sukhoe-075l-2000284860/
6220,https://dixy.ru/product/vino-mare--grill-vinho-verde-beloe-polusukhoe-075l-2000588317/
6221,https://dixy.ru/product/vino-vinder-tempranilo-krasnoe-sukhoe-075l-2000578120/
6222,https://dixy.ru/product/vino-igristoe-chateau-shugo-beloe-sladkoe-075l-2000626011/
6223,https://dixy.ru/product/vino-igristoe-martini-asti-beloe-sladkoe-75-075l-2000000951/
6224,https://dixy.ru/product/vino-quintessence-cabernet-sauvignon-krasnoe-sukhoe-075l-2000630131/
6225,https://dixy.ru/product/vino-la-casada-pinot-grigio-beloe-sukhoe-075l-2000161670/
6226,https://dixy.ru/product/vino-valencia-baron-de-valls-krasnoe-polusukhoe-115-075-l-2000002485/
6227,https://dixy.ru/product/vino-ordinarnoe-lykhny-krasnoe-polusladkoe-10-075l-2000148363/
6228,https://dixy.ru/product/vino-fanagoria-nomernoy-rezerv-kaberne-krasnoe-sukhoe-075l-2000005804/
6229,https://dixy.ru/product/vino-apsny-krasnoe-polusladkoe-075l-2000148358/
6230,https://dixy.ru/product/vino-fanagoria-nomernoy-rezerv-saperavi-krasnoe-sukhoe-075l-2000161713/
6231,https://dixy.ru/product/vino-stolovoe-kadryanochka-krasnoe-polusladkoe-1-l-2000173487/
6232,https://dixy.ru/product/vino-fanagoria-nomernoy-rezerv-merlo-krasnoe-sukhoe-075-l-2000005795/
6233,https://dixy.ru/product/vino-tavridia-pinot-noir-crimea-krasnoe-polusladkoe-075-l-2000259012/
6234,https://dixy.ru/product/vino-poggio-ai-santi-sangiovese-puglia-krasnoe-sukhoe-075l-2000143188/
6235,https://dixy.ru/product/vino-chegem-krasnoe-sukhoe-11-075l-2000155893/
6236,https://dixy.ru/product/vino-broyanitsa-vranats-krsukh075l-2000277139/
6237,https://dixy.ru/product/vino-anneau-de-la-vie-krasnoe-polusladkoe-105-075-l-2000167202/
6238,https://dixy.ru/product/viski-jack-daniels-tennessee-40-07l-2000336327/
6239,https://dixy.ru/product/viski-shotlandskiy-ballantines-finest-40-05l-2000015330/
6240,https://dixy.ru/product/viski-jack-daniels-blackberry-35-07l-2000637471/
6241,https://dixy.ru/product/viski-jim-beam-40-07l-2000008384/
6242,https://dixy.ru/product/viski-darrow-shotlandskiy-kupajirovannyy-40-05l-2000428400/
6243,https://dixy.ru/product/viski-dewars-white-label-40-05-l-1100075617/
6244,https://dixy.ru/product/viski-irlandskiy-jameson-kupajirovannyy-40-07l-2000001525/
6245,https://dixy.ru/product/viski-ballantines-finest-40-07l-2000160208/
6246,https://dixy.ru/product/viski-johnnie-walker-red-label-kupajirovannyy-40-07l-2000156141/
6247,https://dixy.ru/product/viski-william-lawsons-40-07l-2000205369/
6248,https://dixy.ru/product/viski-shotlandskiy-johnnie-walker-red-label-40-05-l-2000001393/
6249,https://dixy.ru/product/viski-chivas-regal-12-let-40-05-l-podarochnaya-upakovka-2000003189/
6250,https://dixy.ru/product/viski-bells-oridjinalbells-original-40-07l-2000152483/
6251,https://dixy.ru/product/viski-klan-makgregorclan-macgregor-kupaj40-05l-2000182181/
6252,https://dixy.ru/product/viski-jameson-40-05l-2000160209/
6253,https://dixy.ru/product/viski-glen-igls-6-let-flyaga-40-05l-2000307504/
6254,https://dixy.ru/product/viski-william-lawsons-kupajirovannyy-40-05l-2000228514/
6255,https://dixy.ru/product/viski-makkalister-40-05l-2000297669/
6256,https://dixy.ru/product/viski-shotlandskiy-glen-stag-40-02l-2000292756/
6257,https://dixy.ru/product/viski-johnnie-walker-red-label-40-02-l-2000281226/
6258,https://dixy.ru/product/viski-shotlandskiy-glenfiddich-odnosolodovyy-12-let-40-05l-2000268847/
6259,https://dixy.ru/product/viski-auchentoshan-american-oak-40-07l-podarochnaya-upakovka-2000314051/
6260,https://dixy.ru/product/viski-foxdogs-kupajirovannyy-40-07-l-2000322028/
6261,https://dixy.ru/product/viski-scotch-terrier-kupajirovannyy-40-07l-2000346219/
6262,https://dixy.ru/product/viski-scotch-terrier-40-05l-2000282583/
6263,https://dixy.ru/product/viski-shotlandskiy-vilyam-lousons-40-02l-2000292753/
6264,https://dixy.ru/product/viski-william-lawsons-super-chili-35-07l-2000400777/
6265,https://dixy.ru/product/viski-white-horse-kupajirovannyy-40-05-l-2000300881/
6266,https://dixy.ru/product/viski-shotlandskiy-glenfoyl-40-05l-2000410596/
6267,https://dixy.ru/product/viski-shotlandskiy-bells-original-kupajirovannyy-40-02l-2000281224/
6268,https://dixy.ru/product/vodka-pechora-40-05l-2000615035/
6269,https://dixy.ru/product/vodka-stolichnaya-40-05l-10a0035965/
6270,https://dixy.ru/product/vodka-prazdnichnaya-40-05l-10a0035972/
6271,https://dixy.ru/product/vodka-belaya-berezka-40-05l-2000001321/
6272,https://dixy.ru/product/vodka-russkiy-standart-40-1l-2000001354/
6273,https://dixy.ru/product/vodka-moskovskaya-osobaya-40-05l-1100075601/
6274,https://dixy.ru/product/vodka-myagkov-serebryanayaalfa-40-05l-2000002566/
6275,https://dixy.ru/product/vodka-russkiy-standart-40-05l-10e0074193/
6276,https://dixy.ru/product/vodka-zimnyaya-doroga-nochnaya-40-05l-2000152484/
6277,https://dixy.ru/product/vodka-s-serebrom-40-05-l-2000188347/
6278,https://dixy.ru/product/vodka-zakaznaya-40-05l-2000207156/
6279,https://dixy.ru/product/vodka-pervak-domashniy-pshenichnyy-osobaya-40-05l-2000219332/
6280,https://dixy.ru/product/vodka-zelenaya-marka-kedrovaya-osobaya-40-025l-2000019758/
6281,https://dixy.ru/product/vodka-perepelka-derevenskaya-40-05l-2000255332/
6282,https://dixy.ru/product/vodka-zimnyaya-doroga-40-05l-2000152682/
6283,https://dixy.ru/product/vodka-pyat-ozer-40-05l-2000015350/
6284,https://dixy.ru/product/vodka-belenkaya-lyuks-40-025l-2000182236/
6285,https://dixy.ru/product/vodka-veda-40-05l-2000167268/
6286,https://dixy.ru/product/vodka-pyat-ozer-premium-40-07l-2000196455/
6287,https://dixy.ru/product/vodka-telnyashka-40-05l-2000204229/
6288,https://dixy.ru/product/vodka-pyatnitsa-dobraya-40-05l-2000202994/
6289,https://dixy.ru/product/vodka-khortitsya-serebryanaya-prokhlada-osobaya-40-05-l-2000203892/
6290,https://dixy.ru/product/vodka-khortitsya-platinum-40-05-l-2000203894/
6291,https://dixy.ru/product/vodka-zakaznaya-40-025l-2000207158/
6292,https://dixy.ru/product/vodka-graf-ledoff-40-05l-2000211064/
6293,https://dixy.ru/product/vodka-kalina-krasnaya-40-025l-2000225132/
6294,https://dixy.ru/product/vodka-tundra-authentic-40-05l-2000255311/
6295,https://dixy.ru/product/vodka-zimnyaya-doroga-40-07l-2000183505/
6296,https://dixy.ru/product/vodka-beluga-noble-40-05l-2000158754/
6297,https://dixy.ru/product/vodka-osobaya-pervak-domashniy-solodovyy-40-05l-2000291406/
6298,https://dixy.ru/product/djin-beefeater-london-dry-gin-05-l-10j0078763/
6299,https://dixy.ru/product/djin-londonskiy-gordons-sukh40-075l-2000264097/
6300,https://dixy.ru/product/djin-white-lace-40-05l-2000194849/
6301,https://dixy.ru/product/djin-barrister-dry-gin-40-05l-2000299105/
6302,https://dixy.ru/product/djin-frimen-40-05l-2000332395/
6303,https://dixy.ru/product/djin-barrister-pink-40-05-l-2000404832/
6304,https://dixy.ru/product/djin-green-baboon-citrus-40-05l-2000527576/
6305,https://dixy.ru/product/djin-barrister-pink-40-07l-2000331027/
6306,https://dixy.ru/product/djin-greenball-pink-gin-38-05-l-2000431515/
6307,https://dixy.ru/product/djin-greenball-38-05-l-2000431514/
6308,https://dixy.ru/product/djin-white-lace-40-025-l-2000517972/
6309,https://dixy.ru/product/napitok-spirtnoy-gordons-375-07l-pink-2000336807/
6310,https://dixy.ru/product/djin-jj-whitley-rozovaya-vishnya-40-05-l-2000553011/
6311,https://dixy.ru/product/djin-london-djin-ser-tompson-38-07l-2000551732/
6312,https://dixy.ru/product/nastoyka-polusladkaya-whitley-neill-krasnyy-apelsin-40-07l-2000556214/
6313,https://dixy.ru/product/djin-green-baboon-old-tom-40-050l-2000584221/
6314,https://dixy.ru/product/nastoyka-polusladkaya-whitley-neill-malina-40-07-l-2000556212/
6315,https://dixy.ru/product/djin-jj-whitley-mangopapaya-40-05-l-2000553012/
6316,https://dixy.ru/product/djin-gin-lane-40-05l-2000589294/
6317,https://dixy.ru/product/djin-jupiter-40-05l-2000590912/
6318,https://dixy.ru/product/djin-barrister-blue-40-07l-2000336482/
6319,https://dixy.ru/product/djin-gordons-london-sukhoy-375-07l-2000517203/
6320,https://dixy.ru/product/djin-barrister-dry-40-07l-2000625531/
6321,https://dixy.ru/product/djin-bombay-sapphire-sukhoy-40-07l-2000638393/
6322,https://dixy.ru/product/djin-barrister-love-is-43-07l-2000643071/
6323,https://dixy.ru/product/djin-barrister-dry-40-025l-2000647952/
6324,https://dixy.ru/product/medovukha-mjolnir-dykhanie-odina-imbirnyy-el-47-05l-2000613491/
6325,https://dixy.ru/product/sidr-sladkiy-mister-lis-gazirovannyy-45-jb-043l-2000291956/
6326,https://dixy.ru/product/sidr-svetlyy-mister-lis-grusha-45-043l-2000315203/
6327,https://dixy.ru/product/sidr-igristyy-sovetskoe-igristoe-bel-psl-075l-2000407627/
6328,https://dixy.ru/product/sidr-sladkiy-bon-season-pasterizovannyy-45-043l-2000537153/
6329,https://dixy.ru/product/sidr-svetlyy-mister-lis-gazirovannyy-45-1l-2000538138/
6330,https://dixy.ru/product/sidr-chesters-vishnya-5-045l-2000574971/
6331,https://dixy.ru/product/sidr-gorkovskaya-pivovarnya-yablochnyy-5-045l-2000569831/
6332,https://dixy.ru/product/sidr-bon-season-grusha-45-043l-2000564434/
6333,https://dixy.ru/product/sidr-bon-season-grusha-45-04l-2000564437/
6334,https://dixy.ru/product/sidr-mister-lis-roze-polusukhoy-55-04l-2000642014/
6335,https://dixy.ru/product/sidr-mister-lis-spelaya-vishnya-sladkiy-45-04l-2000642015/
6336,https://dixy.ru/product/medovukha-mjolnir-plata-mimira-golubika-orekh-47-05l-2000642914/
6337,https://dixy.ru/product/sidr-mjolnir-bessmertie-idunn-yablochnyy-47-05l-2000642913/
6338,https://dixy.ru/product/sidr-chesters-lesnye-yagody-5-045l-2000591911/
6339,https://dixy.ru/product/pivnoy-napitok-ochakovo-so-vkusom-mokhito-klubnichnyy-7-045l-2000597391/
6340,https://dixy.ru/product/napitok-pivnoy-ochakovo-dt-7-045l-2000597394/
6341,https://dixy.ru/product/napitok-pivnoy-nemiroff-ejevika-rom-laym-7-033l-2000597012/
6342,https://dixy.ru/product/napitok-pivnoy-ginbeer-pitakhayya-i-mango-69-043l-2000601714/
6343,https://dixy.ru/product/sidr-vasileostrovskaya-pivovarnya-igristyy-polusladkiy-47-075l-2000590071/
6344,https://dixy.ru/product/pivnoy-napitok-ochakovo-dt-7-045l-2000597393/
6345,https://dixy.ru/product/sidr-chesters-yabloko-polusukhoy-5-045l-2000594931/
6346,https://dixy.ru/product/sidr-grushevyy-chesters-poire-5-045l-2000588332/
6347,https://dixy.ru/product/napitok-pivnoy-gorkovskaya-pivovarnya-stout-shokolad-vanil-62-033l-2000599454/
6348,https://dixy.ru/product/sidr-bon-season-rose-polusukhoy-slabogazirovannyy-57-04l-2000589815/
6349,https://dixy.ru/product/napitok-pivnoy-ginbeer-ejevika-i-laym-69-043l-2000601715/
6350,https://dixy.ru/product/napitok-pivnoy-nemiroff-golubye-gavayi-7-033l-2000597011/
6351,https://dixy.ru/product/pivnoy-napitok-ochakovo-so-vkusom-mokhito-7-045l-2000597395/
6352,https://dixy.ru/product/napitok-pivnoy-ochakovo-dt-7-09l-2000597392/
6353,https://dixy.ru/product/sidr-igristyy-vasileostrovskaya-pivovarnya-brut-sukhoy-5-033l-2000611513/
6354,https://dixy.ru/product/konyak-stareyshina-travel-5-let-40-025l-2000299504/
6355,https://dixy.ru/product/konyak-armyanskiy-ararat-3-goda-3-zvezdy-05-l-1100074611/
6356,https://dixy.ru/product/konyak-vyderjannyy-stareyshina-kv-7-let-40-05l-2000167225/
6357,https://dixy.ru/product/konyak-hennessy-vs-40-05-l-podarochnaya-upakovka-2000208231/
6358,https://dixy.ru/product/konyak-courvoisier-vsop-40-05-l-podarochnaya-upakovka-2000038659/
6359,https://dixy.ru/product/konyak-courvoisier-vs-40-07l-2000037440/
6360,https://dixy.ru/product/konyak-courvoisier-vs-40-05l-2000038579/
6361,https://dixy.ru/product/konyak-zolotoy-rezerv-5-let-40-05l-2000167221/
6362,https://dixy.ru/product/konyak-kinovskiy-3-goda-40-01l-2000021818/
6363,https://dixy.ru/product/konyak-remy-martin-vs-40-05-l-2000003851/
6364,https://dixy.ru/product/konyak-zolotoy-rezerv-rossiyskiy-5-let-40-01l-2000277709/
6365,https://dixy.ru/product/konyak-fathers-old-barrel-5-let-40-05l-2000296964/
6366,https://dixy.ru/product/konyak-armyanskiy-shakhnazaryan-5-let-40-05l-2000297748/
6367,https://dixy.ru/product/konyak-rossiyskiy-solnechnyy-bereg-5-let-40-05l-2000194847/
6368,https://dixy.ru/product/konyak-pyatiletniy-5-40-05l-2000207160/
6369,https://dixy.ru/product/konyak-martell-vs-40-podarochnaya-upakovka-05-l-2000291248/
6370,https://dixy.ru/product/konyak-rossiyskiy-bastion-5-let-40-05l-2000311086/
6371,https://dixy.ru/product/konyak-pyatiletniy-5-zvezd-40-025l-2000207162/
6372,https://dixy.ru/product/konyak-staryy-kenigsberg-kv-vyderjannyy-40-05l-2000242471/
6373,https://dixy.ru/product/konyak-armyanskiy-noy-traditsionnyy-5-let-40-05l-2000215685/
6374,https://dixy.ru/product/konyak-pyatiletniy-5-zvezd-40-01l-2000218571/
6375,https://dixy.ru/product/konyak-dagestanskiy-5-let-40-025l-2000277042/
6376,https://dixy.ru/product/konyak-stareyshina-3-goda-40-05l-2000266699/
6377,https://dixy.ru/product/konyak-shustov-5-let-40-05l-2000271685/
6378,https://dixy.ru/product/konyak-rossiyskiy-ardeli-5-let-40-05l-2000287064/
6379,https://dixy.ru/product/konyak-rossiyskiy-pyatiletniy-dagestan-05l-2000267586/
6380,https://dixy.ru/product/konyak-kinovskiy-3-goda-40-025l-2000277704/
6381,https://dixy.ru/product/konyak-kinovskiy-5-let-40-05l-2000248532/
6382,https://dixy.ru/product/konyak-rosspyatiletniy-5-zvezd-40-05l-2000259832/
6383,https://dixy.ru/product/konyak-graf-usov-rossiyskiy-7let-40-05l-2000296505/
6384,https://dixy.ru/product/vino-miriades-kaberne-sovinon-kaberne-fran-krasnoe-sukhoe-075l-2000622831/
6385,https://dixy.ru/product/vino-astrale-rosso-krasnoe-sukhoe-05l-2000619752/
6386,https://dixy.ru/product/vino-astrale-krasnoe-sukhoe-14-075l-2000304514/
6387,https://dixy.ru/product/vino-vinder-tempranilo-krasnoe-sukhoe-075l-2000578120/
6388,https://dixy.ru/product/vino-quintessence-cabernet-sauvignon-krasnoe-sukhoe-075l-2000630131/
6389,https://dixy.ru/product/vino-valencia-baron-de-valls-krasnoe-polusukhoe-115-075-l-2000002485/
6390,https://dixy.ru/product/vino-ordinarnoe-lykhny-krasnoe-polusladkoe-10-075l-2000148363/
6391,https://dixy.ru/product/vino-fanagoria-nomernoy-rezerv-kaberne-krasnoe-sukhoe-075l-2000005804/
6392,https://dixy.ru/product/vino-apsny-krasnoe-polusladkoe-075l-2000148358/
6393,https://dixy.ru/product/vino-fanagoria-nomernoy-rezerv-saperavi-krasnoe-sukhoe-075l-2000161713/
6394,https://dixy.ru/product/vino-stolovoe-kadryanochka-krasnoe-polusladkoe-1-l-2000173487/
6395,https://dixy.ru/product/vino-fanagoria-nomernoy-rezerv-merlo-krasnoe-sukhoe-075-l-2000005795/
6396,https://dixy.ru/product/vino-tavridia-pinot-noir-crimea-krasnoe-polusladkoe-075-l-2000259012/
6397,https://dixy.ru/product/vino-poggio-ai-santi-sangiovese-puglia-krasnoe-sukhoe-075l-2000143188/
6398,https://dixy.ru/product/vino-chegem-krasnoe-sukhoe-11-075l-2000155893/
6399,https://dixy.ru/product/vino-broyanitsa-vranats-krsukh075l-2000277139/
6400,https://dixy.ru/product/vino-anneau-de-la-vie-krasnoe-polusladkoe-105-075-l-2000167202/
6401,https://dixy.ru/product/vino-tini-rosso-krasnoe-sukhoe-115-075l-2000047959/
6402,https://dixy.ru/product/vino-castillo-murviedro-bobal-tempranillo-krasnoe-sukhoe-115-075-l-2000284329/
6403,https://dixy.ru/product/vino-kono-sur-tokornal-kaberne-sovkrpsukh-075l-2000052980/
6404,https://dixy.ru/product/vino-stolovoe-vranats-krassukh-1l-2000161676/
6405,https://dixy.ru/product/vino-don-simon-krasnoe-sukhoe-1-l-2000161704/
6406,https://dixy.ru/product/vino-krymskoe-nasledie-psl-krasnoe-stol075l-2000294211/
6407,https://dixy.ru/product/vino-chianti-aligero-krasnoe-sukhoe-075l-2000201572/
6408,https://dixy.ru/product/vino-cape-dreams-pinotage-krasnoe-sukhoe-075l-2000175282/
6409,https://dixy.ru/product/vino-yujnyy-bereg-tamani-krasnoe-sukhoe-molodoe-075-l-2000299444/
6410,https://dixy.ru/product/vino-inkerman-pinno-krasnoe-polusladkoe-07l-2000302048/
6411,https://dixy.ru/product/vino-vaucluse-cuvee-jean-paul-krasnoe-sukhoe-075-l-2000287465/
6412,https://dixy.ru/product/vino-akhun-krasnoe-psl-07l-2000189685/
6413,https://dixy.ru/product/vino-adja-krasnoe-polusladkoe-075-l-2000219094/
6414,https://dixy.ru/product/vino-kagor-kanonicheskiy-fanagoriya-krsladkoe-075l-2000001339/
6415,https://dixy.ru/product/vino-likernkagor-yujnoberejnyy-zgu-krkrym-075l-2000288887/
6416,https://dixy.ru/product/vino-kagor-broyanitsa-stolpoluslkr11-075l-2000273259/
6417,https://dixy.ru/product/portveyn-alushta-massandra-rozovyy-sladkiy-075-l-2000292677/
6418,https://dixy.ru/product/vino-likernoe-massandra-muskatel-belyy-16-075l-2000292712/
6419,https://dixy.ru/product/vino-fruktovoe-tri-topora-stolovoe-polusladkoe-14-07l-2000314563/
6420,https://dixy.ru/product/portveyn-alushta-massandra-belyy-sladkiy-075l-2000285946/
6421,https://dixy.ru/product/portveyn-krasnyy-massandra-zgu-krym-alushta-075l-2000285947/
6422,https://dixy.ru/product/vino-likerhoe-madera-krymskaya-075l-2000303589/
6423,https://dixy.ru/product/vino-kagornoe-krasnoe-polusladkoe-075l-2000417311/
6424,https://dixy.ru/product/vino-likernoe-massandra-muskatel-chernyy-16-075l-2000303584/
6425,https://dixy.ru/product/vino-kreplenoe-kagor-tamani-krasnoe-sladkoe-07-l-2000421408/
6426,https://dixy.ru/product/vino-kanonicheskie-traditsii-krasnoe-sladkoe-07-l-2000538691/
6427,https://dixy.ru/product/vino-paskhalnyy-zvon-krasnoe-sladkoe-07-l-2000538692/
6428,https://dixy.ru/product/vino-fruktovoe-tri-topora-polusladkoe-14-07l-2000393669/
6429,https://dixy.ru/product/vino-stolovoe-pravoslavnoe-krasslad07l-2000414912/
6430,https://dixy.ru/product/vino-likernoe-kagor-partenit-massandra-kras-075l-2000349298/
6431,https://dixy.ru/product/vino-kreplenoe-massandra-kagorgurzuf-krasnoe-sladkoe-075l-2000563371/
6432,https://dixy.ru/product/vino-kreplenoe-agdam-portveyn-beloe-sladkoe-075-l-2000555532/
6433,https://dixy.ru/product/vino-paskhalnoe-krasnoe-sladkoe-07l-2000589191/
6434,https://dixy.ru/product/vino-kagornoe-blagovest-krasnoe-sladkoe-07-l-2000563391/
6435,https://dixy.ru/product/vino-likernoe-kheres-tio-toto-fino-075l-2000592601/
6436,https://dixy.ru/product/vino-tri-topora-beloe-polusladkoe-12-07l-2000602891/
6437,https://dixy.ru/product/vino-avtorskoe-kagor-fanagoriya-krslad075l-2000416735/
6438,https://dixy.ru/product/vino-fanagoriya-kanonicheskoe-krasnoe-sladkoe-075-l-2000516938/
6439,https://dixy.ru/product/vino-likernoe-koktebel-kagor-krasnoe-sladkoe-075-l-2000538695/
6440,https://dixy.ru/product/portveyn-statement-fine-ruby-075l-2000628951/
6441,https://dixy.ru/product/vino-kreplenoe-massandra-kagor-krasnoe-075l-2000639031/
6442,https://dixy.ru/product/grappa-la-trentina-traditsionnaya-07-l-2000345600/
6443,https://dixy.ru/product/kalvados-ordinarnyy-ay-petri-rossiyskiy-38-05-l-2000409691/
6444,https://dixy.ru/product/liker-desertnyy-becherovka-original-38-05l-2000003724/
6445,https://dixy.ru/product/liker-cointreau-40-050l-2000038899/
6446,https://dixy.ru/product/liker-baileys-original-slivochnyy-17-07l-2000017559/
6447,https://dixy.ru/product/liker-istoriya-lyubvi-love-story-slivvkus-18-05l-2000143099/
6448,https://dixy.ru/product/liker-emulsoazis-kofe-so-slivkami-15-05l-2000196461/
6449,https://dixy.ru/product/napitok-spirtnoy-aperol-aperitivo-11-07l-2000258732/
6450,https://dixy.ru/product/napitok-spirtnoy-bells-spiced-35-05-l-2000300682/
6451,https://dixy.ru/product/liker-desertnyy-tundra-bitter-35-05-l-2000297265/
6452,https://dixy.ru/product/kokteyl-dijestiv-shustoff-chocolatier-shokolad-vanil-30-05l-2000306847/
6453,https://dixy.ru/product/liker-desertnyy-tseppelin-kofe-35-05l-2000417240/
6454,https://dixy.ru/product/liker-desertnyy-beluga-khanting-travyanoy-40-05l-2000296323/
6455,https://dixy.ru/product/liker-desertnyy-amaretto-22-05l-2000346379/
6456,https://dixy.ru/product/balzam-bugulma-40-025l-2000314050/
6457,https://dixy.ru/product/kokteyl-monte-chokomonte-shoko-40-05l-2000322884/
6458,https://dixy.ru/product/balzam-bugulma-40-05l-2000003723/
6459,https://dixy.ru/product/liker-jagermeister-35-02-l-2000324979/
6460,https://dixy.ru/product/napitok-spirtshnaps-sliva-mirab38-05l-2000520116/
6461,https://dixy.ru/product/liker-beluga-hunting-yagodnyy-025l-2000335234/
6462,https://dixy.ru/product/liker-desert-graf-ledoff-malina-1505l-2000524083/
6463,https://dixy.ru/product/liker-deserttundra-bitter-oranj-3505l-2000524127/
6464,https://dixy.ru/product/liker-desertnyy-kapuchino-18-05l-2000428588/
6465,https://dixy.ru/product/koktdijgrand-choko-vkus-shokvishn30-pu-05l-bok-2000528417/
6466,https://dixy.ru/product/balzam-karelskiy-balzam-45-05-l-2000409411/
6467,https://dixy.ru/product/kokteyl-shustoff-chocolatier-chocolatevanilla-30-025-l-2000517973/
6468,https://dixy.ru/product/liker-desertnyy-jagermeister-35-004-l-2000520498/
6469,https://dixy.ru/product/liker-sambuca-40-05l-2000551872/
6470,https://dixy.ru/product/balzam-bugulma-40-01-l-2000552472/
6471,https://dixy.ru/product/aperitiv-fathers-old-barrel-apricot-35-05l-2000520091/
6472,https://dixy.ru/product/nastoyka-gorkaya-piteynyy-dom-domashnyaya-klyukva-40-05l-2000550891/
6473,https://dixy.ru/product/nastoyka-psl-kapitanskiy-so-vkusom-roma-gold-05l-2000263996/
6474,https://dixy.ru/product/nastoyka-gorkaya-nemiroff-med-s-pertsem-40-05l-2000197088/
6475,https://dixy.ru/product/nastoyka-sladkaya-sormovskaya-klyukva-na-konyake-21-05l-2000156167/
6476,https://dixy.ru/product/nastoyka-sormovskaya-klyukva-na-konyake-21-025l-2000188363/
6477,https://dixy.ru/product/nastoyka-gorkaya-jguchiy-perchik-40-05l-2000196429/
6478,https://dixy.ru/product/nastoyka-polusladkaya-arkhangelskaya-brusnika-30-05l-2000307430/
6479,https://dixy.ru/product/nastoyka-gorkaya-medovukha-grechishnaya-s-aromatom-meda-40-05l-2000219534/
6480,https://dixy.ru/product/nastoyka-gorkaya-graf-ledoff-s-aromatom-klyukvy-40-05-l-2000254931/
6481,https://dixy.ru/product/nastoyka-gorkaya-sibbitter-kedrovyy-vyderjannyy-38-05-l-2000255691/
6482,https://dixy.ru/product/nastgorkviski-blek-batler-s-aromviski-4005l-2000233591/
6483,https://dixy.ru/product/nastoyka-sladkaya-doctor-august-chernosliv-na-konyake-05l-2000263255/
6484,https://dixy.ru/product/nastoyka-gorkaya-kalganoff-38-05l-2000299103/
6485,https://dixy.ru/product/nastoyka-sladkaya-zelenaya-marka-limon-29-05l-2000337329/
6486,https://dixy.ru/product/nastoyka-sladkaya-nemiroff-klyukva-na-konyake-21-05-l-2000285684/
6487,https://dixy.ru/product/nastoyka-sladkaya-zakaznaya-klyukvennaya-18-05-l-2000291345/
6488,https://dixy.ru/product/napitok-spirtnoy-borshchevka-s-kholodkom-05l-2000346387/
6489,https://dixy.ru/product/nastoyka-gorkaya-sibbitter-sibirskiy-med-s-pertsem-38-05-l-2000292784/
6490,https://dixy.ru/product/nastoyka-gorkaya-tri-starika-01l-2000292786/
6491,https://dixy.ru/product/nastoyka-gorkaya-zakaznaya-medovaya-s-pertsem-35-05l-2000291343/
6492,https://dixy.ru/product/nastoyka-polusladkaya-arkhangelskaya-vishnya-ruchnoy-sbor-24-05-l-2000300747/
6493,https://dixy.ru/product/nastoyka-gorkaya-jguchiy-perchik-40-025l-2000345907/
6494,https://dixy.ru/product/nastoyka-gorkaya-goluboy-topaz-01l-38-2000346548/
6495,https://dixy.ru/product/nastoyka-sladkaya-zakaznaya-ryabina-na-konyake-18-05-l-2000291347/
6496,https://dixy.ru/product/nastoyka-gorkaya-zubrovka-legendarnaya-38-05l-2000296706/
6497,https://dixy.ru/product/nastoyka-gorkaya-tri-starika-pryanaya-38-05l-2000316263/
6498,https://dixy.ru/product/nastoyka-sladkaya-zimnyaya-derevenka-grafinya-vishnya-19-05-l-2000336963/
6499,https://dixy.ru/product/nastoyka-gorkaya-nemiroff-med-s-pertsem-40-025l-2000331016/
6500,https://dixy.ru/product/nastoyka-gorkaya-goluboy-topaz-38-05-l-2000314097/
6501,https://dixy.ru/product/nastoyka-sladkaya-graf-ledoff-granat-05l-2000524153/
6502,https://dixy.ru/product/vino-bezalkogolnoe-vegaverde-igristoe-jemchujnoe-beloe-polusladkoe-075l-2000628751/
6503,https://dixy.ru/product/vino-bezalkogolnoe-shine-riesling-beloe-sladkoe-075l-2000593295/
6504,https://dixy.ru/product/vino-bezalkogolnoe-vegaverde-krasnoe-sladkoe-075l-2000628991/
6505,https://dixy.ru/product/vino-igristoe-prosecco-foscaro-beloe-sukhoe-15-075l-2000331413/
6506,https://dixy.ru/product/vino-luna-llena-shardone-rezerva-beloe-sukhoe-075l-2000527083/
6507,https://dixy.ru/product/vino-mapuche-chardonnay-beloe-sukhoe-075l-2000560854/
6508,https://dixy.ru/product/vino-igristoe-dominioni-prosecco-beloe-sukhoe-075l-2000284860/
6509,https://dixy.ru/product/pivo-svetloe-jigulevskoe-4-12l-2000536416/
6510,https://dixy.ru/product/vino-vinder-tempranilo-krasnoe-sukhoe-075l-2000578120/
6511,https://dixy.ru/product/vino-castillo-murviedro-bobal-tempranillo-krasnoe-sukhoe-115-075-l-2000284329/
6512,https://dixy.ru/product/vino-chianti-aligero-krasnoe-sukhoe-075l-2000201572/
6513,https://dixy.ru/product/vino-cape-dreams-pinotage-krasnoe-sukhoe-075l-2000175282/
6514,https://dixy.ru/product/vino-adali-alazanskaya-dolina-krasnoe-polusladkoe-075l-2000311946/
6515,https://dixy.ru/product/vino-stolovoe-kadryanochka-izabella-krasnoe-polusladkoe-1l-2000173490/
6516,https://dixy.ru/product/vino-stolovoe-kadryanochka-kaberne-krasnoe-polusladkoe-1l-2000282562/
6517,https://dixy.ru/product/vino-castillo-vineldon-tempranillo-rioja-krasnoe-sukhoe-075l-2000282384/
6518,https://dixy.ru/product/vino-murviedro-collection-crianza-krasnoe-sukhoe-075l-2000300956/
6519,https://dixy.ru/product/vino-casa-vellardi-sangiovese-krasnoe-sukhoe-075l-2000314189/
6520,https://dixy.ru/product/vino-belo-tempranillo-krasnoe-sukhoe-075l-2000271219/
6521,https://dixy.ru/product/vino-castillo-vineldon-crianza-krasnoe-sukhoe-075l-2000295043/
6522,https://dixy.ru/product/vino-castillo-vineldon-reserva-krasnoe-sukhoe-075l-2000301623/
6523,https://dixy.ru/product/vino-chateau-artos-lacas-corbires-krasnoe-sukhoe-075l-2000295048/
6524,https://dixy.ru/product/vino-san-romidio-barbera-dasti-krasnoe-sukhoe-15-075-l-2000314186/
6525,https://dixy.ru/product/vino-lestisac-bordeaux-krasnoe-sukhoe-075l-2000318265/
6526,https://dixy.ru/product/vino-san-romidio-primitivo-krasnoe-polusukhoe-075l-2000314190/
6527,https://dixy.ru/product/vino-montagnana-chianti-krasnoe-sukhoe-075l-2000412992/
6528,https://dixy.ru/product/vino-luna-llena-carmenere-krasnoe-sukhoe-075l-2000527076/
6529,https://dixy.ru/product/vino-solnechnaya-moldova-kaberne-krasnoe-sukhoe-075l-2000528281/
6530,https://dixy.ru/product/vino-orveli-alazanskaya-dolina-krasnoe-polusladkoe-075l-2000539453/
6531,https://dixy.ru/product/vino-kakheti-valley-saperavi-krasnoe-sukhoe-075l-2000544015/
6532,https://dixy.ru/product/pivo-svetloe-don-yujnyy-retsept-46-045l-2000628273/
6533,https://dixy.ru/product/pivo-svetloe-baltika-3-klassicheskoe-48-05l-10e0074182/
6534,https://dixy.ru/product/pivo-svetloe-el-mokhnatyy-shmel-5-045l-2000648711/
6535,https://dixy.ru/product/pivo-svetloe-konix-overfall-ipa-65-045l-2000648712/
6536,https://dixy.ru/product/pivo-svetloe-jigulevskoe-4-12l-2000536416/
6537,https://dixy.ru/product/pivo-svetloe-double-ipa-nefiltrovannoe-75-045l-2000574411/
6538,https://dixy.ru/product/pivnoy-napitok-krone-blanche-45-045l-2000591131/
6539,https://dixy.ru/product/pivo-svetloe-stepan-razin-petrovskoe-47-12l-2000575231/
6540,https://dixy.ru/product/pivo-svetloe-stella-artois-5-jb-045l-2000001826/
6541,https://dixy.ru/product/pivo-old-bobby-lager-svetloe-46-0568l-2000155941/
6542,https://dixy.ru/product/pivo-baltika-8-pshenichnoe-nefiltrovannoe-5-05l-2000005589/
6543,https://dixy.ru/product/pivo-svetloe-prazacka-4-05l-2000170044/
6544,https://dixy.ru/product/napitok-pivnoy-zatecky-gus-temnyy-35-045l-2000275043/
6545,https://dixy.ru/product/pivnoy-napitok-redds-45-033l-2000177217/
6546,https://dixy.ru/product/pivnoy-napitok-corona-extra-45-0355l-2000218771/
6547,https://dixy.ru/product/pivo-temnoe-guinness-draught-42-jb-044l-2000185106/
6548,https://dixy.ru/product/pivnoy-napitok-belgian-kriek-vishnya-35-sb-033l-2000165845/
6549,https://dixy.ru/product/pivo-svetloe-hofbrau-original-51-sb-05l-2000165849/
6550,https://dixy.ru/product/pivo-svetloe-jigulevskoe-4-044l-2000298228/
6551,https://dixy.ru/product/pivo-svetloe-cernovar-49-05l-2000170048/
6552,https://dixy.ru/product/pivo-erdinger-weissbier-53-jb-05l-2000291278/
6553,https://dixy.ru/product/pivo-svetloe-50-weiss-nefiltrovannoe-5-jb-05l-2000304810/
6554,https://dixy.ru/product/pivo-svetloe-paulaner-weissbier-nefiltrovannoe-55-05-l-2000192630/
6555,https://dixy.ru/product/pivo-svetloe-jigulevskoe-4-142l-2000308513/
6556,https://dixy.ru/product/napitok-pivnoy-blanche-biere-premium-pshenichnyy-48-1l-2000312204/
6557,https://dixy.ru/product/pivo-svetloe-jiguli-barnoe-export-48-sb-045l-2000278860/
6558,https://dixy.ru/product/pivo-svetloe-afanasiy-domashnee-filtrovannoe-45-1l-2000246412/
6559,https://dixy.ru/product/pivo-svetloe-efes-pilsner-5-jb-045l-2000279382/
6560,https://dixy.ru/product/pivo-svetloe-zolotaya-bochka-klassicheskoe-52-jb-045l-2000282740/
6561,https://dixy.ru/product/pivo-svetloe-387-osobaya-varka-68-sb-045l-2000273117/
6562,https://dixy.ru/product/vino-dolche-notte-chernsmorodina-fruktpsl075l-2000278601/
6563,https://dixy.ru/product/vino-kadryanochka-vishnevoe-polusladkoe-1-l-2000188474/
6564,https://dixy.ru/product/vino-sangriya-frut-fruktovoe-plodstol-psl11-1l-2000197069/
6565,https://dixy.ru/product/vino-fruktovoe-plodstol-sladkoe-glintvayn-1l-2000191970/
6566,https://dixy.ru/product/vino-ke-so-fruktplodstolgranat-psl-07075l-2000194889/
6567,https://dixy.ru/product/vino-dolce-notte-vishnya-fruktovoe-psl075l-2000278599/
6568,https://dixy.ru/product/napitok-plodovyy-granatovyy-polusladkiy-075-l-2000523877/
6569,https://dixy.ru/product/napitok-plodovyy-yagoda-malina-polusladkiy-1l-2000318964/
6570,https://dixy.ru/product/vino-tsveta-armenii-granatovoe-krasnoe-polusladkoe-075l-2000550093/
6571,https://dixy.ru/product/produkplodalkdolche-notte-chernsmorpsl075l-2000525314/
6572,https://dixy.ru/product/produktsiya-plodalkdolche-notte-vishnya-psl075l-2000525315/
6573,https://dixy.ru/product/napitok-plodovyy-spelaya-vishnya-polusladkiy-1l-2000541294/
6574,https://dixy.ru/product/napitok-plodovyy-glintveyn-polusladkiy-11-1-l-2000557731/
6575,https://dixy.ru/product/plodovyy-napitok-sangria-fruit-salute-1-l-2000566081/
6576,https://dixy.ru/product/napitok-plodovyy-gluhwein-veselyy-shuster-sladkiy-1-l-2000577373/
6577,https://dixy.ru/product/plodovaya-alkogolnaya-produktsiya-de-fruta-polusladkaya-abrikos-11-1l-2000604118/
6578,https://dixy.ru/product/vino-fruktovoe-glintvayn-krasnoe-sladkoe-1-l-2000523873/
6579,https://dixy.ru/product/napitok-vinnyy-sangria-fruit-polusladkoe-11-1-l-2000523875/
6580,https://dixy.ru/product/plodovaya-alkogolnaya-produktsiya-luisa-ciao-malina-polusladkaya-1l-2000619374/
6581,https://dixy.ru/product/vino-risling-belsukh-tp-1l-2000144813/
6582,https://dixy.ru/product/vino-stolovoe-kadryanochka-shardone-beloe-polusladkoe-1l-2000282540/
6583,https://dixy.ru/product/vino-stolovoe-kadryanochka-beloe-polusladkoe-1-l-2000173488/
6584,https://dixy.ru/product/vino-don-simon-beloe-sukhoe-1-l-2000274540/
6585,https://dixy.ru/product/vino-ordinarnoe-creadora-beloe-sukhoe-1-l-2000282380/
6586,https://dixy.ru/product/vino-cuvee-jean-paul-gascoigne-rozovoe-sukhoe-075-l-2000287464/
6587,https://dixy.ru/product/vino-chevalier-laubrac-rozovoe-polusladkoe-075-l-2000307439/
6588,https://dixy.ru/product/vino-geo-latitud-chili-roze-sira-rozsukh075l-2000300883/
6589,https://dixy.ru/product/vino-rose-infinie-cotes-de-provance-rozovoe-sukhoe-075-l-2000328756/
6590,https://dixy.ru/product/vino-divinis-solis-rozsukh-075l-2000313205/
6591,https://dixy.ru/product/vino-lago-rose-rozovoe-polusukhoe-10-075l-2000314015/
6592,https://dixy.ru/product/vino-san-romidio-pinot-grigio-rozovoe-sukhoe-075l-2000313705/
6593,https://dixy.ru/product/vino-konosur-tokornal-roze-rozpsukh075l-2000336170/
6594,https://dixy.ru/product/vino-stollya-bel-anjel-roze-rozsukh125-075l-2000304588/
6595,https://dixy.ru/product/vino-vinya-esmeralda-rozpsukh-075l-2000328653/
6596,https://dixy.ru/product/vino-luna-llena-rose-rozovoe-sukhoe-075l-2000527079/
6597,https://dixy.ru/product/vino-rozovoe-sukhoe-elephant-tree-cape-075l-2000530192/
6598,https://dixy.ru/product/vino-ordinarnoe-divinum-sira-grenash-rozovoe-sukhoe-075-l-2000540671/
6599,https://dixy.ru/product/vino-inkerman-skalistaya-bukhta-rozpsl-075l-2000423074/
6600,https://dixy.ru/product/vino-ordinarnoe-las-veras-tempranillo-rozovoe-sukhoe-1l-2000547898/
6601,https://dixy.ru/product/vino-ordinarnoe-muse-cotes-du-roussillon-rozovoe-sukhoe-075l-2000540674/
6602,https://dixy.ru/product/vino-rozovoe-polusukhoe-casal-da-seara-075l-2000544616/
6603,https://dixy.ru/product/vino-ordinarnoe-marcel-rozovoe-sukhoe-075l-2000547896/
6604,https://dixy.ru/product/vino-ay-petri-muskat-roze-sukhoe-075l-2000544074/
6605,https://dixy.ru/product/vino-el-pescaito-bobal-grenache-rozovoe-sukhoe-12-075-l-2000544077/
6606,https://dixy.ru/product/vino-rozovoe-polusukhoe-parini-pinot-grigio-075-l-2000544075/
6607,https://dixy.ru/product/vino-namorico-rozovoe-polusukhoe-075l-2000580933/
6608,https://dixy.ru/product/vino-chateau-tamagne-grape-dance-rozovoe-sukhoepolusukhoe-075l-2000541193/
6609,https://dixy.ru/product/vino-trattoria-italiana-pinot-grigio-rozovoe-polusukhoe-075l-2000570931/
6610,https://dixy.ru/product/vino-petula-rozovoe-polusukhoe-075-l-2000566560/
6611,https://dixy.ru/product/rom-temnyy-ron-barcelo-anejo-vyderjannyy-07l-2000261436/
6612,https://dixy.ru/product/rom-bacardi-carta-blanca-40-05-l-2000228519/
6613,https://dixy.ru/product/napitok-romovyy-krepshark-tus-gold-40-05l-2000194106/
6614,https://dixy.ru/product/napitok-spirtnoy-captain-morgan-zolotoy-35-05-l-2000194105/
6615,https://dixy.ru/product/rom-bacardi-oakheart-original-35-05l-2000225192/
6616,https://dixy.ru/product/rom-bacardi-carta-negra-40-05-l-2000228521/
6617,https://dixy.ru/product/rom-vyderjannyy-barcelo-blanco-07l-2000314056/
6618,https://dixy.ru/product/rom-kapitan-morgan-uayt-40-05l-2000284783/
6619,https://dixy.ru/product/rom-bacardi-carta-negra-40-07-l-2000302303/
6620,https://dixy.ru/product/rom-bacardi-carta-blanca-40-07-l-2000303140/
6621,https://dixy.ru/product/napromovoakkhart-oridj-35-temn07l1-stakan-2000296436/
6622,https://dixy.ru/product/rom-old-monk-7-let-428-075l-2000428469/
6623,https://dixy.ru/product/rom-kapitan-morgan-dark-40-05l-2000322881/
6624,https://dixy.ru/product/napitok-spirtnoy-oakheart-original-35-07-l-2000404598/
6625,https://dixy.ru/product/napitok-spirtnoy-na-osnroma-piratengold-35-05l-2000410592/
6626,https://dixy.ru/product/rom-barcelo-dorado-07l-2000340681/
6627,https://dixy.ru/product/napitok-spirtnoy-na-osnroma-piratengold-35-07l-2000410591/
6628,https://dixy.ru/product/napitok-na-osnove-roma-dead-mans-fingers-ananas-375-07l-2000410846/
6629,https://dixy.ru/product/napspirtrom-ded-mens-fingers-kofe-375-02l-2000410844/
6630,https://dixy.ru/product/rom-devilz-aylend-spaysd-07-so-stakanom-2000528419/
6631,https://dixy.ru/product/rom-bacardi-spiced-40-07-l-2000520331/
6632,https://dixy.ru/product/napitok-na-osnove-roma-dead-mans-fingers-mango-375-07l-2000556213/
6633,https://dixy.ru/product/napitok-alkogolnyy-oakheart-35-07lrich-cola-2kh033-l-2000577471/
6634,https://dixy.ru/product/rom-old-castle-gold-zolotoy-40-05-l-2000559131/
6635,https://dixy.ru/product/rom-captain-morgan-spiced-gold-35-07-l-t000026911/
6636,https://dixy.ru/product/kokteyl-oakheart-spiced-gold-s-romom-35-07l-2000600392/
6637,https://dixy.ru/product/kokteyl-oakheart-spiced-gold-s-romom-35-05l-2000600391/
6638,https://dixy.ru/product/napspirtkapitan-morgan-origpryanzolot35-02l-2000281227/
6639,https://dixy.ru/product/rom-cool-skeleton-mango-marakuyya-375-07l-2000615352/
6640,https://dixy.ru/product/rom-cool-skeleton-kokos-375-07l-2000615351/
6641,https://dixy.ru/product/medovukha-mjolnir-dykhanie-odina-imbirnyy-el-47-05l-2000613491/
6642,https://dixy.ru/product/sidr-bosca-rose-heritage-rozovyy-polusladkiy-6-075l-2000597633/
6643,https://dixy.ru/product/sidr-bosca-anna-federica-heritage-belyy-sladkiy-6-075-l-2000597631/
6644,https://dixy.ru/product/sidr-lavetti-so-vkusom-pina-kolada-55-025l-2000597652/
6645,https://dixy.ru/product/igristoe-santo-stefano-beloe-polusladkoe-sidr-075l-2000598097/
6646,https://dixy.ru/product/igristoe-santo-stefano-aperini-shprits-polusladkoe-075l-2000598091/
6647,https://dixy.ru/product/sidr-lavetti-so-vkusom-mokhito-55-025l-2000597651/
6648,https://dixy.ru/product/igristoe-santo-stefano-rimskie-kanikuly-beloe-polusladkoe-sidr-075l-2000598093/
6649,https://dixy.ru/product/igristoe-santo-stefano-beloe-polusukhoe-sidr-075l-2000598094/
6650,https://dixy.ru/product/igristoe-santo-stefano-sitsiliyskaya-svadba-belyy-polusladkoe-sidr-075l-2000598096/
6651,https://dixy.ru/product/igristoe-santo-stefano-krasnoe-polusladkoe-sidr-075l-2000598092/
6652,https://dixy.ru/product/igristoe-santo-stefano-rozovoe-polusladkoe-sidr-075l-2000598095/
6653,https://dixy.ru/product/igristoe-santo-stefano-krasnoe-polusladkoe-sidr-025l-2000624931/
6654,https://dixy.ru/product/igristoe-santo-stefano-beloe-polusladkoe-sidr-025l-2000624932/
6655,https://dixy.ru/product/sidr-fruktovyy-abrau-light-belyy-polusladkiy-075l-2000642074/
6656,https://dixy.ru/product/sidr-sladkiy-mister-lis-gazirovannyy-45-jb-043l-2000291956/
6657,https://dixy.ru/product/sidr-svetlyy-mister-lis-grusha-45-043l-2000315203/
6658,https://dixy.ru/product/sidr-igristyy-sovetskoe-igristoe-bel-psl-075l-2000407627/
6659,https://dixy.ru/product/sidr-sladkiy-bon-season-pasterizovannyy-45-043l-2000537153/
6660,https://dixy.ru/product/sidr-svetlyy-mister-lis-gazirovannyy-45-1l-2000538138/
6661,https://dixy.ru/product/sidr-chesters-vishnya-5-045l-2000574971/
6662,https://dixy.ru/product/sidr-gorkovskaya-pivovarnya-yablochnyy-5-045l-2000569831/
6663,https://dixy.ru/product/sidr-bon-season-grusha-45-043l-2000564434/
6664,https://dixy.ru/product/sidr-bon-season-grusha-45-04l-2000564437/
6665,https://dixy.ru/product/sidr-mister-lis-roze-polusukhoy-55-04l-2000642014/
6666,https://dixy.ru/product/sidr-mister-lis-spelaya-vishnya-sladkiy-45-04l-2000642015/
6667,https://dixy.ru/product/medovukha-mjolnir-plata-mimira-golubika-orekh-47-05l-2000642914/
6668,https://dixy.ru/product/sidr-mjolnir-bessmertie-idunn-yablochnyy-47-05l-2000642913/
6669,https://dixy.ru/product/sidr-alska-lesnye-yagody-4-044l-2000649816/
6670,https://dixy.ru/product/sidr-alska-klubnika-i-laym-4-044l-2000649817/
6671,https://dixy.ru/product/tekila-olmeca-gold-supremo-38-07-l-1100074151/
6672,https://dixy.ru/product/tekila-sauza-silver-38-07-l-2000001441/
6673,https://dixy.ru/product/tekila-sierra-silver-38-05-l-2000000825/
6674,https://dixy.ru/product/tekila-olmeca-blanco-38-07l-2000002531/
6675,https://dixy.ru/product/tekila-olmeca-blanco-38-05-l-2000324448/
6676,https://dixy.ru/product/napitok-spirtnoy-tekila-olmeca-silver-35-07l-2000620451/
6677,https://dixy.ru/product/vino-igristoe-di-caspico-beloe-bryut-075l-2000590372/
6678,https://dixy.ru/product/vino-igristoe-di-caspico-beloe-polusladkoe-075l-2000592592/
6679,https://dixy.ru/product/vino-igristoe-prosecco-foscaro-beloe-sukhoe-15-075l-2000331413/
6680,https://dixy.ru/product/vino-rozovoe-bryut-la-petite-perle-igristoe-025l-2000545411/
6681,https://dixy.ru/product/vino-igristoe-perle-beloe-bryut-025l-2000516041/
6682,https://dixy.ru/product/vino-igristoe-dominioni-prosecco-beloe-sukhoe-075l-2000284860/
6683,https://dixy.ru/product/vino-igristoe-chateau-shugo-beloe-sladkoe-075l-2000626011/
6684,https://dixy.ru/product/vino-igristoe-martini-asti-beloe-sladkoe-75-075l-2000000951/
6685,https://dixy.ru/product/vino-igristoe-mondoro-asti-beloe-sladkoe-075l-10j0079818/
6686,https://dixy.ru/product/shampanskoe-rosabrau-dyurso-bel-psl075l-10u1000882/
6687,https://dixy.ru/product/shampanskoe-rosskadryanochka-belbryut-075l-2000216975/
6688,https://dixy.ru/product/shampanskoe-rosabrau-dyurso-belbryut-075l-2000163855/
6689,https://dixy.ru/product/shampanskoe-rossiyskoe-bryut-bel075l-igristvina-2000072319/
6690,https://dixy.ru/product/vino-igristoe-riunite-doro-beloe-polusladkoe-075l-2000003721/
6691,https://dixy.ru/product/vino-igristoe-chateau-tamagne-beloe-polusladkoe-075l-2000264438/
6692,https://dixy.ru/product/vino-igristprosekko-doc-belsukh-075l-adelino-2000200970/
6693,https://dixy.ru/product/vino-igristoe-sovetskoe-shampanskoe-beloe-polusladkoe-075l-2000149851/
6694,https://dixy.ru/product/vino-igristoe-allegro-lambrusco-rozovoe-075l-2000200654/
6695,https://dixy.ru/product/shamplgolitsyn-naslmastera-bryut-bel075l-2000163851/
6696,https://dixy.ru/product/vino-igristoe-riunite-lambrusco-krasnoe-polusladkoe-8-075l-2000003722/
6697,https://dixy.ru/product/vino-riunite-lambrusco-rozovoe-polusladkoe-8-075-l-2000162752/
6698,https://dixy.ru/product/napitok-alkogolnyy-gazirovannyy-santo-stefano-rozovyy-polusladkiy-8-075l-2000288965/
6699,https://dixy.ru/product/vino-igristoe-anneau-de-la-vie-beloe-polusladkoe-075l-2000204145/
6700,https://dixy.ru/product/vino-igristoe-martini-prosecco-sukhoe-beloe-115-075l-2000207770/
6701,https://dixy.ru/product/vino-jemchujnoe-igristoe-lambrusco-palestro-beloe-polusladkoe-075l-2000292707/
6702,https://dixy.ru/product/vino-igristoe-la-gioiosa-prosecco-beloe-bryut-075-l-2000265691/
6703,https://dixy.ru/product/shampanskoe-rosskadryanochka-belpsl-075l-2000212340/
6704,https://dixy.ru/product/vino-igristkava-jaume-serra-115-belbryut-075l-2000307274/
6705,https://dixy.ru/product/shampanskoe-rossiyskoe-oreanda-belbryut-075l-2000259714/
6706,https://dixy.ru/product/vino-jemchujnoe-igristoe-lambrusco-palestro-beloe-polusladkoe-075l-2000292709/
6707,https://dixy.ru/product/korm-dlya-koshek-felix-appetitnye-kusochki-s-krolikom-75g-2000325810/
6708,https://dixy.ru/product/korm-vlajnyy-dlya-koshek-felix-appetitnye-kusochki-kuritsa-75g-2000274427/
6709,https://dixy.ru/product/korm-dlya-koshek-felix-s-yagnenkom-vlajnyy-75g-2000274432/
6710,https://dixy.ru/product/korm-dlya-koshek-felix-appetitnye-kusochki-s-lososem-75g-2000325813/
6711,https://dixy.ru/product/korm-vlajnyy-dlya-koshek-sheba-pleasure-kuritsa-i-indeyka-lomtiki-v-souse-75g-2000157883/
6712,https://dixy.ru/product/korm-vlajnyy-dlya-koshek-sheba-pleasure-telyatina-i-yazyk-lomtiki-v-souse-75g-2000148461/
6713,https://dixy.ru/product/korm-dlya-koshek-felix-s-lososem-i-forelyu-75g-2000574512/
6714,https://dixy.ru/product/korm-dlya-koshek-felix-appetitnye-kusochki-s-indeykoy-75g-2000325822/
6715,https://dixy.ru/product/korm-dlya-vzroslykh-koshek-sheba-lomtiki-v-jele-krolik-75g-2000537996/
6716,https://dixy.ru/product/korm-dlya-koshek-felix-appetitnye-kusochki-s-govyadinoy-75g-2000325816/
6717,https://dixy.ru/product/korm-dlya-koshek-felix-sensations-s-indeykoy-v-souse-75g-2000325839/
6718,https://dixy.ru/product/korm-dlya-koshek-perfect-fit-pashtet-s-indeykoy-vlajnyy-75g-2000520361/
6719,https://dixy.ru/product/korm-dlya-koshek-felix-sensations-s-kuritsey-s-morkovyu-75g-2000325835/
6720,https://dixy.ru/product/korm-vlajnyy-dlya-koshek-sheba-pashtet-v-jele-s-kuritsey-75g-2000564354/
6721,https://dixy.ru/product/korm-dlya-koshek-felix-sensations-s-treskoy-v-souse-75g-2000325840/
6722,https://dixy.ru/product/korm-vlajnyy-perfect-fit-dlya-sterilizovannykh-koshek-kuritsa-75g-2000201082/
6723,https://dixy.ru/product/korm-dlya-koshek-felix-s-indeykoy-i-pechenyu-75g-2000325825/
6724,https://dixy.ru/product/korm-dlya-sterilizovannykh-koshek-one-s-kuritsey-75g-2000325853/
6725,https://dixy.ru/product/korm-vlajnyy-dlya-koshek-whiskas-kuritsa-v-jele-75g-2000222697/
6726,https://dixy.ru/product/korm-dlya-koshek-gurme-perl-nejnoe-file-s-kuritsey-75g-2000325836/
6727,https://dixy.ru/product/korm-vlajnyy-dlya-koshek-whiskas-pashtet-s-utkoy-75g-2000250431/
6728,https://dixy.ru/product/korm-dlya-koshek-purina-one-s-kuritsey-75g-2000424138/
6729,https://dixy.ru/product/korm-vlajnyy-dlya-koshek-sheba-pashtet-v-jele-s-govyadinoy-75g-2000564355/
6730,https://dixy.ru/product/korm-vlajnyy-dlya-koshek-whiskas-pashtet-s-kuritsey-i-indeykoy-75g-2000184969/
6731,https://dixy.ru/product/korm-vlajnyy-dlya-koshek-whiskas-pashtet-s-govyadinoy-i-pechenyu-75g-2000172467/
6732,https://dixy.ru/product/korm-dlya-koshek-perfect-fit-pashtet-s-govyadinoy-vlajnyy-75g-2000520360/
6733,https://dixy.ru/product/korm-vlajnyy-dlya-koshek-sheba-pleasure-lomtiki-utka-v-souse-75g-2000318283/
6734,https://dixy.ru/product/korm-dlya-koshek-felix-sup-s-kuritsey-48-g-2000325808/
6735,https://dixy.ru/product/korm-vlajnyy-whiskas-dlya-koshek-jele-krolik-75g-2000622634/
6736,https://dixy.ru/product/korm-dlya-koshek-felix-sensations-s-govyadinoy-s-tomatami-75g-2000325838/
6737,https://dixy.ru/product/korm-dlya-sobak-cesar-yagnenok-s-ovoshchami-vlajnyy-85g-2000187474/
6738,https://dixy.ru/product/korm-vlajnyy-dlya-sobak-cesar-govyadina-s-ovoshchami-85g-2000187683/
6739,https://dixy.ru/product/korm-dlya-sobak-purina-one-s-utkoy-zelenoy-fasolyu-85g-2000337211/
6740,https://dixy.ru/product/korm-vlajnyy-dlya-sobak-cesar-indeyka-s-zelenym-goroshkom-i-morkov-80g-2000575411/
6741,https://dixy.ru/product/vlajnyy-korm-dlya-sobak-cesare-pashtet-govyadina-80g-2000597414/
6742,https://dixy.ru/product/korm-vlajnyy-dlya-shchenkov-pedigree-govyadina-v-souse-85g-2000202489/
6743,https://dixy.ru/product/korm-dlya-sobak-one-s-govyadinoy-kartofelem-i-morkovyu-85g-2000372875/
6744,https://dixy.ru/product/korm-dlya-sobak-sherlock-govyadina-415g-2000644132/
6745,https://dixy.ru/product/korm-vlajnyy-dlya-sobak-pedigree-govyadina-v-souse-85g-di00079852/
6746,https://dixy.ru/product/korm-vlajnyy-dlya-sobak-cesar-jarkoe-s-utkoy-85g-2000550353/
6747,https://dixy.ru/product/korm-vlajnyy-dlya-sobak-chappi-govyadina-po-domashnemu-85g-2000196188/
6748,https://dixy.ru/product/korm-vlajnyy-dlya-sobak-brit-premium-govyadina-i-serdtse-750g-2000605251/
6749,https://dixy.ru/product/korm-vlajnyy-dlya-vzroslykh-sobak-pedigree-govyadina-i-yagnenok-85g-2000165945/
6750,https://dixy.ru/product/korm-vlajnyy-dlya-sobak-miniatyurnykh-porod-pedigree-govyadina-ovoshchi-80g-2000272443/
6751,https://dixy.ru/product/korm-dlya-koshek-gurme-sous-de-lyuks-kuritsa-vlajnyy-75-g-2000587193/
6752,https://dixy.ru/product/korm-vlajnyy-pedigree-dlya-sobak-miniatyurnykh-porod-pashtet-s-kuritsey-80g-2000215497/
6753,https://dixy.ru/product/korm-dlya-sobak-purina-one-s-kuritsey-morkovyu-i-fasolyu-85g-2000337213/
6754,https://dixy.ru/product/korm-vlajnyy-dlya-sobak-darling-yagnenok-75g-2000566934/
6755,https://dixy.ru/product/korm-vlajnyy-dlya-sobak-darling-govyadina-75g-2000566933/
6756,https://dixy.ru/product/pashtet-brit-premium-dlya-sobak-s-chuvstvitelnym-pishchevareniem-yagnenok-100g-2000609242/
6757,https://dixy.ru/product/pashtet-brit-premium-dlya-shchenkov-indeyka-100g-2000609251/
6758,https://dixy.ru/product/korm-vlajnyy-dlya-sobak-s-chuvstvitelnym-pishchevareniem-winner-extra-meat-kurinaya-grudka-85g-2000609672/
6759,https://dixy.ru/product/konservy-dlya-vzroslykh-sobak-brit-telyatina-s-potroshkami-750g-2000614191/
6760,https://dixy.ru/product/vlajnyy-korm-dlya-sobak-miratorg-selection-yagnenok-100g-2000614832/
6761,https://dixy.ru/product/pashtet-darsi-dlya-sobak-s-chuvstvitelnym-pishchevareniem-yagnenok-850g-2000614193/
6762,https://dixy.ru/product/pashtet-darsi-dlya-aktivnykh-sobak-serdtse-pechen-850g-2000615353/
6763,https://dixy.ru/product/korm-dlya-sobak-pedigree-vlajnyy-s-krolikom-i-indeykoy-100-g-2000223959/
6764,https://dixy.ru/product/korm-dlya-sobak-sytyy-bobik-kasha-risovaya-s-potroshkami-500g-2000617393/
6765,https://dixy.ru/product/vlajnyy-korm-dlya-sobak-miratorg-selection-pashtet-kuritsa-100g-2000614831/
6766,https://dixy.ru/product/korm-dlya-sobak-brit-govyadina-pechen-750g-2000649580/
6767,https://dixy.ru/product/korm-dlya-koshek-felix-appetitnye-kusochki-s-krolikom-75g-2000325810/
6768,https://dixy.ru/product/korm-vlajnyy-dlya-koshek-felix-appetitnye-kusochki-kuritsa-75g-2000274427/
6769,https://dixy.ru/product/korm-dlya-koshek-felix-s-yagnenkom-vlajnyy-75g-2000274432/
6770,https://dixy.ru/product/korm-dlya-koshek-felix-appetitnye-kusochki-s-lososem-75g-2000325813/
6771,https://dixy.ru/product/korm-vlajnyy-dlya-koshek-sheba-pleasure-kuritsa-i-indeyka-lomtiki-v-souse-75g-2000157883/
6772,https://dixy.ru/product/korm-vlajnyy-dlya-koshek-sheba-pleasure-telyatina-i-yazyk-lomtiki-v-souse-75g-2000148461/
6773,https://dixy.ru/product/korm-dlya-koshek-felix-s-lososem-i-forelyu-75g-2000574512/
6774,https://dixy.ru/product/korm-dlya-koshek-felix-appetitnye-kusochki-s-indeykoy-75g-2000325822/
6775,https://dixy.ru/product/korm-dlya-vzroslykh-koshek-sheba-lomtiki-v-jele-krolik-75g-2000537996/
6776,https://dixy.ru/product/korm-dlya-koshek-felix-appetitnye-kusochki-s-govyadinoy-75g-2000325816/
6777,https://dixy.ru/product/korm-dlya-koshek-felix-sensations-s-indeykoy-v-souse-75g-2000325839/
6778,https://dixy.ru/product/korm-dlya-koshek-perfect-fit-pashtet-s-indeykoy-vlajnyy-75g-2000520361/
6779,https://dixy.ru/product/korm-dlya-koshek-felix-sensations-s-kuritsey-s-morkovyu-75g-2000325835/
6780,https://dixy.ru/product/korm-vlajnyy-dlya-koshek-sheba-pashtet-v-jele-s-kuritsey-75g-2000564354/
6781,https://dixy.ru/product/korm-dlya-koshek-felix-sensations-s-treskoy-v-souse-75g-2000325840/
6782,https://dixy.ru/product/korm-vlajnyy-perfect-fit-dlya-sterilizovannykh-koshek-kuritsa-75g-2000201082/
6783,https://dixy.ru/product/korm-dlya-koshek-felix-s-indeykoy-i-pechenyu-75g-2000325825/
6784,https://dixy.ru/product/korm-dlya-sterilizovannykh-koshek-one-s-kuritsey-75g-2000325853/
6785,https://dixy.ru/product/korm-vlajnyy-dlya-koshek-whiskas-kuritsa-v-jele-75g-2000222697/
6786,https://dixy.ru/product/korm-dlya-koshek-gurme-perl-nejnoe-file-s-kuritsey-75g-2000325836/
6787,https://dixy.ru/product/korm-vlajnyy-dlya-koshek-whiskas-pashtet-s-utkoy-75g-2000250431/
6788,https://dixy.ru/product/korm-dlya-koshek-purina-one-s-kuritsey-75g-2000424138/
6789,https://dixy.ru/product/korm-vlajnyy-dlya-koshek-sheba-pashtet-v-jele-s-govyadinoy-75g-2000564355/
6790,https://dixy.ru/product/korm-vlajnyy-dlya-koshek-whiskas-pashtet-s-kuritsey-i-indeykoy-75g-2000184969/
6791,https://dixy.ru/product/korm-vlajnyy-dlya-koshek-whiskas-pashtet-s-govyadinoy-i-pechenyu-75g-2000172467/
6792,https://dixy.ru/product/korm-dlya-koshek-perfect-fit-pashtet-s-govyadinoy-vlajnyy-75g-2000520360/
6793,https://dixy.ru/product/korm-vlajnyy-dlya-koshek-sheba-pleasure-lomtiki-utka-v-souse-75g-2000318283/
6794,https://dixy.ru/product/korm-dlya-koshek-felix-sup-s-kuritsey-48-g-2000325808/
6795,https://dixy.ru/product/korm-vlajnyy-whiskas-dlya-koshek-jele-krolik-75g-2000622634/
6796,https://dixy.ru/product/korm-dlya-koshek-felix-sensations-s-govyadinoy-s-tomatami-75g-2000325838/
6797,https://dixy.ru/product/korm-dlya-sobak-cesar-yagnenok-s-ovoshchami-vlajnyy-85g-2000187474/
6798,https://dixy.ru/product/korm-vlajnyy-dlya-sobak-cesar-govyadina-s-ovoshchami-85g-2000187683/
6799,https://dixy.ru/product/snek-jevatelnyy-dlya-sobak-biff-dent-dlya-chistki-zubov-vkus-govyadiny-35g-2000324197/
6800,https://dixy.ru/product/korm-dlya-sobak-purina-one-s-utkoy-zelenoy-fasolyu-85g-2000337211/
6801,https://dixy.ru/product/korm-vlajnyy-dlya-sobak-cesar-indeyka-s-zelenym-goroshkom-i-morkov-80g-2000575411/
6802,https://dixy.ru/product/vlajnyy-korm-dlya-sobak-cesare-pashtet-govyadina-80g-2000597414/
6803,https://dixy.ru/product/korm-vlajnyy-dlya-shchenkov-pedigree-govyadina-v-souse-85g-2000202489/
6804,https://dixy.ru/product/korm-dlya-sobak-one-s-govyadinoy-kartofelem-i-morkovyu-85g-2000372875/
6805,https://dixy.ru/product/korm-dlya-sobak-sherlock-govyadina-415g-2000644132/
6806,https://dixy.ru/product/korm-dlya-sobak-chappi-myasnoe-izobilie-sukhoy-25kg-2000016318/
6807,https://dixy.ru/product/korm-sukhoy-brit-dlya-sobak-s-chuvstvitelnym-pishchevareniem-yagnenok-indeyka-1kg-2000615354/
6808,https://dixy.ru/product/korm-vlajnyy-dlya-sobak-pedigree-govyadina-v-souse-85g-di00079852/
6809,https://dixy.ru/product/korm-vlajnyy-dlya-sobak-cesar-jarkoe-s-utkoy-85g-2000550353/
6810,https://dixy.ru/product/lakomstvo-dlya-sobak-melkikh-porod-miratorg-40g-2000575234/
6811,https://dixy.ru/product/lakomstvo-dlya-sobak-titbit-legkoe-govyaje-18g-2000560671/
6812,https://dixy.ru/product/korm-vlajnyy-dlya-sobak-chappi-govyadina-po-domashnemu-85g-2000196188/
6813,https://dixy.ru/product/korm-sukhoy-winnermeat-dlya-vzroslykh-sobak-melkikh-porod-telyatina-500g-2000424657/
6814,https://dixy.ru/product/korm-vlajnyy-dlya-sobak-brit-premium-govyadina-i-serdtse-750g-2000605251/
6815,https://dixy.ru/product/korm-vlajnyy-dlya-vzroslykh-sobak-pedigree-govyadina-i-yagnenok-85g-2000165945/
6816,https://dixy.ru/product/lakomstvo-dlya-sobak-triol-kost-iz-jil-120-g-2000330709/
6817,https://dixy.ru/product/korm-vlajnyy-dlya-sobak-miniatyurnykh-porod-pedigree-govyadina-ovoshchi-80g-2000272443/
6818,https://dixy.ru/product/korm-dlya-koshek-gurme-sous-de-lyuks-kuritsa-vlajnyy-75-g-2000587193/
6819,https://dixy.ru/product/korm-dlya-sobak-chappi-govyadina-po-domashnemu-sukhoy-600g-2000145639/
6820,https://dixy.ru/product/korm-vlajnyy-pedigree-dlya-sobak-miniatyurnykh-porod-pashtet-s-kuritsey-80g-2000215497/
6821,https://dixy.ru/product/korm-sukhoy-dlya-sobak-miniatyurnykh-porod-pedigree-mini-govyadina-12kg-2000265023/
6822,https://dixy.ru/product/korm-dlya-sobak-purina-one-s-kuritsey-morkovyu-i-fasolyu-85g-2000337213/
6823,https://dixy.ru/product/korm-dlya-sobak-purina-one-dlya-aktivnykh-govyadina-i-ris-600g-2000325848/
6824,https://dixy.ru/product/korm-dlya-sobak-pedigree-vsekh-porod-sukhoy-s-govyadinoy-22kg-2000330037/
6825,https://dixy.ru/product/korm-dlya-sobak-purina-one-s-kuritsey-i-risom-15-kg-2000371058/
6826,https://dixy.ru/product/korm-sukhoy-dlya-vzroslykh-sobak-malenkikh-porod-pedigree-govyadina-600g-2000370130/
6827,https://dixy.ru/product/lakomstvo-dlya-koshek-dreamies-lakomye-podushechki-kuritsa-60g-2000198009/
6828,https://dixy.ru/product/lakomstvo-dlya-koshek-dreamies-appetitnaya-indeyka-60g-2000645334/
6829,https://dixy.ru/product/lakomstvo-dlya-koshek-dreamies-appetitnaya-kurochka-60g-2000645336/
6830,https://dixy.ru/product/lakomstvo-dlya-koshek-dreamies-lakomaya-govyadinka-60g-2000645338/
6831,https://dixy.ru/product/lakomstvo-dlya-koshek-dreamies-mix-kuritsa-i-koshachya-myata-60g-2000299986/
6832,https://dixy.ru/product/lakomstvo-dlya-koshek-dreamies-mix-lososlosos-i-syr-v-assortimente-60g-2000223956/
6833,https://dixy.ru/product/lakomstvo-dlya-koshek-dreamies-kuritsa-140g-2000250433/
6834,https://dixy.ru/product/lakomstvo-dlya-koshek-dreamies-syrnoe-udovolstvie-140g-2000645335/
6835,https://dixy.ru/product/lakomstvo-dlya-koshek-dreamies-lakomye-podushechki-govyadina-60g-2000198008/
6836,https://dixy.ru/product/lakomstvo-dreamies-podushechki-s-syrom-dlya-vzroslykh-koshek-60g-2000223957/
6837,https://dixy.ru/product/lakomstvo-dlya-koshek-dreamies-govyadina-i-syr-60g-2000371964/
6838,https://dixy.ru/product/lakomstvo-dlya-koshek-titbit-kolbaski-posolskie-20g-2000570351/
6839,https://dixy.ru/product/lakomstvo-dlya-koshek-perfect-fit-dlya-podderjaniya-immuniteta-kuritsa-50g-2000597792/
6840,https://dixy.ru/product/lakomstvo-dlya-koshek-dreamies-podushechki-molochnaya-nachinka-60g-2000604091/
6841,https://dixy.ru/product/lakomstvo-dlya-koshek-dreamies-syr-140g-2000299987/
6842,https://dixy.ru/product/lakomstvo-dlya-koshek-perfect-fit-oral-care-kuritsa-myata-50g-2000614591/
6843,https://dixy.ru/product/lakomstvo-dlya-koshek-dreamies-s-indeykoy-60g-2000625532/
6844,https://dixy.ru/product/lakomstvo-dlya-koshek-dreamies-nejnyy-losos-i-syr-60g-2000645337/
6845,https://dixy.ru/product/lakomstvo-dlya-koshek-dreamies-miks-kuritsamyata-60g-2000645333/
6846,https://dixy.ru/product/lakomstvo-dlya-koshek-dreamies-appetitnaya-kurochka-140g-2000645332/
6847,https://dixy.ru/product/snek-jevatelnyy-dlya-sobak-biff-dent-dlya-chistki-zubov-vkus-govyadiny-35g-2000324197/
6848,https://dixy.ru/product/lakomstvo-dlya-sobak-melkikh-porod-miratorg-40g-2000575234/
6849,https://dixy.ru/product/lakomstvo-dlya-sobak-titbit-legkoe-govyaje-18g-2000560671/
6850,https://dixy.ru/product/lakomstvo-dlya-sobak-triol-kost-iz-jil-120-g-2000330709/
6851,https://dixy.ru/product/lakomstvo-dlya-sobak-titbit-kolbasa-parmskaya-80g-2000523773/
6852,https://dixy.ru/product/lakomstvo-dlya-sobak-melkikh-porod-miratorg-70g-2000575233/
6853,https://dixy.ru/product/snek-jevatelnyy-biff-s-govyadinoy-dlya-sobak-melkikh-porod-45-g-2000591852/
6854,https://dixy.ru/product/snek-jevatelnyy-biff-dlya-sobak-krupnykh-porod-govyadina-270g-2000591853/
6855,https://dixy.ru/product/kem-sup-dlya-koshek-titbit-s-kusochkami-telyatiny-4kh10-g-2000591851/
6856,https://dixy.ru/product/snek-jevatelnyy-biff-dlya-sobak-srednikh-porod-govyadina-77g-2000591855/
6857,https://dixy.ru/product/lakomstvo-dlya-sobak-perfect-fit-dlya-podderjaniya-immuniteta-govyadina-90g-2000597791/
6858,https://dixy.ru/product/lakomstvo-dlya-sobak-titbit-kolbaski-milanskie-75g-2000523799/
6859,https://dixy.ru/product/kostochki-dental-jevatelnye-2125sm-105g-2000609246/
6860,https://dixy.ru/product/kost-dental-jevatelnaya-25sm-205g-2000609243/
6861,https://dixy.ru/product/lakomstvo-dlya-sobak-miratorg-trakheya-govyajya-mini-50g-2000424654/
6862,https://dixy.ru/product/lakomstvo-dlya-sobak-miratorg-kishki-govyaji-50g-2000609691/
6863,https://dixy.ru/product/lakomstvo-dlya-sobak-profodder-krokety-s-syrom-80g-2000620492/
6864,https://dixy.ru/product/lakomstvo-dlya-sobak-profodder-krokety-s-govyadinoy-80g-2000620491/
6865,https://dixy.ru/product/lakomstvo-dlya-sobak-titbit-palochki-kolbasnye-xxl-550g-2000624631/
6866,https://dixy.ru/product/lakomstvo-dlya-sobak-perfect-fit-oral-care-govyadina-myata-90g-2000626551/
6867,https://dixy.ru/product/lakomstvo-dlya-sobak-sherlock-dlya-dressirovki-s-govyadinoy-80g-2000646152/
6868,https://dixy.ru/product/lakomstvo-dlya-sobak-triol-myasnye-konfety-70g-2000648731/
6869,https://dixy.ru/product/napolnitel-kotofski-dlya-koshachego-tualeta-drevesnyy-5-l-2000300681/
6870,https://dixy.ru/product/korm-dlya-koshek-kotofski-s-govyadinoy-v-souse-85g-2000275080/
6871,https://dixy.ru/product/korm-dlya-koshek-kotofski-s-yagnenkom-v-souse-85g-2000305323/
6872,https://dixy.ru/product/korm-dlya-koshek-kotofski-s-kuritsey-v-souse-85g-2000275089/
6873,https://dixy.ru/product/korm-vlajnyy-dlya-koshek-mauricio-losos-v-jele-75g-2000641136/
6874,https://dixy.ru/product/korm-vlajnyy-mauricio-vit-dlya-koshek-s-chuvstvitelnym-pishchevareniem-pashtet-s-govyadinoy-i-pechenyu-75g-2000641141/
6875,https://dixy.ru/product/korm-vlajnyy-mauricio-vit-dlya-koshek-s-chuvstvitelnym-pishchevareniem-pashtet-s-indeykoy-75g-2000641135/
6876,https://dixy.ru/product/korm-vlajnyy-dlya-koshek-mauricio-kuritsa-v-souse-75g-2000641137/
6877,https://dixy.ru/product/korm-vlajnyy-dlya-koshek-mauricio-yagnenok-v-jele-75g-2000641138/
6878,https://dixy.ru/product/napolnitel-dlya-koshachego-tualeta-mauricio-tofu-komkuyushchiysya-rastitelnyy-5l-2000642791/
6879,https://dixy.ru/product/napolnitel-vpityvayushchiy-kotofski-dlya-koshachego-tualeta-45l-2000154638/
6880,https://dixy.ru/product/napolnitel-dlya-koshachego-tualeta-mauricio-silikagelevyy-38l-2000644031/
6881,https://dixy.ru/product/korm-vlajnyy-mauricio-vit-dlya-sterilizovannykh-koshek-kuritsa-v-jele-75g-2000641132/
6882,https://dixy.ru/product/korm-vlajnyy-dlya-koshek-mauricio-govyadina-v-souse-75g-2000641134/
6883,https://dixy.ru/product/korm-dlya-sobak-sherlock-govyadina-415g-2000644132/
6884,https://dixy.ru/product/korm-vlajnyy-mauricio-vit-dlya-sterilizovannykh-koshek-govyadina-v-jele-75g-2000641131/
6885,https://dixy.ru/product/korm-vlajnyy-dlya-koshek-kotofski-vit-govyadina-v-souse-75g-2000641139/
6886,https://dixy.ru/product/korm-vlajnyy-dlya-koshek-kotofski-vit-losos-v-souse-75g-2000641140/
6887,https://dixy.ru/product/korm-vlajnyy-dlya-koshek-kotofski-vit-kuritsa-v-souse-75g-2000641133/
6888,https://dixy.ru/product/korm-dlya-koshek-perfect-fit-pashtet-s-indeykoy-vlajnyy-75g-2000520361/
6889,https://dixy.ru/product/korm-vlajnyy-perfect-fit-dlya-sterilizovannykh-koshek-kuritsa-75g-2000201082/
6890,https://dixy.ru/product/korm-dlya-koshek-perfect-fit-pashtet-s-govyadinoy-vlajnyy-75g-2000520360/
6891,https://dixy.ru/product/korm-vlajnyy-perfect-fit-dlya-koshek-s-chuvstvitelnym-pishchevareniem-indeyka-75g-2000273859/
6892,https://dixy.ru/product/korm-sukhoy-perfect-fit-dlya-koshek-s-chuvstvitelnym-pishchevareniem-indeyka-650g-2000273778/
6893,https://dixy.ru/product/korm-vlajnyy-dlya-koshek-perfect-fit-immunity-govyadina-v-jele-75g-2000568772/
6894,https://dixy.ru/product/vlajnyy-korm-dlya-kotyat-perfect-fit-kuritsa-75g-2000522302/
6895,https://dixy.ru/product/korm-sukhoy-dlya-sterilizovannykh-koshek-perfect-fit-kuritsa-650g-2000250451/
6896,https://dixy.ru/product/korm-vlajnyy-dlya-sterilizovannykh-koshek-perfect-fit-govyadina-v-souse-75g-2000293613/
6897,https://dixy.ru/product/vlajnyy-korm-perfect-fit-dlya-koshek-s-chuvstvitelnym-pishchevareniem-telyatina-75g-2000626611/
6898,https://dixy.ru/product/vlajnyy-korm-perfect-fit-dlya-sterilizovannykh-koshek-losos-75g-2000626612/
6899,https://dixy.ru/product/korm-vlajnyy-dlya-koshek-perfect-fit-immunity-indeyka-v-jele-75g-2000568771/
6900,https://dixy.ru/product/korm-sukhoy-dlya-koshek-perfect-fit-immunity-govyadina-semena-lna-golubika-11kg-2000567052/
6901,https://dixy.ru/product/korm-vlajnyy-dlya-koshek-perfect-fit-govyadina-v-souse-75g-2000272748/
6902,https://dixy.ru/product/korm-sukhoy-dlya-sterilizovannykh-koshek-perfect-fit-kuritsa-12kg-2000255213/
6903,https://dixy.ru/product/korm-sukhoy-dlya-sterilizovannykh-koshek-perfect-fit-govyadina-650g-2000372866/
6904,https://dixy.ru/product/lakomstvo-dlya-koshek-perfect-fit-dlya-podderjaniya-immuniteta-kuritsa-50g-2000597792/
6905,https://dixy.ru/product/vlajnyy-korm-perfect-fit-dlya-koshek-dlya-podderjaniya-zdorovya-pochek-krolik-75g-2000626614/
6906,https://dixy.ru/product/sukhoy-korm-perfect-fit-dlya-domashnikh-koshek-govyadina-650g-2000626613/
6907,https://dixy.ru/product/lakomstvo-dlya-sobak-perfect-fit-dlya-podderjaniya-immuniteta-govyadina-90g-2000597791/
6908,https://dixy.ru/product/korm-sukhoy-perfect-fit-dlya-koshek-s-chuvstvitelnym-pishchevareniem-indeyka-650g-2000273778/
6909,https://dixy.ru/product/korm-sukhoy-dlya-koshek-whiskas-podushechki-kuritsa-i-indeyka-800g-2000258722/
6910,https://dixy.ru/product/korm-dlya-sterilizovannykh-koshek-purina-one-s-govyadinoy-750g-2000376478/
6911,https://dixy.ru/product/korm-sukhoy-dlya-koshek-whiskas-podushechki-pashtet-s-govyadinoy-350g-2000258720/
6912,https://dixy.ru/product/korm-sukhoy-dlya-sterilizovannykh-koshek-perfect-fit-kuritsa-650g-2000250451/
6913,https://dixy.ru/product/korm-dlya-sterilizovannykh-koshek-purina-one-s-lososem-15kg-2000330034/
6914,https://dixy.ru/product/sukhoy-korm-dlya-koshek-whiskas-1podushechki-govyadina-13kg-2000603759/
6915,https://dixy.ru/product/korm-sukhoy-dlya-koshek-kitekat-myasnoy-pir-13kg-2000632231/
6916,https://dixy.ru/product/vlajnyy-korm-dlya-koshek-whiskas-jele-telyatina-75g-2000649374/
6917,https://dixy.ru/product/sukhoy-korm-dlya-koshek-felix-dvoynaya-vkusnyatina-govyadina-600g-2000545632/
6918,https://dixy.ru/product/korm-dlya-sterilizovannykh-koshek-purina-one-s-lososem-200g-2000325856/
6919,https://dixy.ru/product/korm-dlya-sterilizovannykh-koshek-purina-one-s-lososem-750g-2000373765/
6920,https://dixy.ru/product/sukhoy-korm-dlya-koshek-purina-one-utka-pechen-750g-2000571854/
6921,https://dixy.ru/product/korm-sukhoy-dlya-koshek-kitekat-myasnoy-pir-800g-2000229412/
6922,https://dixy.ru/product/vlajnyy-korm-dlya-koshek-sheba-pashtet-v-jele-losos-75g-2000649373/
6923,https://dixy.ru/product/vlajnyy-korm-dlya-koshek-sheba-pashtet-v-jele-indeyka-75g-2000649372/
6924,https://dixy.ru/product/korm-whiskas-vkusnye-podushechki-dlya-kotyat-s-molokom-indeyka-morkov-350g-2000372860/
6925,https://dixy.ru/product/korm-dlya-koshek-purina-one-s-indeykoy-i-zlakami-15kg-2000325854/
6926,https://dixy.ru/product/korm-dlya-koshek-kitekat-telyatinka-appetitnaya-sukhoy-350g-2000229431/
6927,https://dixy.ru/product/sukhoy-korm-dlya-sterilizovannykh-koshek-perfect-fit-losos-650g-2000649371/
6928,https://dixy.ru/product/korm-sukhoy-dlya-kotyat-purina-one-kuritsa-750g-2000371963/
6929,https://dixy.ru/product/korm-dlya-koshek-felix-dvoynaya-vkusnyatina-s-ptitsey-600g-2000555734/
6930,https://dixy.ru/product/korm-sukhoy-dlya-koshek-perfect-fit-immunity-govyadina-semena-lna-golubika-11kg-2000567052/
6931,https://dixy.ru/product/korm-sukhoy-purina-one-dlya-sterilizovannykh-koshek-losos-3kg-2000591011/
6932,https://dixy.ru/product/korm-sukhoy-dlya-koshek-whiskas-vkusnye-podushechki-govyadina-800g-2000609073/
6933,https://dixy.ru/product/sukhoy-korm-dlya-koshek-felix-dvoynaya-vkusnyatina-govyadina-13kg-2000555733/
6934,https://dixy.ru/product/sukhoy-korm-dlya-koshek-felix-myasnoe-obedenie-kuritsa-13kg-2000628851/
6935,https://dixy.ru/product/korm-purina-one-dlya-kotyat-s-kuritsey-i-zlakami-200-g-2000005303/
6936,https://dixy.ru/product/korm-sukhoy-dlya-koshek-whiskas-podushechki-s-kuritsey-i-indeykoy-350g-2000258718/
6937,https://dixy.ru/product/korm-sukhoy-dlya-sterilizovannykh-koshek-perfect-fit-kuritsa-12kg-2000255213/
6938,https://dixy.ru/product/korm-dlya-sobak-chappi-myasnoe-izobilie-sukhoy-25kg-2000016318/
6939,https://dixy.ru/product/korm-sukhoy-brit-dlya-sobak-s-chuvstvitelnym-pishchevareniem-yagnenok-indeyka-1kg-2000615354/
6940,https://dixy.ru/product/korm-sukhoy-winnermeat-dlya-vzroslykh-sobak-melkikh-porod-telyatina-500g-2000424657/
6941,https://dixy.ru/product/korm-dlya-sobak-chappi-govyadina-po-domashnemu-sukhoy-600g-2000145639/
6942,https://dixy.ru/product/korm-sukhoy-dlya-sobak-miniatyurnykh-porod-pedigree-mini-govyadina-12kg-2000265023/
6943,https://dixy.ru/product/korm-dlya-sobak-purina-one-dlya-aktivnykh-govyadina-i-ris-600g-2000325848/
6944,https://dixy.ru/product/korm-dlya-sobak-pedigree-vsekh-porod-sukhoy-s-govyadinoy-22kg-2000330037/
6945,https://dixy.ru/product/korm-dlya-sobak-purina-one-s-kuritsey-i-risom-15-kg-2000371058/
6946,https://dixy.ru/product/korm-sukhoy-dlya-vzroslykh-sobak-malenkikh-porod-pedigree-govyadina-600g-2000370130/
6947,https://dixy.ru/product/sukhoy-korm-pedigree-dlya-vzroslykh-sobak-malenkikh-porod-s-govyadinoy-22kg-2000218697/
6948,https://dixy.ru/product/korm-dlya-sobak-darling-s-myasom-i-ovoshchami-2kg-2000566938/
6949,https://dixy.ru/product/korm-sukhoy-darsi-adult-dlya-sobak-krupnykh-porod-myasnoe-assorti-25kg-2000609245/
6950,https://dixy.ru/product/korm-sukhoy-dlya-koshek-winner-meat-govyadina-03kg-2000424651/
6951,https://dixy.ru/product/korm-sukhoy-dlya-sobak-srednikh-i-krupnykh-porod-winner-meat-govyadina-11kg-2000609680/
6952,https://dixy.ru/product/korm-dlya-sobak-melkikh-porod-miratorg-extra-meat-govyadina-15kg-2000609696/
6953,https://dixy.ru/product/korm-sukhoy-dlya-sobak-melkikh-porod-winner-extra-meat-govyadina-600g-2000609684/
6954,https://dixy.ru/product/sukhoy-korm-pedigree-dlya-sobak-malenkikh-porod-govyadina-2kg-2000617095/
6955,https://dixy.ru/product/sukhoy-korm-pedigree-dlya-sobak-vsekh-porod-govyadina-2kg-2000617097/
6956,https://dixy.ru/product/sukhoy-korm-pedigree-dlya-sobak-malenkikh-porod-govyadina-500g-2000617096/
6957,https://dixy.ru/product/napolnitel-kotofski-dlya-koshachego-tualeta-drevesnyy-5-l-2000300681/
6958,https://dixy.ru/product/napolnitel-dlya-koshachego-tualeta-mauricio-tofu-komkuyushchiysya-rastitelnyy-5l-2000642791/
6959,https://dixy.ru/product/napolnitel-vpityvayushchiy-kotofski-dlya-koshachego-tualeta-45l-2000154638/
6960,https://dixy.ru/product/napolnitel-dlya-koshachego-tualeta-mauricio-silikagelevyy-38l-2000644031/
6961,https://dixy.ru/product/igrushki-dlya-sobak-i-koshek-triol-v-assortimente-2000591833/
6962,https://dixy.ru/product/napolnitel-dlya-koshachego-tualeta-cat-step-silikagel-23-l-2000543431/
6963,https://dixy.ru/product/trava-dlya-koshek-titbit-oves-25g-2000576193/
6964,https://dixy.ru/product/napolnitel-dlya-koshachego-tualeta-catsan-gigienicheskiy-5l-2000002853/
6965,https://dixy.ru/product/igrushka-dlya-koshek-triol-draznilka-v-assortimente-2000298834/
6966,https://dixy.ru/product/pelenki-dlya-jivotnykh-gamma-40kh60-sm-5-sht-2000302764/
6967,https://dixy.ru/product/osheynik-gamma-bio-ot-vneshnikh-parazitov-dlya-kosheksobak-2000292110/
6968,https://dixy.ru/product/igrushka-dlya-sobak-triol-gantel-vinilovaya-v-assortimente-2000330053/
6969,https://dixy.ru/product/igrushka-dlya-koshek-aktivnaya-igra-v-assortimente-3sht-2000295365/
6970,https://dixy.ru/product/napolnitel-dlya-koshachego-tualeta-tafi-silikagel-38l-2000555732/
6971,https://dixy.ru/product/igrushka-dlya-sobak-verevka-kanat-v-assortimente-24-sm-2000539475/
6972,https://dixy.ru/product/pelenki-tafismarti-40kh60-sm-10-sht-2000561073/
6973,https://dixy.ru/product/igrushka-dlya-sobak-myach-v-assortimente-2000539476/
6974,https://dixy.ru/product/napolnitel-dlya-koshachego-tualeta-murkoff-komkuyushchiysya-8-l-2000582751/
6975,https://dixy.ru/product/dispenser-triolgigienicheskie-pakety-dlya-vygula-sobak-2000592191/
6976,https://dixy.ru/product/biokapli-gamma-ot-vneshnikh-parazitov-dlya-kosheksobak-2000592071/
6977,https://dixy.ru/product/napolnitel-clean-paws-tofu-premium-v-assortimente-6l-2000600791/
6978,https://dixy.ru/product/igrushka-dlya-koshek-v-assortimente-3-sht-2000420491/
6979,https://dixy.ru/product/osheynik-dlya-sobak-gamma-ot-vneshnikh-parazitov-2000420494/
6980,https://dixy.ru/product/napolnitel-komkuyushchiysya-dlya-koshachego-tualeta-moi-lyubimtsy-10l-5kg-2000550152/
6981,https://dixy.ru/product/igrushka-draznilka-triol-v-assortimente-2000330712/
6982,https://dixy.ru/product/igrushka-dlya-koshek-neonovaya-myshka-75460mm-2000609238/
6983,https://dixy.ru/product/pukhoderka-triol-plastmassovaya-2000609240/
6984,https://dixy.ru/product/shampun-universalnyy-dlya-sobak-i-koshek-aloe-vera-250ml-2000609249/
6985,https://dixy.ru/product/igrushka-mini-dogs-dlya-sobak-melkikh-porod-verevkakoltsomyach-2000609234/
6986,https://dixy.ru/product/konditsioner-dlya-sobak-i-koshek-400ml-2000609233/
6987,https://dixy.ru/product/sredstvo-dlya-mytya-posudy-haus-herz-glitserin-i-aloe-450ml-2000543052/
6988,https://dixy.ru/product/gel-dlya-mytya-posudy-simbl-dikie-yagody-450ml-2000642355/
6989,https://dixy.ru/product/gel-dlya-mytya-posudy-simbl-mandarin-450ml-2000642354/
6990,https://dixy.ru/product/sredstvo-dlya-mytya-posudy-aos-balzam-450ml-2000289254/
6991,https://dixy.ru/product/sredstvo-dlya-posudy-aos-sochnaya-vishnya-450ml-2000625351/
6992,https://dixy.ru/product/sredstvo-dlya-mytya-posudy-pervym-delom-aloe-500ml-2000207805/
6993,https://dixy.ru/product/sredstvo-dlya-mytya-posudy-sorti-limon-jidkoe-450g-2000289255/
6994,https://dixy.ru/product/sredstvo-dlya-mytya-posudy-synergetic-limon-1l-2000321808/
6995,https://dixy.ru/product/sredstvo-dlya-mytya-posudy-aos-balzam-aloe-vera-900ml-2000289256/
6996,https://dixy.ru/product/gel-dlya-posudy-synergetic-aloe-500ml-2000373928/
6997,https://dixy.ru/product/sredstvo-dlya-mytya-posudy-sanita-mandarin-i-belyy-chay-900g-2000564733/
6998,https://dixy.ru/product/sredstvo-dlya-mytya-posudy-aos-balzam-romashka-vitamin-e-900ml-2000315247/
6999,https://dixy.ru/product/gel-dlya-mytya-posudy-sanita-sitsiliyskiy-limon-900g-2000595711/
7000,https://dixy.ru/product/gel-balzam-dlya-mytya-synergetic-bazilik-i-myata-1l-2000576831/
7001,https://dixy.ru/product/sredstvo-dlya-posudy-fairy-zelenoe-yablokoromashka-v-assortimente-900ml-2000265731/
7002,https://dixy.ru/product/sredstvo-dlya-mytya-posudy-fairy-pure--clean-450-ml-2000290508/
7003,https://dixy.ru/product/sredstvo-dlya-mytya-posudy-fairy-lavanda-i-rozmarin-650ml-2000407991/
7004,https://dixy.ru/product/sredstvo-dlya-posudy-fairy-pureclean-900ml-2000631973/
7005,https://dixy.ru/product/sredstvo-dlya-mytya-posudy-fairy-platinum-arbuz-430ml-2000517533/
7006,https://dixy.ru/product/sredstvo-dlya-posudy-fairy-sochnyy-limonchaynoe-derevo-myata-135l-2000371202/
7007,https://dixy.ru/product/sredstvo-dlya-posudy-fairy-sochnyy-limonapelsin-limonnik-v-assortimente-900ml-2000274013/
7008,https://dixy.ru/product/sredstvo-dlya-posudy-fairy-sochnyy-limonapelsin-limonnik-v-assortimente-450ml-2000265727/
7009,https://dixy.ru/product/sredstvo-dlya-posudy-fairy-zelenoe-yablokochaynoe-derevo-myata-v-assortimente-450ml-2000265729/
7010,https://dixy.ru/product/sredstvo-dlya-mytya-posudy-fairy-detskiy-450ml-2000307963/
7011,https://dixy.ru/product/sredstvo-dlya-mytya-posudy-synergetic-arbuz-1l-2000323096/
7012,https://dixy.ru/product/sredstvo-dlya-posudy-fairy-pureclean-bergamot-i-imbir-450ml-2000321810/
7013,https://dixy.ru/product/sredstvo-dlya-mytya-posudy-aos-balzam-900-ml-2000315246/
7014,https://dixy.ru/product/gel-dlya-mytya-posudy-jundo-sakura-800-ml-2000322730/
7015,https://dixy.ru/product/sredstvo-dlya-mytya-posudy-biomio-bio-care-bez-zapakha-450-ml-2000374898/
7016,https://dixy.ru/product/sredstvo-dlya-mytya-posudy-sanita-greypfrut-myata-450ml-2000558714/
7017,https://dixy.ru/product/tabletki-dlya-posudomoechnykh-mashin-yess-30sht-2000596131/
7018,https://dixy.ru/product/tabletki-dlya-posudomoechnoy-mashiny-finish-powerball-100sht-2000564415/
7019,https://dixy.ru/product/sol-dlya-posudomoechnykh-mashin-finish-classis-15kg-tst0041788/
7020,https://dixy.ru/product/tabletki-dlya-posudomoechnykh-mashin-synergetic-100sht-2000619044/
7021,https://dixy.ru/product/sredstvo-dlya-posudomoechnykh-mashin-bingo-pro-all-in-one-50sht-2000641753/
7022,https://dixy.ru/product/tabletki-dlya-posudomoechnykh-mashin-synergetic-55sht-2000371209/
7023,https://dixy.ru/product/sredstvo-dlya-posudomoechnykh-mashin-fairy-all-in-1-limon-84sht-2000371207/
7024,https://dixy.ru/product/sredstvo-dlya-posudomoechnykh-mashin-fairy-vse-v-1-limon-48-sht-648g-2000372093/
7025,https://dixy.ru/product/kapsuly-dlya-posudomoechnykh-mashin-fairy-platinum-plus-all-in-1-svejest-trav-7sht-2000636851/
7026,https://dixy.ru/product/tabletki-dlya-posudomoechnykh-mashin-somat-ekstra-vse-v-1-45sht-2000443538/
7027,https://dixy.ru/product/tabletki-dlya-posudomoechnoy-mashiny-vertex-50-sht-2000274861/
7028,https://dixy.ru/product/gel-dlya-kukhni-chistin-jiroudalitel-300-g-2000541934/
7029,https://dixy.ru/product/poroshok-finish-classic-power-powder-dlya-posudomoechnykh-mashin-t000023621/
7030,https://dixy.ru/product/sredstvo-dlya-kukhni-adriol-jiroudalitel-500-ml-2000542395/
7031,https://dixy.ru/product/opolaskivatel-dlya-posudomoechnykh-mashin-finish-400ml-2000146702/
7032,https://dixy.ru/product/tabletki-dlya-posudomoechnykh-mashin-finish-all-in-1-max-13sht-2000231055/
7033,https://dixy.ru/product/sredstvo-dlya-posudomoechnykh-mashin-finish-ochistitel-250-ml-2000160270/
7034,https://dixy.ru/product/tabletki-posudomoechnykh-mashin-finish-all-in-one-50sht-2000265037/
7035,https://dixy.ru/product/ochistitel-finish-dlya-posudomoechnykh-mashin-limon-250-ml-2000301604/
7036,https://dixy.ru/product/opolaskivatel-dlya-posudomoechnykh-mashin-finish-shineprotect-800ml-2000332071/
7037,https://dixy.ru/product/sredstvo-dlya-posudomoechnykh-mashin-finish-quantum-ultimate-30sht-2000332070/
7038,https://dixy.ru/product/gel-finish-all-in-1-max-antijir-limon-600-ml-2000376637/
7039,https://dixy.ru/product/tabletki-dlya-posudomoechnykh-mashin-snowter-all-in-1-60-sht-2000443525/
7040,https://dixy.ru/product/tabletki-dlya-posudomoechnoy-mashiny-somat-all-in-one-48sht-2000373947/
7041,https://dixy.ru/product/sredstvo-dlya-posudomoechnykh-mashin-finish-quantum-36-tabletok-2000539343/
7042,https://dixy.ru/product/sredstvo-dlya-posudomoechnykh-mashin-finish-classic-28-sht-2000553473/
7043,https://dixy.ru/product/tabletki-dlya-posudomoechnykh-mashin-snowter-eko-30-sht-2000541803/
7044,https://dixy.ru/product/sredstvo-dlya-posudomoechnykh-mashin-finish-power-70-sht-2000553472/
7045,https://dixy.ru/product/granulirovannaya-sol-dlya-posudomoechnykh-mashin-finish-700g-2000587391/
7046,https://dixy.ru/product/sol-yess-dlya-posudomoechnykh-mashin-1000-g-2000593731/
7047,https://dixy.ru/product/tabletki-dlya-posudomoechnykh-mashin-yess-30sht-2000596131/
7048,https://dixy.ru/product/osvejitel-vozdukha-figaro-tsvetochnyy-blyuz-300ml-2000290444/
7049,https://dixy.ru/product/osvejitel-vozdukha-figaro-tsitrus-aerozolnyy-300ml-2000290445/
7050,https://dixy.ru/product/mylo-khozyaystvennoe-pervym-delom-72-2000227651/
7051,https://dixy.ru/product/otbelivatel-pyatnovyvoditel-yess-600g-2000625132/
7052,https://dixy.ru/product/otbelivatel-pervym-delom-belizna-1l-2000279244/
7053,https://dixy.ru/product/sredstvo-dlya-mytya-posudy-pervym-delom-aloe-500ml-2000207805/
7054,https://dixy.ru/product/sredstvo-pervym-delom-dlya-stekol-i-drugikh-poverkhnostey-500ml-2000592092/
7055,https://dixy.ru/product/chistyashchiy-gel-figaro-universalnyy-750g-2000535333/
7056,https://dixy.ru/product/gel-dlya-stirki-yess-universalnyy-27l-2000606614/
7057,https://dixy.ru/product/sredstvo-yess-dlya-prochistki-trub-750ml-2000606771/
7058,https://dixy.ru/product/gel-yess-dlya-stirki-tsvetnogo-belya-1l-2000607851/
7059,https://dixy.ru/product/sredstvo-chistyashchee-yess-poloski-chistoty-tsitrus-4kh10g-40g-2000601211/
7060,https://dixy.ru/product/sredstvo-dlya-unitaza-yess-deo-blok-laym-2kh50g-100g-2000601212/
7061,https://dixy.ru/product/granuly-pervym-delom-dlya-prochistki-trub-90g-2000596471/
7062,https://dixy.ru/product/osvejitel-vozdukha-arluni-kashemir-derevo-smennyy-ballon-250ml-2000619512/
7063,https://dixy.ru/product/osvejitel-vozdukha-arluni-granat-nektarin-300ml-2000637951/
7064,https://dixy.ru/product/osvejitel-vozdukha-arluni-sakura-vishnya-smennyy-ballon-250ml-2000623380/
7065,https://dixy.ru/product/svecha-aromaticheskaya-glade-i-love-you-130g-2000644911/
7066,https://dixy.ru/product/osvejitel-vozdukha-provence-fruktovyy-desert-smennyy-ballon-250ml-2000316744/
7067,https://dixy.ru/product/osvejitel-vozdukha-glade-v-assortimente-300ml-2000274621/
7068,https://dixy.ru/product/osvejitel-vozdukha-figaro-tsvetochnyy-blyuz-300ml-2000290444/
7069,https://dixy.ru/product/osvejitel-vozdukha-figaro-tsitrus-aerozolnyy-300ml-2000290445/
7070,https://dixy.ru/product/osvejitel-vozdukha-glade-pion-i-sochnye-yagody-300ml-2000330719/
7071,https://dixy.ru/product/osvejitel-vozdukha-glade-indoneziyskiy-sandal-300ml-2000622051/
7072,https://dixy.ru/product/osvejitel-vozdukha-airwick-maldivskie-mechty-290ml-2000319151/
7073,https://dixy.ru/product/osvejitel-vozdukha-air-wick-marokkanskoe-utro-290ml-2000576231/
7074,https://dixy.ru/product/osvejitel-vozdukha-airwick-kanikuly-v-ispanii-400ml-2000578112/
7075,https://dixy.ru/product/osvejitel-vozdukha-glade-pion-i-sochnye-yagody-smennyy-ballon-269ml-2000330713/
7076,https://dixy.ru/product/osvejitel-vozdukha-glade-pion-i-sochnye-yagody-komplekt-269ml-2000581412/
7077,https://dixy.ru/product/osvejitel-vozdukha-provence-bodryashchiy-laym-smennyy-ballon-250ml-2000444362/
7078,https://dixy.ru/product/osvejitel-vozdukha-airwick-v-assortimente-250ml-2000270959/
7079,https://dixy.ru/product/diffuzor-breesal-aroma-sphere-aromaticheskiy-40ml-2000328836/
7080,https://dixy.ru/product/aromamaslo-dlya-diffuzora-air-wick-bodryashchiy-tsitrus-19ml-2000576233/
7081,https://dixy.ru/product/kofe-fresco-arabica-blend-v-zernakh-200g-2000646435/
7082,https://dixy.ru/product/osvejitel-vozdukha-arluni-malina-arbuz-300ml-2000649254/
7083,https://dixy.ru/product/osvejitel-vozdukha-air-wick-baykalskaya-svejest-290ml-2000576234/
7084,https://dixy.ru/product/osvejitel-vozdukha-pervym-delom-posle-dojdya-aerozol-300ml-2000211770/
7085,https://dixy.ru/product/osvejitel-vozdukha-glade-yaponskiy-sad-300ml-2000229492/
7086,https://dixy.ru/product/osvejitel-vozdukha-glade-svejest-utra-smennyy-ballon-269ml-2000290447/
7087,https://dixy.ru/product/osvejitel-vozdukha-air-wick-ispanskie-kanikuly-290ml-2000370309/
7088,https://dixy.ru/product/osvejitel-vozdukha-airwick-spelyy-mango-250ml-2000315445/
7089,https://dixy.ru/product/osvejitel-vozdukha-glade-lazurnaya-volna-magnoliya-smennyy-ballon-269ml-2000331629/
7090,https://dixy.ru/product/osvejitel-vozdukha-airwick-istinnoe-naslajdenie-250-ml-2000330209/
7091,https://dixy.ru/product/sredstvo-dezinfitsiruyushchee-professional-big-d-300ml-2000330889/
7092,https://dixy.ru/product/gel-dlya-stirki-lamm-color-13kg-2000544371/
7093,https://dixy.ru/product/gel-dlya-stirki-laun-dlya-vsekh-vidov-tkaney-17l-2000643431/
7094,https://dixy.ru/product/gel-dlya-stirki-laun-2v1-s-pyatnovyvoditelem-17l-2000643432/
7095,https://dixy.ru/product/stiralnyy-poroshok-ariel-color-avtomat-25kg-2000075840/
7096,https://dixy.ru/product/poroshok-stiralnyy-ariel-lenor-25kg-2000554272/
7097,https://dixy.ru/product/ochistitel-universalnyy-brandfree-ya-tvoe-sredstvo-dlya-vsego-1kg-2000621991/
7098,https://dixy.ru/product/stiralnyy-poroshok-ariel-akvapudra-verbena-25kg-2000590251/
7099,https://dixy.ru/product/konditsioner-dlya-belya-bis-charuyushchaya-magnoliya-900ml-2000588151/
7100,https://dixy.ru/product/stiralnyy-poroshok-dosia-optima-color-4-kg-2000343677/
7101,https://dixy.ru/product/konditsioner-dlya-belya-tori-perfume-paris-lamour-19l-2000643411/
7102,https://dixy.ru/product/konditsioner-dlya-belya-lamm-barkhatnyy-pion-182l-2000639653/
7103,https://dixy.ru/product/konditsioner-dlya-belya-tori-perfume-capri-essence-19l-2000643412/
7104,https://dixy.ru/product/gel-kontsentrat-dlya-stirki-belya-tori-color-3l-2000597451/
7105,https://dixy.ru/product/sredstvo-dlya-stirki-lamm-color-195l-2000640231/
7106,https://dixy.ru/product/konditsioner-dlya-belya-aroma-drop-pink-blossom-v-granulakh-200g-2000641891/
7107,https://dixy.ru/product/konditsioner-dlya-belya-aroma-drop-alpine-fresh-v-granulakh-200g-2000641892/
7108,https://dixy.ru/product/konditsioner-dlya-belya-e-vostochnyy-son-2l-2000643453/
7109,https://dixy.ru/product/konditsioner-dlya-belya-lamm-alpiyskaya-svejest-182l-2000639651/
7110,https://dixy.ru/product/gel-dlya-stirki-lamm-universal-195l-2000639652/
7111,https://dixy.ru/product/gel-dlya-stirki-losk-orkhideya-i-maslo-makadamii-219l-2000607931/
7112,https://dixy.ru/product/gel-synergetic-pure-dlya-stirki-vsekh-vidov-tkaney-228l-2000628917/
7113,https://dixy.ru/product/sredstvo-dlya-stirki-bimax-color-13kg-2000275519/
7114,https://dixy.ru/product/gel-dlya-stirki-persil-color-176l-2000416274/
7115,https://dixy.ru/product/gel-dlya-stirki-persil-svejest-ot-vernel-dlya-belogo-13l-2000280680/
7116,https://dixy.ru/product/gel-dlya-stirki-bimax-100-pyaten-1300g-2000411441/
7117,https://dixy.ru/product/sredstvo-dlya-stirki-persil-power-gel-lavanda-13-l-2000373023/
7118,https://dixy.ru/product/universalnoe-sredstvo-dlya-stirki-vilor-15l-2000591273/
7119,https://dixy.ru/product/gel-dlya-stirki-lamm-aroma-13kg-2000544373/
7120,https://dixy.ru/product/gel-dlya-stirki-losk-dlya-tsvetnogo-i-belogo-belya-146l-2000592812/
7121,https://dixy.ru/product/gel-dlya-stirki-bimax-osmantus-1300g-2000608056/
7122,https://dixy.ru/product/antistatik-lira-dlya-tkaney-s-neytralnym-aromatom-200ml-2000005527/
7123,https://dixy.ru/product/gubka-dlya-obuvi-pervym-delom-bestsvetnaya-2000597591/
7124,https://dixy.ru/product/rolika-dlya-odejdy-wellfort-50-listov-2000552972/
7125,https://dixy.ru/product/kraska-dlya-obuvi-salton-dlya-zamshi-i-nubuka-chernaya-250-ml-2000265056/
7126,https://dixy.ru/product/zashchita-ot-vody-salton-dlya-obuvi-iz-koji-zamshi-300ml-2000266147/
7127,https://dixy.ru/product/gubka-dlya-obuvi-pervym-delom-srednyaya-chernaya-2000219537/
7128,https://dixy.ru/product/krem-dlya-obuvi-salton-dlya-gladkoy-koji-v-banke-chernyy-50ml-2000265879/
7129,https://dixy.ru/product/gubka-dlya-obuvi-salton-volna-dlya-gladkoy-koji-v-assortimente-2000265885/
7130,https://dixy.ru/product/krem-dlya-obuvi-salton-v-tube-v-assortimente-75-ml-2000265860/
7131,https://dixy.ru/product/sprey-dlya-obuvi-silver-universal-zashchita-ot-soli-i-reagentov-250ml-2000300564/
7132,https://dixy.ru/product/aktivnaya-pena-dlya-ochishcheniya-obuvi-salton-sport-200ml-2000316609/
7133,https://dixy.ru/product/nasadki-dlya-rolika-wellfort-50-listov-2sht-2000552971/
7134,https://dixy.ru/product/kraska-salton-dlya-obuvi-iz-zamshi-nubuka-velyura-chernaya-190ml-2000578811/
7135,https://dixy.ru/product/perchatki-khozyaystvennye-drclean-lateksnye-razmer-l-2000585111/
7136,https://dixy.ru/product/kraska-likvid-salton-sport-dlya-beloy-sportivnoy-obuvi-75-ml-2000588353/
7137,https://dixy.ru/product/rolik-dlya-odejdy-lomberta-40-listov-2000582633/
7138,https://dixy.ru/product/gubka-dlya-obuvi-yess-bestsvetnaya-2000604271/
7139,https://dixy.ru/product/dezodorant-dlya-obuvi-salton-150ml-tst0042059/
7140,https://dixy.ru/product/vlajnye-salfetki-salton-dlya-sportivnoy-obuvi-i-podoshv-15sht-2000588354/
7141,https://dixy.ru/product/gubka-dlya-obuvi-salton-sport-75ml-2000612172/
7142,https://dixy.ru/product/sprey-salton-sport-ultra-bronya-dlya-krossovok-200ml-2000612173/
7143,https://dixy.ru/product/sredstvo-chistyashchee-sif-krem-pena-kukhnavannaya-500ml-2000604516/
7144,https://dixy.ru/product/sredstvo-chistyashchee-universalnoe-domestos-kristally-chistoty-yagodnoe-siyanie-750ml-2000644092/
7145,https://dixy.ru/product/blok-dlya-unitaza-domestos-skazochnyy-aromat-2kh50g-2000621513/
7146,https://dixy.ru/product/blok-dlya-unitaza-domestos-kristally-chistoty-yagodnoe-siyanietsitrusovyy-blesk-550g-2000644091/
7147,https://dixy.ru/product/krem-pena-sif-ultra-antijirzashchita-dlya-kukhni-sprey-500ml-2000625953/
7148,https://dixy.ru/product/chistyashchee-sredstvo-grassgrass-universalnoe-superpena-15v1-600ml-2000645331/
7149,https://dixy.ru/product/sredstvo-dlya-uborki-sanfor-universalnyy-10v1-limonnaya-svejest-1500ml-2000639711/
7150,https://dixy.ru/product/chistyashchee-sredstvo-dlya-kukhni-sanita-antijir-500ml-2000443494/
7151,https://dixy.ru/product/chistyashchee-sredstvo-azelit-anti-jir-sprey-600ml-2000560691/
7152,https://dixy.ru/product/sredstvo-chistyashchee-grass-azelit-dlya-steklokeramiki-600ml-2000608520/
7153,https://dixy.ru/product/sredstvo-chistyashchee-sanfor-universal-10v1-morskoy-briz-750ml-2000302424/
7154,https://dixy.ru/product/chistyashchee-sredstvo-dlya-unitaza-tualetnyy-utenok-vidimyy-effekt-900ml-2000320090/
7155,https://dixy.ru/product/sredstvo-chistyashchee-grass-wc-gel-dlya-vanny-i-tualeta-750ml-2000608516/
7156,https://dixy.ru/product/sredstvo-chistyashchee-sanoks-dlya-santekhniki-750ml-di00078519/
7157,https://dixy.ru/product/sredstvo-dlya-stekol-i-poverkhnostey-mr-muscle-utrennyaya-rosa-500ml530ml-1041035857/
7158,https://dixy.ru/product/tualetnyy-blok-bref-sila-aktiv-limonnaya-svejest-3-bloka-2000319097/
7159,https://dixy.ru/product/sredstvo-dlya-mytya-okon-i-zerkal-synergetic-sprey-500-ml-2000375754/
7160,https://dixy.ru/product/sredstvo-chistyashchee-cillit-bang-antinalet-i-rjavchina-450ml-2000422171/
7161,https://dixy.ru/product/blok-dlya-unitaza-bref-sila-aktiv-limonokean-4kh50g-2000468748/
7162,https://dixy.ru/product/sredstvo-pervym-delom-dlya-stekol-i-drugikh-poverkhnostey-500ml-2000592092/
7163,https://dixy.ru/product/sredstvo-dlya-chistki-trub-i-ustraneniya-zasorov-sanfor-750ml-2000284564/
7164,https://dixy.ru/product/gel-dlya-udaleniya-zasorov-v-trubakh-krot-turbo-1kg-2000555151/
7165,https://dixy.ru/product/gel-otbelivayushchiy-sanfor-belizna-3v1-700ml-2000302423/
7166,https://dixy.ru/product/sredstvo-chistyashchee-chistin-limonnyy-vsplesk-400-g-2000443812/
7167,https://dixy.ru/product/granuly-mr-muscle-dlya-prochistki-slivnykh-trub-vsekh-vidov-70g-10a0033783/
7168,https://dixy.ru/product/sredstvo-chistyashchee-gloriks-med-7v1-ultra-gigiena-750ml-2000529096/
7169,https://dixy.ru/product/chistyashchiy-gel-figaro-universalnyy-750g-2000535333/
7170,https://dixy.ru/product/sredstvo-chistyashchee-draktiv-dlya-udaleniya-jira-nagara-kopoti-500ml-2000588611/
7171,https://dixy.ru/product/sredstvo-dlya-mytya-posudy-aos-balzam-romashka-vitamin-e-900ml-2000315247/
7172,https://dixy.ru/product/sredstvo-yess-dlya-prochistki-trub-750ml-2000606771/
7173,https://dixy.ru/product/polotentsa-bumajnye-yess-2-sloya-2-rulona-2000617313/
7174,https://dixy.ru/product/polotentsa-bumajnye-papia-3-sloya-2-rulona-2000267721/
7175,https://dixy.ru/product/polotentsa-bumajnye-yess-2-kh-sloynye-2000604711/
7176,https://dixy.ru/product/polotentsa-bumajnye-zemmazewa-standart-2-sloya-2sht-t000015595/
7177,https://dixy.ru/product/polotentsa-bumajnye-soffione-grande-2-sloya-1-rulon-2000315093/
7178,https://dixy.ru/product/polotentsa-zemmazewa-premium-decor-2-sloya-2sht-2000242191/
7179,https://dixy.ru/product/polotentsa-bumajnye-zemmazewa-ekspert-dekor-3-kh-sloynye-2sht-2000645391/
7180,https://dixy.ru/product/polotentsa-vlajnye-yess-ochishchayushchie-universalnye-60sht-2000603039/
7181,https://dixy.ru/product/polotentsa-bumajnye-figaro-2-sloya-belye-2-rulona-2000208416/
7182,https://dixy.ru/product/polotentsa-bumajnye-veiro-colibri-3-kh-sloynye-2sht-2000256951/
7183,https://dixy.ru/product/polotentsa-bumajnye-familia-xxl-2-sloya-2sht-2000288869/
7184,https://dixy.ru/product/polotentsa-bumajnye-soffione-twist-and-dry-3-kh-sloynye-2000619731/
7185,https://dixy.ru/product/polotentsa-bumajnye-papia-4-sloya-belye-2000623791/
7186,https://dixy.ru/product/polotentsa-bumajnye-soffione-plus-size-2-sloya-2000624172/
7187,https://dixy.ru/product/polotentsa-bumajnye-papia-decor-3-sloya-2sht-2000624357/
7188,https://dixy.ru/product/polotentsa-bumajnye-papia-3-sloya-100sht-2000628971/
7189,https://dixy.ru/product/polotentsa-bumajnye-veiro-luxx-2-sloya-132sht-2000642211/
7190,https://dixy.ru/product/stanki-dlya-britya-pervym-delom-odnorazovye-2-lezviya-5sht-2000621431/
7191,https://dixy.ru/product/pena-dlya-britya-gibbs-sensitive-200ml-2000449422/
7192,https://dixy.ru/product/stanki-gillette-2-dlya-britya-mujskie-odnorazovye-5sht-2000000661/
7193,https://dixy.ru/product/stanok-dlya-britya-gillette-blue-simple-iii-odnorazovyy-4sht-2000276146/
7194,https://dixy.ru/product/stanok-dlya-britya-jenskiy-gillette-simply-venus-2-odnorazovyy-2sht-10a0044886/
7195,https://dixy.ru/product/stanok-dlya-britya-gillette-blue-ii-mujskoy-odnorazovyy-5sht-tst0047100/
7196,https://dixy.ru/product/pena-dlya-britya-nivea-men-dlya-chuvstvitelnoy-koji-200ml-tst0015627/
7197,https://dixy.ru/product/kassety-gillette-fusion-smennye-dlya-britya-4sht-t000023858/
7198,https://dixy.ru/product/krem-posle-britya-svoboda-s-vitaminom-f-80g-tst0000659/
7199,https://dixy.ru/product/gel-dlya-britya-arko-men-extra-sensitive-200-ml-tst0041410/
7200,https://dixy.ru/product/kassety-smennye-gillette-venus-2sht-2000000729/
7201,https://dixy.ru/product/pena-dlya-britya-gillette-dlya-chuvstvitelnoy-koji-200ml-2000000662/
7202,https://dixy.ru/product/gel-dlya-britya-gillette-series-dlya-chuvstvitelnoy-koji-200ml-2000024498/
7203,https://dixy.ru/product/balzam-posle-britya-nivea-men-uspokaivayushchiy-100ml-2000001649/
7204,https://dixy.ru/product/kassety-gillette-fusion-smennye-dlya-britya-2sht-2000024821/
7205,https://dixy.ru/product/kassety-gillette-mach3-smennye-dlya-britya-4sht-2000000725/
7206,https://dixy.ru/product/kassety-gillette-mach3-turbo-smennye-dlya-britya-2sht-2000000726/
7207,https://dixy.ru/product/stanok-dlya-britya-venus-dlya-jenshchin-s-1-smennoy-kassetoy-2000177639/
7208,https://dixy.ru/product/stanok-dlya-britya-gillette-mach3-dlya-mujchin-s-1-smennoy-kassetoy-2000211350/
7209,https://dixy.ru/product/kassety-gillette-fusion-proglide-smennye-dlya-britya-2sht-2000166026/
7210,https://dixy.ru/product/stanok-dlya-britya-gillette-simply-venus-odnorazovyy-4sht-2000294045/
7211,https://dixy.ru/product/gel-dlya-britya-nivea-men-vosstanavlivayushchiy-200-ml-2000286301/
7212,https://dixy.ru/product/stanki-britvennye-dlya-jenshchin-odnorazovye-3-sht-2000306561/
7213,https://dixy.ru/product/stanok-dlya-britya-gillette-fusion-proglide-power-flexball-s-1-smennoy-kassetoy-2000221906/
7214,https://dixy.ru/product/pena-dlya-britya-nivea-men-ultra-s-aktivnym-uglem-200ml-2000294303/
7215,https://dixy.ru/product/kassety-smennye-gillette-fusion-6sht-2000340118/
7216,https://dixy.ru/product/stanok-dlya-britya-gillette-blue-ii-plus-odnorazovyy-82sht-2000294205/
7217,https://dixy.ru/product/stanki-britvennye-dlya-mujchin-odnorazovye-5-sht-2000306560/
7218,https://dixy.ru/product/loson-posle-britya-deonica-men-dlya-chuvstvitelnoy-koji-90ml-2000319250/
7219,https://dixy.ru/product/kassety-gillette-mach3-smennye-dlya-britya-6sht-2000321792/
7220,https://dixy.ru/product/pomada-gigienicheskaya-pantenol-28g-2000355558/
7221,https://dixy.ru/product/balzam-dlya-gub-nivea-osnovnoy-ukhod-2000606551/
7222,https://dixy.ru/product/balzam-dlya-gub-nivea-klubnichnoe-siyanie-2000606552/
7223,https://dixy.ru/product/kompleks-dlya-ukhoda-za-gubami-mi-ri-ne-2v1-v-assortimente-2000615311/
7224,https://dixy.ru/product/balzam-dlya-gub-mi-ri-ne-v-assortimente-2000615312/
7225,https://dixy.ru/product/balzam-dlya-gub-niveaniveya-vishnevoe-siyanie-2000624752/
7226,https://dixy.ru/product/balzam-dlya-gub-niveaniveya-sos-ukhod-2000624751/
7227,https://dixy.ru/product/balzam-dlya-gub-nivea-akva-zabota-2000638022/
7228,https://dixy.ru/product/tush-dlya-resnits-vivienne-sabo-cabaret-super-obem-9ml-2000359135/
7229,https://dixy.ru/product/prokladki-libretta-ultra-nochnye-16sht-2000623232/
7230,https://dixy.ru/product/prokladki-bella-panty-soft-ejednevnye-60sht-2000003869/
7231,https://dixy.ru/product/prokladki-molped-puresoft-normal-10sht-2000597873/
7232,https://dixy.ru/product/prokladki-yess-ultra-night-soft-8sht-2000603291/
7233,https://dixy.ru/product/prokladki-kotex-ultra-night-duo-vpityvayushchie-14sht-2000326632/
7234,https://dixy.ru/product/prokladki-nochnye-molped-super-night-7sht-2000631831/
7235,https://dixy.ru/product/prokladki-bella-normal-bez-krylyshek-10sht-2000638631/
7236,https://dixy.ru/product/prokladki-ejednevnye-always-nezametnaya-zashchita-udlinennye-16sht-2000312787/
7237,https://dixy.ru/product/prokladki-bella-herbs-tilia-comfort-lipovyy-tsvet-10sht-2000229251/
7238,https://dixy.ru/product/prokladki-discreet-deo-water-lily-multiform-ejednevnye-60sht-2000267440/
7239,https://dixy.ru/product/prokladki-always-ultra-night-ekstra-zashchita-plyus-10sht-2000521831/
7240,https://dixy.ru/product/prokladki-urologicheskie-seni-lady-plus-15sht-2000620032/
7241,https://dixy.ru/product/prokladki-nochnye-yioiy-ultra-7sht-2000623952/
7242,https://dixy.ru/product/prokladki-gigienicheskie-yess-normal-dry-10sht-2000631131/
7243,https://dixy.ru/product/prokladki-kotex-ultra-normal-vpityvayushchie-10sht-2000024558/
7244,https://dixy.ru/product/prokladki-ejednevnye-bella-for-teens-panty-sensitive-20sht-2000296026/
7245,https://dixy.ru/product/prokladki-molped-pantyliner-first-and-last-days-28sht-2000621151/
7246,https://dixy.ru/product/prokladki-always-ultra-super-duo-vpityvayushchie-16sht-2000110599/
7247,https://dixy.ru/product/tampony-yess-normal-16sht-2000599571/
7248,https://dixy.ru/product/tampony-kotex-normal-16sht-2000000619/
7249,https://dixy.ru/product/prokladki-bella-classic-nova-maxi-vpityvayushchie-10sht-10a0033954/
7250,https://dixy.ru/product/prokladki-naturella-ultra-normal-vpityvayushchie-10sht-2000000494/
7251,https://dixy.ru/product/prokladki-urologicheskie-tereza-lady-micro-vpityvayushchie-24-sht-2000589955/
7252,https://dixy.ru/product/prokladki-libretta-zabota-prirody-normal-10sht-2000632131/
7253,https://dixy.ru/product/prokladki-always-platinum-ultra-nochnye-12sht-2000336077/
7254,https://dixy.ru/product/prokladki-bella-nova-maxi-vpityvayushchie-10sht-10e0072157/
7255,https://dixy.ru/product/prokladki-ejednevnye-discreet-deo-water-lily-20sht-2000000493/
7256,https://dixy.ru/product/prokladki-bella-panty-soft-ejednevnye-20sht-10e0064900/
7257,https://dixy.ru/product/prokladki-always-ultra-night-duo-vpityvayushchie-nochnye-14sht-2000190443/
7258,https://dixy.ru/product/prokladki-kotex-ultra-normal-s-krylyshkami-20sht-2000220372/
7259,https://dixy.ru/product/nabor-podarochnyy-aura-krem-dlya-ruk-kompleksnyy-30mlakvakompleks-30ml-2000634457/
7260,https://dixy.ru/product/nabor-podarochnyy-only-bio-artnatural-maki-verbena-krem-dlya-tela-200mlkrem-dlya-ruk-75ml-2000634459/
7261,https://dixy.ru/product/nabor-bombochek-serdets-yess-dlya-vanny-v-assortimente-2sht-2000634431/
7262,https://dixy.ru/product/bombochki-shipuchie-beauty-desserts-dlya-vanny-v-assortimente-140g-2000578217/
7263,https://dixy.ru/product/nabor-podarochnyy-rexona-tsitrusovyy-fresh-dezodorant-40mlgel-dlya-dusha-200ml-2000634461/
7264,https://dixy.ru/product/nabor-dlya-nee-shampun-shauma-360mlkrem-gel-dlya-dusha-fa-250ml-2000447025/
7265,https://dixy.ru/product/nabor-detskiy-happy-bubbles-dlya-kupaniya-v-assortimente-315g-2000578223/
7266,https://dixy.ru/product/nabor-rexonabarkhatnye-ruchki-pryamo-v-serdtse-5045ml-2000578224/
7267,https://dixy.ru/product/nabor-podarochnyy-nabor-chistaya-liniya-shelkovistye-lokony-shampun-240mlsprey-160ml-2000578225/
7268,https://dixy.ru/product/nabor-podarochnyy-fito-kosmetik-bombochki-dlya-vanny-v-assortimente-2kh110g-2000578211/
7269,https://dixy.ru/product/nabor-podarochnyy-royal-flowers-krem-dlya-ruk-24mlbalzam-dlya-gub-v-assortimente-2000603036/
7270,https://dixy.ru/product/sol-dlya-vannoy-limei-v-assortimente-100g-2000577511/
7271,https://dixy.ru/product/nabor-palmolive-gel-dlya-dusha-dlya-jenshchin-250ml--mylo-90g-2000577515/
7272,https://dixy.ru/product/nabor-palmolive-gel-dlya-dusha-mujskoy-250mlmylo-90g-2000577516/
7273,https://dixy.ru/product/nabor-palmolive-gurme-spa-gel-dlya-dusha-2250ml-2000577512/
7274,https://dixy.ru/product/nabor-adventure-gel-dlya-dusha-150mlshampun-150ml-2000577518/
7275,https://dixy.ru/product/nabor-podarochnyy-detskiy-space-friends-shampun-balzam-200mlgel-dlya-dusha-200ml-2000602993/
7276,https://dixy.ru/product/nabor-malakhitovaya-shkatulka-shampun-300mlbalzam-300ml-2000602995/
7277,https://dixy.ru/product/geyzer-dlya-vanny-caf-mimi-nastoyashchaya-lyubov-115g-2000602994/
7278,https://dixy.ru/product/nabor-shampun-headshoulderspena-dlya-britya-gillette-200200ml-2000603009/
7279,https://dixy.ru/product/nabor-camay-tsvety-granata-gel-dlya-dusha-250mlmochalka-2000602997/
7280,https://dixy.ru/product/nabor-clearrexona-sport-shampun200mlgel-dlya-dusha-180ml-2000603002/
7281,https://dixy.ru/product/nabor-shampun-headshoulders-200mlgel-dlya-dusha-old-spice-v-assortimente-250ml-2000603008/
7282,https://dixy.ru/product/nabor-vilsen-for-men-gel-dlya-brityabalzam-posle-britya-150150ml-2000603003/
7283,https://dixy.ru/product/nabor-aura-beauty-krem-dlya-ruk-pitatelnyy-45ml-2000603010/
7284,https://dixy.ru/product/nabor-pirate-party-gel-dlya-dusha-200mlshampun-200ml-2000577513/
7285,https://dixy.ru/product/nabor-dove-s-lyubovyu-dlya-vas-antiperspirant-50mlkrem-dlya-ruk-45ml-2000578218/
7286,https://dixy.ru/product/nabor-super-food-kokos-shampun-200mlbalzam-200ml-2000603004/
7287,https://dixy.ru/product/nabor-spa-set-gel-dlya-dusha-klubnika-200mlbombochka-dlya-vanny-2000603005/
7288,https://dixy.ru/product/nabor-podarochnyy-herbal-essences-shampun-250mlbalzam-v-assortimente-180ml-2000602999/
7289,https://dixy.ru/product/tualetnaya-bumaga-yess-deluxe-3-kh-sloynaya-8-rulonov-2000595531/
7290,https://dixy.ru/product/salfetki-pervym-delom-bumajnye-1-sloy-100sht-2000208733/
7291,https://dixy.ru/product/polotentsa-bumajnye-yess-2-sloya-2-rulona-2000617313/
7292,https://dixy.ru/product/tualetnaya-bumaga-pervym-delom-2-kh-sloynaya-12-sht-2000593971/
7293,https://dixy.ru/product/salfetki-bumajnye-pervym-delom-250sht-2000588551/
7294,https://dixy.ru/product/diski-vatnye-yess-120sht-2000211769/
7295,https://dixy.ru/product/palochki-vatnye-pervym-delom200sht-2000209330/
7296,https://dixy.ru/product/salfetki-bumajnye-yess-kosmeticheskie-100sht-2000281113/
7297,https://dixy.ru/product/polotentsa-bumajnye-yess-2-kh-sloynye-2000604711/
7298,https://dixy.ru/product/bumaga-tualetnaya-pervym-delom-1-sloy-1-rulon-2000207690/
7299,https://dixy.ru/product/bumaga-tualetnaya-yess-vlajnaya-80sht-2000588571/
7300,https://dixy.ru/product/tualetnaya-bumaga-yess-deluxe-belaya-3-kh-sloynaya-4-rulona-2000411874/
7301,https://dixy.ru/product/salfetki-yess-bumajnye-stolovye-2-kh-sloynye-100sht-2000595491/
7302,https://dixy.ru/product/salfetki-vlajnye-pervym-delom-universalnye-130sht-2000601051/
7303,https://dixy.ru/product/tualetnaya-bumaga-pervym-delom-2-sloya-4-rulona-2000208732/
7304,https://dixy.ru/product/mylo-tualetnoe-yess-antibakterialnoe-chaynoe-derevo-90g-2000623033/
7305,https://dixy.ru/product/diski-vatnye-pervym-delom-80sht-2000209329/
7306,https://dixy.ru/product/tualetnaya-bumaga-yess-premium-pion-4-sloya-4-rulona-2000636553/
7307,https://dixy.ru/product/platochki-yess-bumajnye-3-sloya-10sht-2000284334/
7308,https://dixy.ru/product/bumaga-tualetnaya-yess-yabloko-2-sloya-8-rulonov-2000271383/
7309,https://dixy.ru/product/prokladki-yess-ultra-night-soft-8sht-2000603291/
7310,https://dixy.ru/product/salfetki-vlajnye-yess-antibakterialnye-120sht-2000632232/
7311,https://dixy.ru/product/zubochistki-la-fresh-bambukovye-280sht-2000559231/
7312,https://dixy.ru/product/palochki-vatnye-yess-200-sht-2000211771/
7313,https://dixy.ru/product/salfetki-yess-vlajnye-antibakterialnye-15sht-2000196169/
7314,https://dixy.ru/product/salfetki-vlajnye-yess-universalnye-80sht-2000629331/
7315,https://dixy.ru/product/krem-mylo-jidkoe-pervym-delom-500ml-2000613312/
7316,https://dixy.ru/product/bombochka-dlya-vanny-yess-v-assortimente-120g-2000606031/
7317,https://dixy.ru/product/polotentsa-vlajnye-yess-ochishchayushchie-universalnye-60sht-2000603039/
7318,https://dixy.ru/product/stanki-dlya-britya-pervym-delom-odnorazovye-2-lezviya-5sht-2000621431/
7319,https://dixy.ru/product/salfetki-baby-boom-vlajnye-detskie-s-ekstraktom-aloe-72sht-2000273774/
7320,https://dixy.ru/product/salfetki-pervym-delom-bumajnye-1-sloy-100sht-2000208733/
7321,https://dixy.ru/product/salfetki-bumajnye-pervym-delom-250sht-2000588551/
7322,https://dixy.ru/product/salfetki-bumajnye-yess-kosmeticheskie-100sht-2000281113/
7323,https://dixy.ru/product/salfetki-yess-bumajnye-stolovye-2-kh-sloynye-100sht-2000595491/
7324,https://dixy.ru/product/salfetki-vlajnye-pervym-delom-universalnye-130sht-2000601051/
7325,https://dixy.ru/product/salfetki-vlajnye-aura-romashka-antibakterialnye-72sht-2000292564/
7326,https://dixy.ru/product/platochki-yess-bumajnye-3-sloya-10sht-2000284334/
7327,https://dixy.ru/product/salfetki-vlajnye-yess-antibakterialnye-120sht-2000632232/
7328,https://dixy.ru/product/salfetki-vlajnye-baby-boom-detskie-ekstrakt-aloe-vera-15sht-2000273825/
7329,https://dixy.ru/product/salfetki-yess-vlajnye-antibakterialnye-15sht-2000196169/
7330,https://dixy.ru/product/salfetki-vlajnye-yess-universalnye-80sht-2000629331/
7331,https://dixy.ru/product/salfetki-vlajnye-ekonom-smart-antibakterialnye-100sht-2000371334/
7332,https://dixy.ru/product/salfetki-bumajnye-zemmazewa-2-sloya-100sht-2000175736/
7333,https://dixy.ru/product/tualetnaya-vlajnaya-bumaga-mon-rulon-detskaya-50sht-2000424752/
7334,https://dixy.ru/product/salfetki-vlajnye-yess-dlya-intimnoy-gigieny-15sht-2000600011/
7335,https://dixy.ru/product/salfetki-vlajnye-pervym-delom-universalnye-20sht-2000600331/
7336,https://dixy.ru/product/salfetki-vlajnye-salfeti-antibakterialnye-s-klapanom-72-sht-2000289203/
7337,https://dixy.ru/product/salfetki-bumajnye-soffione-1-sloy-500sht-2000645373/
7338,https://dixy.ru/product/podguzniki-trusiki-detskie-pervym-delom-r4-9-14kg-16sht-2000607451/
7339,https://dixy.ru/product/podguzniki-huggies-elite-soft-r3-5-9kg-72sht-2000608474/
7340,https://dixy.ru/product/podguzniki-trusiki-detskie-pervym-delom-r5-13-20kg-16sht-2000608271/
7341,https://dixy.ru/product/vlajnye-salfetki-labubu-60sht-2000625371/
7342,https://dixy.ru/product/salfetki-vlajnye-ekonom-smart-antibakterialnye-50sht-2000338336/
7343,https://dixy.ru/product/salfetki-bumajnye-veiro-linia-trekhsloynye-33kh33-sm-20-sht-2000143001/
7344,https://dixy.ru/product/salfetki-bumajnye-zewa-deluxe-3-sloya-90-sht-2000284689/
7345,https://dixy.ru/product/salfetki-bumajnye-yess-tsvetnye-2-sloya-50-sht-2000209649/
7346,https://dixy.ru/product/platochki-bumajnye-nosovye-zemmazewa-deluxe-romashka-3-sloya-1kh10sht-2000175737/
7347,https://dixy.ru/product/salfetki-bumajnye-v-korobke-zewa-kids-3-sloya-60-sht-2000277780/
7348,https://dixy.ru/product/salfetki-liliya-s-risunkom-1-sloy-24kh24sm-200sht-2000284269/
7349,https://dixy.ru/product/gel-dlya-dusha-palmolive-men-2-v-1-sport-750ml-2000326366/
7350,https://dixy.ru/product/gel-dlya-dusha-marrakech-royal-spa-marula-oil-1l-2000648332/
7351,https://dixy.ru/product/gel-dlya-dusha-palmolive-men-energiya-kofe-750ml-2000650459/
7352,https://dixy.ru/product/gel-dlya-dusha-marrakech-oil-premium-1l-2000648333/
7353,https://dixy.ru/product/gel-dlya-dusha-palmolive-men-2-v-1-tsitrusovyy-zaryad-250-ml-2000263336/
7354,https://dixy.ru/product/gel-dlya-dusha-palmolive-naturel-roskoshnaya-myagkost-chernaya-orkhideya-250ml-2000166023/
7355,https://dixy.ru/product/mylo-dlya-ruk-aura-maslo-dikoy-rozy-jidkoe-1l-2000569611/
7356,https://dixy.ru/product/mylo-tualetnoe-yess-antibakterialnoe-chaynoe-derevo-90g-2000623033/
7357,https://dixy.ru/product/mylo-jidkoe-aura-antibacterial-uvlajnyayushchee-s-ekstraktom-romashki-500ml-2000327865/
7358,https://dixy.ru/product/mylo-tualetnoe-tik-tak-175g-2000632791/
7359,https://dixy.ru/product/krem-mylo-jidkoe-grass-milana-mango-i-laym-1l-2000580851/
7360,https://dixy.ru/product/mylo-tualetnoe-absolut-antibakterialnoe-aloe-90g-tst0037054/
7361,https://dixy.ru/product/mylo-jidkoe-barkhatnye-ruchki-dlya-menya-i-moey-semi-1l-2000424085/
7362,https://dixy.ru/product/mylo-detskoe-svoboda-100g-tst0001775/
7363,https://dixy.ru/product/mylo-dlya-dam-i-gospod-parfyum-i-balzam-135g-2000580693/
7364,https://dixy.ru/product/mylo-palmolive-naturel-intensivnoe-uvlajnenie-ekstrakt-olivy-90g-2000164362/
7365,https://dixy.ru/product/krem-mylo-jidkoe-pervym-delom-500ml-2000613312/
7366,https://dixy.ru/product/bombochka-dlya-vanny-yess-v-assortimente-120g-2000606031/
7367,https://dixy.ru/product/mylo-biomio-mango-90g-2000570312/
7368,https://dixy.ru/product/mylo-palmolive-naturel-osvejayushchiy-arbuz-90g-2000166021/
7369,https://dixy.ru/product/mylo-tualetnoe-nevskaya-kosmetika-lipovyy-tsvet-90g-2000336068/
7370,https://dixy.ru/product/mylo-jidkoe-synergetic-mindalnoe-molochko-05l-2000448582/
7371,https://dixy.ru/product/mylo-duru-crystal-hydro-pure-sakura-106g-2000597953/
7372,https://dixy.ru/product/sredstvo-aromaticheskoe-dlya-vann-s-igrushkoy-150g-2000628392/
7373,https://dixy.ru/product/mylo-tualetnoe-absolut-fitoguard-romashka-90g-2000540817/
7374,https://dixy.ru/product/nabor-podarochnyy-aura-krem-dlya-ruk-kompleksnyy-30mlakvakompleks-30ml-2000634457/
7375,https://dixy.ru/product/nabor-podarochnyy-only-bio-artnatural-maki-verbena-krem-dlya-tela-200mlkrem-dlya-ruk-75ml-2000634459/
7376,https://dixy.ru/product/gel-dlya-dusha-milana-svejest-lotosa-750ml-2000649837/
7377,https://dixy.ru/product/nabor-bombochek-serdets-yess-dlya-vanny-v-assortimente-2sht-2000634431/
7378,https://dixy.ru/product/gel-dlya-intimnoy-gigieny-ya-samaya-dlya-chuvstvitelnoy-koji-265ml-2000355579/
7379,https://dixy.ru/product/prezervativy-sontex-light-3-2000015417/
7380,https://dixy.ru/product/prezervativy-durex-classic-3-2000020698/
7381,https://dixy.ru/product/prezervativy-contex-classic-3-2000015416/
7382,https://dixy.ru/product/prezervativy-durex-dual-extase-3-2000226171/
7383,https://dixy.ru/product/prezervativy-durex-invisible-3-2000251476/
7384,https://dixy.ru/product/prezervativy-contex-classic-12-tst0032073/
7385,https://dixy.ru/product/diski-vatnye-yess-120sht-2000211769/
7386,https://dixy.ru/product/palochki-vatnye-pervym-delom200sht-2000209330/
7387,https://dixy.ru/product/diski-vatnye-pervym-delom-80sht-2000209329/
7388,https://dixy.ru/product/vatnye-diski-ya-samaya-dlya-snyatiya-makiyaja-120-sht-t000011214/
7389,https://dixy.ru/product/palochki-vatnye-yess-200-sht-2000211771/
7390,https://dixy.ru/product/salfetki-vlajnye-ekonom-smart-antibakterialnye-100sht-2000371334/
7391,https://dixy.ru/product/tualetnaya-vlajnaya-bumaga-mon-rulon-detskaya-50sht-2000424752/
7392,https://dixy.ru/product/salfetki-vlajnye-salfeti-antibakterialnye-s-klapanom-72-sht-2000289203/
7393,https://dixy.ru/product/vatnye-diski-lady-cotton-soft-175-sht-2000544131/
7394,https://dixy.ru/product/vatnye-podushechki-art-ybzfo102601-100sht-2000628274/
7395,https://dixy.ru/product/salfetki-vlajnye-ekonom-smart-antibakterialnye-50sht-2000338336/
7396,https://dixy.ru/product/prokladki-seni-lady-normal-urologicheskie-10sht-2000217613/
7397,https://dixy.ru/product/prokladki-urologicheskie-seni-lady-plus-15sht-2000620032/
7398,https://dixy.ru/product/prezervativy-sontex-light-3-2000015417/
7399,https://dixy.ru/product/test-evitest-2-dlya-opredeleniya-beremennosti-2000015423/
7400,https://dixy.ru/product/prokladki-urologicheskie-tereza-lady-micro-vpityvayushchie-24-sht-2000589955/
7401,https://dixy.ru/product/prokladki-urologicheskie-yess-micro-14sht-2000603771/
7402,https://dixy.ru/product/prokladki-urologicheskie-terezalady-mini-20-sht-2000589951/
7403,https://dixy.ru/product/prezervativy-durex-classic-3-2000020698/
7404,https://dixy.ru/product/prezervativy-contex-classic-3-2000015416/
7405,https://dixy.ru/product/prokladki-urologicheskie-seni-lady-micro-20-sht-2000178557/
7406,https://dixy.ru/product/plastyr-matopat-universal-20sht-2000274901/
7407,https://dixy.ru/product/plastyr-silkoplast-standart-vlagostoykiy-20-sht-2000267439/
7408,https://dixy.ru/product/prezervativy-contex-ribbed-3-2000015418/
7409,https://dixy.ru/product/prezervativy-durex-dual-extase-3-2000226171/
7410,https://dixy.ru/product/prezervativy-durex-real-feel-3-2000281202/
7411,https://dixy.ru/product/maska-meditsinskaya-odnorazovaya-gost-10-sht-2000395249/
7412,https://dixy.ru/product/khlorgeksidin-05-100-ml-2000329725/
7413,https://dixy.ru/product/prezervativy-rjromeo-i-djuletultra-tonkie-3sht-2000313744/
7414,https://dixy.ru/product/maska-sortex-dlya-profilakticheskikh-mer-5-sht-2000337889/
7415,https://dixy.ru/product/maska-meditsinskaya-1-touch-trekhsloynaya-na-rezinkakh-10-sht-2000338135/
7416,https://dixy.ru/product/prezervativy-skynskin-elit-osobo-tonkie-3-2000339735/
7417,https://dixy.ru/product/leykoplastyr-master-uni-semeynyy-20sht-2000550271/
7418,https://dixy.ru/product/plastyr-bakteritsidnyy-teneris-universal-s-ionami-serebra-20sht-2000565031/
7419,https://dixy.ru/product/plastyr-silkoplast-bakteritsidnyy-detskiy-20-t000026083/
7420,https://dixy.ru/product/prezervativy-contex-lights-12-tst0032088/
7421,https://dixy.ru/product/prezervativy-durex-invisible-3-2000251476/
7422,https://dixy.ru/product/prezervativy-contex-classic-12-tst0032073/
7423,https://dixy.ru/product/leykoplastyr-bakteritsidnyy-pervym-delom-20sht-2000606553/
7424,https://dixy.ru/product/tualetnaya-bumaga-zemmazewa-deluxe-delikatnaya-zabota-3-sloya-8sht-2000319269/
7425,https://dixy.ru/product/tualetnaya-bumaga-zemmazewa-natural-comfort-smart-bez-vtulki-3-sloya-6sht-2000646200/
7426,https://dixy.ru/product/bumaga-tualetnaya-papia-klubnichnaya-mechta-3-sloynaya-4-rulona-2000294361/
7427,https://dixy.ru/product/tualetnaya-bumaga-yess-deluxe-3-kh-sloynaya-8-rulonov-2000595531/
7428,https://dixy.ru/product/bumaga-tualetnaya-papia-baliyskiy-tsvetok-3-sloya-8-rulonov-2000281144/
7429,https://dixy.ru/product/tualetnaya-bumaga-pervym-delom-2-kh-sloynaya-12-sht-2000593971/
7430,https://dixy.ru/product/bumaga-tualetnaya-familia-plus-volshebnyy-tsvetok-2-sloya-12-rulonov-2000281142/
7431,https://dixy.ru/product/bumaga-tualetnaya-pervym-delom-1-sloy-1-rulon-2000207690/
7432,https://dixy.ru/product/bumaga-tualetnaya-yess-vlajnaya-80sht-2000588571/
7433,https://dixy.ru/product/tualetnaya-bumaga-yess-deluxe-belaya-3-kh-sloynaya-4-rulona-2000411874/
7434,https://dixy.ru/product/tualetnaya-bumaga-zemmazewa-deluxe-barkhatistyy-persik-3-sloya-4-rulona-2000142974/
7435,https://dixy.ru/product/tualetnaya-bumaga-pervym-delom-2-sloya-4-rulona-2000208732/
7436,https://dixy.ru/product/tualetnaya-bumaga-papia-deluxe-dolce-vita-4-sloya-8sht-2000339731/
7437,https://dixy.ru/product/tualetnaya-bumaga-zemmazewa-plyus-yabloko-2-sloya-4-rulona-2000160641/
7438,https://dixy.ru/product/tualetnaya-bumaga-soffione-premium-3-sloya-8-rulonov-2000325814/
7439,https://dixy.ru/product/tualetnaya-bumaga-yess-premium-pion-4-sloya-4-rulona-2000636553/
7440,https://dixy.ru/product/tualetnaya-bumaga-zemmazewa-just-1zemma-only-1-belaya-4-sloya-4sht-2000261092/
7441,https://dixy.ru/product/bumaga-tualetnaya-yess-yabloko-2-sloya-8-rulonov-2000271383/
7442,https://dixy.ru/product/bumaga-tualetnaya-vlajnaya-zewazemma-vlajnaya-romashka-40-sht-2000296769/
7443,https://dixy.ru/product/tualetnaya-bumaga-papia-deluxe-dolce-vita-4-sloya-4sht-2000306826/
7444,https://dixy.ru/product/tualetnaya-bumaga-soffione-imperial-4-sloya-8sht-2000581891/
7445,https://dixy.ru/product/tualetnaya-bumaga-papia-platinum-5-sloev-4sht-2000517393/
7446,https://dixy.ru/product/tualetnaya-bumaga-zemmazewa-plyus-siren-2-sloya-8sht-2000375628/
7447,https://dixy.ru/product/tualetnaya-bumaga-zemmazewa-ultra-soft-4-sloya-8sht-2000642073/
7448,https://dixy.ru/product/bumaga-tualetnaya-yess-vlajnaya-delux-45sht-2000603812/
7449,https://dixy.ru/product/tualetnaya-bumaga-pervym-delom-bez-vtulki-1-sloy-1-rulon-2000220951/
7450,https://dixy.ru/product/bumaga-tualetnaya-veiro-standart-plus-2-sloya-4sht-2000189158/
7451,https://dixy.ru/product/bumaga-tualetnaya-yess-belaya-2-sloya-12-rulonov-2000271379/
7452,https://dixy.ru/product/tualetnaya-bumaga-zemmazewa-natural-soft-4-sloya-4-rulona-2000394349/
7453,https://dixy.ru/product/tualetnaya-bumaga-veiro-luxoria-malinovaya-svejest-3-kh-sloynaya-12-rulonov-2000425447/
7454,https://dixy.ru/product/shampun-dlya-tonkikh-i-oslablennykh-volos-s-pshenitsey-400-ml-2000005502/
7455,https://dixy.ru/product/shampun-kliar-men-2v1-aktivsport-400ml-2000326351/
7456,https://dixy.ru/product/shampun-protiv-perkhoti-kliar-men-ledyanaya-svejest-400ml-2000452849/
7457,https://dixy.ru/product/lak-dlya-ukladki-volos-taft-obem-sverkhsilnaya-fiksatsiya-225ml-2000001638/
7458,https://dixy.ru/product/shampun-headshoulders-osnovnoy-ukhod-2v1mentol-v-assortimente-360ml-tst0027417/
7459,https://dixy.ru/product/balzam-jenskiy-shauma-7-trav-dlya-normalnykh-i-jirnykh-volos-300ml-2000566431/
7460,https://dixy.ru/product/shampun-jenskiy-shauma-7-trav-dlya-normalnykh-i-jirnykh-volos-360ml-di00079583/
7461,https://dixy.ru/product/lak-dlya-ukladki-volos-taft-ultimate-ekstremalnaya-fiksatsiya-225ml-2000310271/
7462,https://dixy.ru/product/krem-kraska-dlya-volos-palett-intensivnyy-n1-tsvet-chernyy-1-0-2000002505/
7463,https://dixy.ru/product/krem-kraska-palett-intensivnyy-a10-tsvet-jemchujnyy-blondin-2000002521/
7464,https://dixy.ru/product/krem-kraska-palett-intensivnyy-w2-tsvet-temnyy-shokolad-2000279139/
7465,https://dixy.ru/product/krem-kraska-dlya-volos-palett-intensivnyy-n7-tsvet-rusyy-2000002518/
7466,https://dixy.ru/product/krem-kraska-dlya-volos-palett-intensivnyy-n6-tsvet-sredne-rusyy-2000002516/
7467,https://dixy.ru/product/shampun-dlya-volos-chistaya-liniya-men-energiya-i-chistota-400ml-2000359374/
7468,https://dixy.ru/product/balzam-opolaskivatel-ukreplyayushchiy-chistaya-liniya-krapiva-380ml-2000358114/
7469,https://dixy.ru/product/krem-kraska-dlya-volos-garnier-color-naturals-71-olkha-2000361204/
7470,https://dixy.ru/product/shampun-dlya-volos-elseve-gialuron-400ml-2000542737/
7471,https://dixy.ru/product/shampun-headshoulders-old-spice-360ml-2000285065/
7472,https://dixy.ru/product/shampun-ukreplyayushchiy-garnier-fructis-sos-vosstanovlenie-400ml-2000254971/
7473,https://dixy.ru/product/shampun-chistaya-liniya-sila-5-trav-400ml-2000299663/
7474,https://dixy.ru/product/lak-dlya-volos-prelest-bio-dvoynoy-obem-sverkhsilnaya-fiksatsiya-250ml-2000286848/
7475,https://dixy.ru/product/shampun-chistaya-liniya-2v1-s-balzamom-tselebnye-travy-400ml-tst0044692/
7476,https://dixy.ru/product/konditsioner-dlya-volos-gliss-kur-ekstremalnoe-vosstanovlenie-360ml-2000323269/
7477,https://dixy.ru/product/balzam-timotei-intensivnoe-vosstanovlenie-360ml-2000648937/
7478,https://dixy.ru/product/shampun-dlya-volos-jenskiy-gliss-kur-jidkiy-shelk-400ml-2000329751/
7479,https://dixy.ru/product/shampun-shauma-men-ultrasila-650ml-2000639776/
7480,https://dixy.ru/product/balzam-dlya-volos-ukreplyayushchiy-garnier-fructis-troynoe-vosstanovlenie-387ml-2000326350/
7481,https://dixy.ru/product/balzam-yess-dlya-vsekh-tipov-volos-krapiva-yabloko-400ml-2000596513/
7482,https://dixy.ru/product/balzam-dlya-volos-loreal-paris-elseve-polnoe-vosstanovlenie-400ml-2000326370/
7483,https://dixy.ru/product/shampun-loreal-elseve-polnoe-vosstanovlenie-5-400ml-2000256462/
7484,https://dixy.ru/product/antiperspirant-reksona-svejest-dusha-aerozol-150ml-2000321591/
7485,https://dixy.ru/product/krem-dnevnoy-dlya-litsa-chistaya-liniya-uvlajnyayushchiy-40ml-2000000634/
7486,https://dixy.ru/product/antiperspirant-reksona-mineralnaya-pudra-aerozol-150ml-2000586396/
7487,https://dixy.ru/product/antiperspirant-reksona-prozrachnyy-kristall-sprey-150ml-2000000631/
7488,https://dixy.ru/product/dezodorant-aks-na-plyaje-aerozol-150ml-2000613472/
7489,https://dixy.ru/product/mylo-tualetnoe-yess-antibakterialnoe-chaynoe-derevo-90g-2000623033/
7490,https://dixy.ru/product/krem-dlya-ruk-barkhatnye-ruchki-pitatelnyy-80ml-2000000516/
7491,https://dixy.ru/product/antiperspirant-reksona-prozrachnyy-kristall-sharikovyy-50ml-1140063538/
7492,https://dixy.ru/product/krem-mylo-jidkoe-pervym-delom-500ml-2000613312/
7493,https://dixy.ru/product/bombochka-dlya-vanny-yess-v-assortimente-120g-2000606031/
7494,https://dixy.ru/product/antiperspirant-reksona-men-kobalt-sprey-150ml-2000003679/
7495,https://dixy.ru/product/dezodorant-nivea-pure-nevidimyy-chernoe-i-beloe-sprey-150-ml-2000283184/
7496,https://dixy.ru/product/mylo-duru-crystal-hydro-pure-sakura-106g-2000597953/
7497,https://dixy.ru/product/krem-nivea-universalnyy-uvlajnyayushchiy-75-ml-tst0035781/
7498,https://dixy.ru/product/antiperspirant-reksona-yarkiy-buket-sprey-150ml-2000230312/
7499,https://dixy.ru/product/dezodorant-old-spice-wolfthorn-stik-50ml-2000229351/
7500,https://dixy.ru/product/krem-dlya-ruk-svoboda-natural-lavanda-80ml-2000539973/
7501,https://dixy.ru/product/mitsellyarnaya-voda-garnier-skin-naturals-400ml-2000229474/
7502,https://dixy.ru/product/antiperspirant-nivea-effekt-pudry-sprey-150ml-2000229452/
7503,https://dixy.ru/product/skrab-chistaya-liniya-ochishchayushchiy-50ml-2000081880/
7504,https://dixy.ru/product/dezodorant-arko-men-crystal-antibakterialnyy-150-ml-2000330077/
7505,https://dixy.ru/product/mitsellyarnaya-voda-chistaya-liniya-3v1-100ml-2000246331/
7506,https://dixy.ru/product/loson-tonik-chistaya-liniya-uvlajnenie-i-svejest-100ml-2000283185/
7507,https://dixy.ru/product/antiperspirant-karandash-reksona-sukhost-pudry-40ml-2000359363/
7508,https://dixy.ru/product/dezodorant-nivea-clear-nevidimyy-chernoe-i-beloe-sprey-150ml-t000015044/
7509,https://dixy.ru/product/mylo-tualetnoe-pervym-delom-oliva-90g-2000612711/
7510,https://dixy.ru/product/antiperspirant-deonica-nevidimyy-200ml-2000302724/
7511,https://dixy.ru/product/molochko-dlya-litsa-i-tela-panthenol-forte-140ml-2000588331/
7512,https://dixy.ru/product/dezodorant-old-spice-rockstar-stik-50ml-2000643518/
7513,https://dixy.ru/product/gel-dlya-dusha-palmolive-malina-i-pion-750ml-2000611071/
7514,https://dixy.ru/product/zubnaya-pasta-lesnoy-balzam-ekstrakt-kory-duba-i-pikhty-75ml-2000156100/
7515,https://dixy.ru/product/zubnaya-pasta-colgate-maks-fresh-vzryvnaya-myata-100ml-t000015371/
7516,https://dixy.ru/product/zubnaya-pasta-splat-professional-biokaltsiy-100g-2000616753/
7517,https://dixy.ru/product/zubnaya-pasta-colgate-maksblesk-s-ftorom-100ml-tst0041382/
7518,https://dixy.ru/product/zubnaya-pasta-aquafresh-siyayushchaya-belizna-95g-2000606532/
7519,https://dixy.ru/product/zubnaya-pasta-colgate-troynoe-deystvie-naturalnaya-myata-100ml-2000003580/
7520,https://dixy.ru/product/zubnaya-pasta-colgate-lechebnye-travy-otbelivayushchaya-100ml-2000002829/
7521,https://dixy.ru/product/zubnaya-shchetka-biomed-pink-salt-myagkaya-2000570311/
7522,https://dixy.ru/product/zubnaya-pasta-splat-professional-ultrakompleks-80g-2000526531/
7523,https://dixy.ru/product/zubochistki-la-fresh-bambukovye-280sht-2000559231/
7524,https://dixy.ru/product/zubnaya-shchetka-colgate-zigzag-drevesnyy-ugol-srednyaya-jestkost-21sht-t000026514/
7525,https://dixy.ru/product/zubnaya-shchetka-colgate-zig-zag-sredney-jestkosti-2000000442/
7526,https://dixy.ru/product/opolaskivatel-dlya-rta-colgate-troynoe-deystvie-500ml-2000321812/
7527,https://dixy.ru/product/zubnaya-pasta-splat-stars-naturalnoe-otbelivanie-75g-2000613255/
7528,https://dixy.ru/product/zubnaya-pasta-splat-professional-otbelivanie-plyus-100g-2000616751/
7529,https://dixy.ru/product/zubnaya-pasta-splat-professional-lechebnye-travy-100g-2000616752/
7530,https://dixy.ru/product/zubnaya-pasta-colgate-kaltsiy-remin-100ml-2000536095/
7531,https://dixy.ru/product/zubnaya-pasta-lesnoy-balzam-s-ekstraktom-romashki-75ml-2000280741/
7532,https://dixy.ru/product/zubnaya-pasta-natusana-whitening-125ml-2000605152/
7533,https://dixy.ru/product/zubnaya-shchetka-oral-b-black-medium-vsestoronnyaya-chistka-srednyaya-jestkost-2000312483/
7534,https://dixy.ru/product/zubnaya-pasta-novyy-jemchug-ftor-125ml-2000452309/
7535,https://dixy.ru/product/zubnaya-pasta-parodontol-troynoe-deystvie-124g-2000539977/
7536,https://dixy.ru/product/zubnaya-pasta-colgate-maksimalnaya-zashchita-ot-kariesa-svejaya-myata-150ml-2000552132/
7537,https://dixy.ru/product/zubnaya-pasta-colgate-max-white-korrektsiya-tsveta-75ml-2000645973/
7538,https://dixy.ru/product/zubnaya-pasta-splat-daily-supersvejest-3v1-100g-2000648933/
7539,https://dixy.ru/product/nit-zubnaya-fresh-up-myatnaya-50m-2000621971/
7540,https://dixy.ru/product/zubnaya-pasta-lacalut-sensitive-multi-care-50-ml60g-2000417116/
7541,https://dixy.ru/product/zubnaya-pasta-sensodyne-ekstra-otbelivanie-50ml-2000586374/
7542,https://dixy.ru/product/zubnaya-pasta-colgate-lechebnye-travy-150-ml-2000598511/
7543,https://dixy.ru/product/opolaskivatel-dlya-desen-lesnoy-balzam-kora-duba-ekstrakt-pikhty-400ml-2000336663/
7544,https://dixy.ru/product/gazeta-teleprogramma-tst0037026/
7545,https://dixy.ru/product/jurnal-krupnye-tsifry-sudoku-2000546059/
7546,https://dixy.ru/product/gazeta-komsomolskaya-pravda-2000001383/
7547,https://dixy.ru/product/gazeta-panorama-tv-di00080525/
7548,https://dixy.ru/product/keyvordy-top-skanvordy-2000597895/
7549,https://dixy.ru/product/gazeta-skanvordy-sovetov-2000597897/
7550,https://dixy.ru/product/jurnal-teoriya-zagovora-2000592534/
7551,https://dixy.ru/product/jurnal-tolstyachok-2000592532/
7552,https://dixy.ru/product/jurnal-kriminalnye-istorii-2000592533/
7553,https://dixy.ru/product/albom-dlya-nakleek-panini-edinorogi-2000592535/
7554,https://dixy.ru/product/nakleyki-panini-edinorogi-2000592531/
7555,https://dixy.ru/product/jurnal-the-voicemag-mini-format-2000605859/
7556,https://dixy.ru/product/jurnal-tri-kota-kollektsiya-2000605871/
7557,https://dixy.ru/product/jurnal-pirog-ot-teshchi-2000605880/
7558,https://dixy.ru/product/jurnal-moya-prekrasnaya-dacha-spetsvypusk-2000605853/
7559,https://dixy.ru/product/jurnal-boevye-roboty-2000605860/
7560,https://dixy.ru/product/jurnal-novyy-ochag-2000605874/
7561,https://dixy.ru/product/jurnal-dumay-kids-2000605854/
7562,https://dixy.ru/product/jurnal-mir-novostey-yaponskiy-skanvord-2000605872/
7563,https://dixy.ru/product/jurnal-salon-krossvordov-i-igr-2000605877/
7564,https://dixy.ru/product/jurnal-liza-kross-vopros-2000605855/
7565,https://dixy.ru/product/jurnal-drugoe-izmerenie-2000605858/
7566,https://dixy.ru/product/jurnal-toloka---takie-dela-2000605885/
7567,https://dixy.ru/product/jurnal-nashi-multiki-2000605865/
7568,https://dixy.ru/product/jurnal-lyubimye-geroi-soyuzmultfilm-2000605856/
7569,https://dixy.ru/product/jurnal-tekhinsayder-2000605857/
7570,https://dixy.ru/product/jurnal-domashniy-povar-spetsvypuk-2000605861/
7571,https://dixy.ru/product/jurnal-chudo-edinorogi-2000605873/
7572,https://dixy.ru/product/jurnal-mir-novostey-superkrossvordy-2000605878/
7573,https://dixy.ru/product/jurnal-skanvordy-teshchin-yazyk--zyatek-spetsvypusk-2000605879/
7574,https://dixy.ru/product/kovrik-romashka-6939-v-assortamit-2000214675/
7575,https://dixy.ru/product/mochalka-amond-kosichka-2000332292/
7576,https://dixy.ru/product/mochalka-perchatka-bannye-shtuchki-dlya-dusha-neylon-25-2000469034/
7577,https://dixy.ru/product/mochalka-dlya-tela-mister-bulk-kosichka-1sht-2000544731/
7578,https://dixy.ru/product/mochalka-dlya-tela-mister-bulk-shar-2000422206/
7579,https://dixy.ru/product/polotentse-makhrovoe-spany-30kh30-sm-2000556176/
7580,https://dixy.ru/product/mochalka-perchatka-skay-treyd-massajnaya-2000553679/
7581,https://dixy.ru/product/polotentse-spany-vafelnoe-khlopok-35kh60sm-2000556175/
7582,https://dixy.ru/product/smennaya-kasseta-dlya-vodoprovodnoy-vody-barer-klassik-2000150823/
7583,https://dixy.ru/product/modul-akvafor-smennyy-filtruyushchiy-a6-2000608236/
7584,https://dixy.ru/product/folga-figaropervym-delom-universalnaya-10m-2000290360/
7585,https://dixy.ru/product/pergament-dlya-zapekaniya-yess-silikonizirovannyy-42kh38-15sht-2000592052/
7586,https://dixy.ru/product/rukav-dlya-zapekaniya-pervym-delom-s-klipsami-3m-2000592051/
7587,https://dixy.ru/product/stakan-bumajnyy-figaro-6sht-250ml-2000209114/
7588,https://dixy.ru/product/vilki-odnorazovye-pervym-delom-12sht-2000209112/
7589,https://dixy.ru/product/tarelka-odnorazovaya-pervym-delom-d205-12sht-2000209110/
7590,https://dixy.ru/product/paket-figaro-fasovochnyy-24kh37sm-100sht-2000279215/
7591,https://dixy.ru/product/lojki-pervym-delom-stolovye-odnorazovye-12sht-2000645436/
7592,https://dixy.ru/product/folga-alyuminievaya-yess-osoboprochnaya-10-m-14mkm-2000593991/
7593,https://dixy.ru/product/salfetki-figaro-universalnye-v-rulone-100-listov-2000533452/
7594,https://dixy.ru/product/spichki-belka-favorit-10-korobkov-2000183602/
7595,https://dixy.ru/product/pakety-dlya-khraneniya-produktov-big-city-life-24kh32-sm-100sht-2000553681/
7596,https://dixy.ru/product/plenka-pishchevaya-figaropervym-delom-20m-2000279040/
7597,https://dixy.ru/product/zajigalka-bic-j3-2000618031/
7598,https://dixy.ru/product/zajigalka-rene-rn-07-2000535651/
7599,https://dixy.ru/product/folga-dlya-zapekaniya-big-city-life-10-mkh28sm-2000550721/
7600,https://dixy.ru/product/pakety-dlya-zapekaniya-yess-s-klipsami-3543sm-8sht-2000639176/
7601,https://dixy.ru/product/pergament-dlya-vypechki-big-city-life-belyy-5m-2000643755/
7602,https://dixy.ru/product/stakany-odnorazovye-pervym-delom-180-ml-12sht-2000209149/
7603,https://dixy.ru/product/paket-diksi-spanbond-42kh45kh10sm-2000580231/
7604,https://dixy.ru/product/nabor-konteynerov-pervym-delom-3sht-2000601272/
7605,https://dixy.ru/product/smennaya-kasseta-dlya-filtra-kuvshina-barer-jestkost-2000164345/
7606,https://dixy.ru/product/bumaga-dlya-zapekaniya-pervym-delom-38kh8m-2000595251/
7607,https://dixy.ru/product/banka-steklyannaya-sko-82-05-l-2000222191/
7608,https://dixy.ru/product/banka-steklyannaya-sko-82-1-l-2000103179/
7609,https://dixy.ru/product/kryshki-pervym-delom-metallicheskie-vintovye-to-82-20sht-2000145180/
7610,https://dixy.ru/product/stakan-klassik-posuda-vysokiy-v-assortimente-310-ml-2000311476/
7611,https://dixy.ru/product/pakety-fasovochnye-paclan-24kh36-sm-100-sht-2000311601/
7612,https://dixy.ru/product/paket-podarochnyy-premium-bc-2000601195/
7613,https://dixy.ru/product/nabor-trubochek-khameleon-50sht-2000582446/
7614,https://dixy.ru/product/svecha-v-tort-svechnoymarket-tsifra-2-parafinovaya-2000593700/
7615,https://dixy.ru/product/svecha-v-tort-svechnoymarket-tsifra-9-parafinovaya-2000593707/
7616,https://dixy.ru/product/nabor-bumajnykh-tarelok-kategoriya-a-18-sm-6-sht-2000517852/
7617,https://dixy.ru/product/paket-podarochnyy-premium-ab-2000601191/
7618,https://dixy.ru/product/paket-podarochnyy-bumajnyy-ab-2000601192/
7619,https://dixy.ru/product/igrushki-dlya-sobak-i-koshek-triol-v-assortimente-2000591833/
7620,https://dixy.ru/product/salfetki-bumajnye-lamponi-dlya-malchikov-33-sm-12sht-2000541624/
7621,https://dixy.ru/product/vozdushnye-shary-lamponi-s-dekorom-10-sht-2000541613/
7622,https://dixy.ru/product/tarelki-bumajnye-lamponi-dlya-vzroslykh-18-sm-6sht-2000541615/
7623,https://dixy.ru/product/stakanchiki-bumajnye-lamponi-tsvetnye-200-ml-6-sht-2000541641/
7624,https://dixy.ru/product/svistki-lamponi-v-assortimente-6-sht-2000541617/
7625,https://dixy.ru/product/salfetki-bumajnye-lamponi-dlya-devochek-33-sm-12sht-2000541623/
7626,https://dixy.ru/product/svechi-dlya-torta-lamponi-nadpisi-i-figurki-2000541638/
7627,https://dixy.ru/product/stakanchiki-bumajnye-lamponi-200-ml-6-sht-2000541616/
7628,https://dixy.ru/product/tarelki-bumajnye-lamponi-dlya-devochek-18-sm-6sht-2000541640/
7629,https://dixy.ru/product/novogodnee-ukrashenie-fonar-artfi74-2000601955/
7630,https://dixy.ru/product/nabor-elochnykh-ukrasheniy-shishki-shary-ledenets-artxw12-10sht-2000601956/
7631,https://dixy.ru/product/elochnye-ukrasheniya-balerina-artbal24-2000601957/
7632,https://dixy.ru/product/figurka-simvol-goda-artfig24-2000601968/
7633,https://dixy.ru/product/nabor-elochnykh-ukrasheniy-shary-arthh10-10sht-2000601954/
7634,https://dixy.ru/product/elochnye-ukrasheniya-devochka-feya-artvva7-2000601960/
7635,https://dixy.ru/product/obodok-artob24-2000601961/
7636,https://dixy.ru/product/nakonechnik-zvezda-artzod63-2000601964/
7637,https://dixy.ru/product/novogodnee-ukrashenie-svechki-led-v-upakovke-artku2-2sht-2000601962/
7638,https://dixy.ru/product/svecha-novogodnyaya-artssg3-2000601971/
7639,https://dixy.ru/product/girlyanda-svetodiodnaya-artgn325-2000601953/
7640,https://dixy.ru/product/elochnye-ukrasheniya-domik-artod2-2000601959/
7641,https://dixy.ru/product/lenta-dekorativnaya-s-bantom-artldb24-2000601963/
7642,https://dixy.ru/product/grunt-universalnyy-10l-2000337729/
7643,https://dixy.ru/product/semena-udachnye-semena-shchavel-shirokolistnyy-05g-2000608608/
7644,https://dixy.ru/product/semena-udachnye-semena-ukrop-lesnogorodskiy-30g-2000608704/
7645,https://dixy.ru/product/semena-gavrish-ogurets-kukuy-f1-10sht-2000639514/
7646,https://dixy.ru/product/perchatki-s-oblivom-iz-nitrila-art-dpm25-2000610811/
7647,https://dixy.ru/product/opryskivatel-arkhimed-1-l-2000331653/
7648,https://dixy.ru/product/leyka-sadovaya-plastikovaya-2-l-2000416287/
7649,https://dixy.ru/product/perchatki-sadovye-s-nitrilovym-pokrytiem-art-1061-1063-1362-2000390944/
7650,https://dixy.ru/product/tablichki-posadochnye-sibrtekh-13kh3kh5-sm-20-sht-2000416285/
7651,https://dixy.ru/product/mukhoboyka-multidom-podsolnukh-art-mt76-18-2000539513/
7652,https://dixy.ru/product/perchatki-trikotajnye-s-pvkh-pokrytiem-tochka-5-par-2000417115/
7653,https://dixy.ru/product/perchatki-sztk-s-poliuretanovym-pokrytiem-32-g-2000534025/
7654,https://dixy.ru/product/shpagat-polipropilenovyy-siniy-17-mm-60-m-2000416275/
7655,https://dixy.ru/product/bioaktivator-expel-dlya-dachnykh-tualetov-i-septikov-40-g-2000538415/
7656,https://dixy.ru/product/perchatki-3-niti-5-par-30-32-g-2000562192/
7657,https://dixy.ru/product/ukrashenie-dlya-tsvetochnykh-gorshkov-nd-babochka-2000535502/
7658,https://dixy.ru/product/udobrenie-nakhodka-universalnoe-20-g-2000534013/
7659,https://dixy.ru/product/svetilnik-uniel-p16-dlya-rasteniy-svetodiodnyy-2000534017/
7660,https://dixy.ru/product/gorshki-dlya-rassady-sztk-kvadratnye-80kh80kh70-sm-5-sht-2000534016/
7661,https://dixy.ru/product/gorshok-dlya-tsvetov-radian-elegans-1-l-2000536648/
7662,https://dixy.ru/product/udobrenie-dlya-zamachivaniya-semyan-i-cherenkov-sztk-nakhodka-20-g-2000534014/
7663,https://dixy.ru/product/dojdevik-nebesnyy-drakon-2000535501/
7664,https://dixy.ru/product/opryskivatel-pulverizator-500-ml-2000560392/
7665,https://dixy.ru/product/perchatki-sadovye-s-nitrilovym-pokrytiem-1-para-2000560391/
7666,https://dixy.ru/product/luk-sevok-shtuttgarter-rizen-05-kg-2000586085/
7667,https://dixy.ru/product/kasseta-rassadnaya-9-yacheek-10sht-psztk-2000602179/
7668,https://dixy.ru/product/kasseta-rassadnaya-6-yacheek-10sht-psztk-2000602173/
7669,https://dixy.ru/product/nabor-sadovykh-instrumentov-palisad-4-predmeta-2000416286/
7670,https://dixy.ru/product/semena-gavrish-ogurets-shchedrik-f1-10sht-2000608601/
7671,https://dixy.ru/product/semena-udachnye-semena-indau-rukola-kulturnaya-sitsiliya-1g-2000608606/
7672,https://dixy.ru/product/perchatki-lateksnye-big-city-life-superchuvstvitelnye-r-m-2000560232/
7673,https://dixy.ru/product/pakety-dlya-musora-yess-s-zavyazkami-35l-15sht-2000597492/
7674,https://dixy.ru/product/salfetki-figaro-universalnye-v-rulone-100-listov-2000533452/
7675,https://dixy.ru/product/gubka-babochka-yess-dlya-posudy-3sht-2000601392/
7676,https://dixy.ru/product/gubki-dlya-posudy-figaro-profilnye-5sht-2000414412/
7677,https://dixy.ru/product/pakety-dlya-musora-yess-s-zavyazkami-60l-10sht-2000597491/
7678,https://dixy.ru/product/meshki-dlya-musora-pervym-delom-30l-30sht-2000206749/
7679,https://dixy.ru/product/salfetki-viskoznye-big-city-life-5sht-2000560231/
7680,https://dixy.ru/product/meshki-dlya-musora-pervym-delom-60-l-20sht-tst0001887/
7681,https://dixy.ru/product/salfetka-yess-iz-mikrofibry-3030sm-2000608892/
7682,https://dixy.ru/product/salfetki-pervym-delom-khozyaystvennye-25kh30sm-2sht-2000601379/
7683,https://dixy.ru/product/gubki-khozyaystvennyebig-city-life-maksima-volna-5sht-2000560233/
7684,https://dixy.ru/product/pakety-dlya-musora-yess-240l-5sht-2000597493/
7685,https://dixy.ru/product/salfetki-bambukovye-celesta-supervpityvayushchie-3sht-2000534992/
7686,https://dixy.ru/product/tryapka-dlya-pola-yess-universalnaya-5060sm-2000608891/
7687,https://dixy.ru/product/gubki-khozyaystvennye-yess-dlya-mytya-posudy-6sht-2000601378/
7688,https://dixy.ru/product/gubki-kukhonnye-big-city-life-black-diamond-krupnoporistye-5sht-2000643758/
7689,https://dixy.ru/product/pakety-dlya-musora-yess-sverkhprochnye-160l-10sht-2000601593/
7690,https://dixy.ru/product/salfetki-iz-mikrofibry-dlya-stekoluniversalnaya-30kh30sm-2sht-2000601376/
7691,https://dixy.ru/product/perchatki-trikotajnye-pervym-delom-5-par-2000607751/
7692,https://dixy.ru/product/perchatki-khozyaystvennye-pervym-delom-lateks-razmer-m-2000559592/
7693,https://dixy.ru/product/gubki-kukhonnye-big-city-life-max-krupnoporistye-5sht-2000580051/
7694,https://dixy.ru/product/salfetki-vlajnye-yess-antibakterialnye-dlya-uborki-80sht-2000639474/
7695,https://dixy.ru/product/salfetki-tsellyuloznye-pervym-delom-15kh15-sm-3sht-2000580753/
7696,https://dixy.ru/product/perchatki-khozyaystvennye-drclean-lateksnye-razmer-l-2000585111/
7697,https://dixy.ru/product/rolik-dlya-odejdy-lomberta-40-listov-2000582633/
7698,https://dixy.ru/product/pakety-dlya-musora-grifon-s-zavyazkami-35-l-10-sht-2000533491/
7699,https://dixy.ru/product/pakety-dlya-musora-grifon-s-zavyazkami-60-l-10-sht-2000533492/
7700,https://dixy.ru/product/perchatki-paclan-vinilovye-10-sht-2000274560/
7701,https://dixy.ru/product/oknomoyka-akvamarin-praktik-s-ruchkoy-44-sm-2000318106/
7702,https://dixy.ru/product/tsvety-jivye-roza-kustovaya-miks-2000260291/
7703,https://dixy.ru/product/tsvetok-zamiokulkas-2000274086/
7704,https://dixy.ru/product/tsvety-orkhideya-falenopsis-2000258191/
7705,https://dixy.ru/product/tsvety-tsiklamen-v-gorshke-1-sht-2000310062/
7706,https://dixy.ru/product/tsvety-kaktus-mammilyariya-miks-2000274088/
7707,https://dixy.ru/product/tsvety-khrizantema-miks-2000257771/
7708,https://dixy.ru/product/tsvety-kalankhoe-2000257774/
7709,https://dixy.ru/product/tsvetok-aloe-miks-v-gorshke-2000287161/
7710,https://dixy.ru/product/tsvetok-zelenyy-miks-v-assortimente-2000321764/
7711,https://dixy.ru/product/tsvetok-gorshechnyy-primula-akaulis-miks-915-2000362583/
7712,https://dixy.ru/product/roza-sajenets-v-korobke-2000331689/
7713,https://dixy.ru/product/pion-travyanistyy-v-assortimente-2000541418/
7714,https://dixy.ru/product/buket-verby-1-sht-2000311345/
7715,https://dixy.ru/product/tsvety-lukovichnyy-miks-v-gorshke-v-assortimente-1-sht-2000327457/
7716,https://dixy.ru/product/tsvety-violatagetespetuniya-v-assortimente-2000331732/
7717,https://dixy.ru/product/bumaga-ofismag-snegurochka-a4-500-l-t000023596/
7718,https://dixy.ru/product/tochilka-plastikovaya-s-konteynerom-2000595052/
7719,https://dixy.ru/product/penal-korpusnyy-v-assortimente-2000595066/
7720,https://dixy.ru/product/kley-karandash-pvp-khameleon-v-assortimente-15-g-2000595069/
7721,https://dixy.ru/product/plastilin-so-stekoy-6-tsvetov-120-g-2000595074/
7722,https://dixy.ru/product/nabor-lineek-s-printami-20-sm-2-sht-2000595075/
7723,https://dixy.ru/product/bloknot-na-spirali-v-kletku-dlya-malchikov-a5-60-listov-v-assortimente-2000595063/
7724,https://dixy.ru/product/karandash-derevyannyy-4-kh-tsvetnyy-grifel-2000595054/
7725,https://dixy.ru/product/ruchka-gelevaya-jazz-dlya-ege-tsvet-chernil-chernyy-2000595061/
7726,https://dixy.ru/product/nabor-lastikov-2-sht-2000595064/
7727,https://dixy.ru/product/nabor-lastikov-s-abrazivom-2-sht-2000595065/
7728,https://dixy.ru/product/nabor-oblojek-dlya-tetradey-10-sht-2000595070/
7729,https://dixy.ru/product/nakleyki-dekorativnye-3d-plastikovye-19kh10-sm-2000595072/
7730,https://dixy.ru/product/nakleyka-art-nk6-2000589551/
7731,https://dixy.ru/product/nabor-sharikovykh-ruchek-sinie-chernila-5sht-2000595056/
7732,https://dixy.ru/product/perevodilka-art-pr7d-2000589552/
7733,https://dixy.ru/product/karandashi-tsvetnye-plastikovye-12-tsvetov-v-assortimente-2000595057/
7734,https://dixy.ru/product/nakleyki-dekorativnye-btsmajnye-19kh10-sm-2000595055/
7735,https://dixy.ru/product/nabor-karandashey-chernografitnykh-s-lastikom-4-sht-2000595060/
7736,https://dixy.ru/product/konstruktor-origami-3d-pazl-v-assortimente-2000569436/
7737,https://dixy.ru/product/tetrad-v-kletku-48-listov-2000595051/
7738,https://dixy.ru/product/nabor-tekstovykh-markerov-3-sht-2000595062/
7739,https://dixy.ru/product/svetootrajayushchie-stikery-3-sht-2000595073/
7740,https://dixy.ru/product/nabor-karandashey-chernografitnykh-s-lastikom-3-sht-2000595058/
7741,https://dixy.ru/product/tetrad-zelenaya-oblojka-12-listov-v-assortimente-2000595053/
7742,https://dixy.ru/product/ruchka-sharikovaya-nice-tsvet-chernil-siniy-2000595059/
7743,https://dixy.ru/product/kraski-akvarelnye-bez-kistochki-12-tsvetov-2000595068/
7744,https://dixy.ru/product/ruchka-sharikovaya-s-dekorativnym-elementom-art-72589-2000595071/
7745,https://dixy.ru/product/beydj-plastikovyy-s-tsvetnoy-lentoy-art-75265-2000595067/
7746,https://dixy.ru/product/tetrad-obshchaya-bg-a5-kletka-48-l-2000596920/
7747,https://dixy.ru/product/ugol-dlya-mangalov-i-griley-drevesnyy-25-kg-2000142920/
7748,https://dixy.ru/product/jidkost-dlya-rozjiga-045l-2000273323/
7749,https://dixy.ru/product/folga-figaropervym-delom-universalnaya-10m-2000290360/
7750,https://dixy.ru/product/pergament-dlya-zapekaniya-yess-silikonizirovannyy-42kh38-15sht-2000592052/
7751,https://dixy.ru/product/rukav-dlya-zapekaniya-pervym-delom-s-klipsami-3m-2000592051/
7752,https://dixy.ru/product/pakety-dlya-musora-yess-s-zavyazkami-35l-15sht-2000597492/
7753,https://dixy.ru/product/stakan-bumajnyy-figaro-6sht-250ml-2000209114/
7754,https://dixy.ru/product/vilki-odnorazovye-pervym-delom-12sht-2000209112/
7755,https://dixy.ru/product/tarelka-odnorazovaya-pervym-delom-d205-12sht-2000209110/
7756,https://dixy.ru/product/paket-figaro-fasovochnyy-24kh37sm-100sht-2000279215/
7757,https://dixy.ru/product/lojki-pervym-delom-stolovye-odnorazovye-12sht-2000645436/
7758,https://dixy.ru/product/folga-alyuminievaya-yess-osoboprochnaya-10-m-14mkm-2000593991/
7759,https://dixy.ru/product/salfetki-figaro-universalnye-v-rulone-100-listov-2000533452/
7760,https://dixy.ru/product/gubka-babochka-yess-dlya-posudy-3sht-2000601392/
7761,https://dixy.ru/product/gubki-dlya-posudy-figaro-profilnye-5sht-2000414412/
7762,https://dixy.ru/product/pakety-dlya-musora-yess-s-zavyazkami-60l-10sht-2000597491/
7763,https://dixy.ru/product/meshki-dlya-musora-pervym-delom-30l-30sht-2000206749/
7764,https://dixy.ru/product/plenka-pishchevaya-figaropervym-delom-20m-2000279040/
7765,https://dixy.ru/product/meshki-dlya-musora-pervym-delom-60-l-20sht-tst0001887/
7766,https://dixy.ru/product/salfetka-yess-iz-mikrofibry-3030sm-2000608892/
7767,https://dixy.ru/product/brikety-drevesnougolnye-18-kg-2000562792/
7768,https://dixy.ru/product/batareyki-alkalinovye-gigacellmegamag-home-aa-4sht-2000568652/
7769,https://dixy.ru/product/batareyki-alkalinovye-gigacellmegamag-home-aaa-4sht-2000568653/
7770,https://dixy.ru/product/salfetki-pervym-delom-khozyaystvennye-25kh30sm-2sht-2000601379/
7771,https://dixy.ru/product/pakety-dlya-zapekaniya-yess-s-klipsami-3543sm-8sht-2000639176/
7772,https://dixy.ru/product/pakety-dlya-musora-yess-240l-5sht-2000597493/
7773,https://dixy.ru/product/gubka-dlya-obuvi-pervym-delom-bestsvetnaya-2000597591/
7774,https://dixy.ru/product/tryapka-dlya-pola-yess-universalnaya-5060sm-2000608891/
7775,https://dixy.ru/product/gubki-khozyaystvennye-yess-dlya-mytya-posudy-6sht-2000601378/
7776,https://dixy.ru/product/rolika-dlya-odejdy-wellfort-50-listov-2000552972/
7777,https://dixy.ru/product/noski-jenskie-orodoro-motivo-20-den-10-par-2000539846/
7778,https://dixy.ru/product/kolgotki-orodoro-microfibra-v-assortimente-70-den-2000553193/
7779,https://dixy.ru/product/rolika-dlya-odejdy-wellfort-50-listov-2000552972/
7780,https://dixy.ru/product/perchatki-dlya-detey-art-dp12-2000605059/
7781,https://dixy.ru/product/aksessuary-dlya-volos-miks-2-v-assortimente-2000594912/
7782,https://dixy.ru/product/noski-detskie-dlya-malchikov-myach-razmer-15-17-19-3-pary-2000597097/
7783,https://dixy.ru/product/nabor-rezinok-gromell-dlya-volos-6sht-2000600092/
7784,https://dixy.ru/product/aksessuary-dlya-volos-miks-1-v-assortimente-2000594911/
7785,https://dixy.ru/product/nabor-rezinok-gromell-dlya-volos-4sht-2000600091/
7786,https://dixy.ru/product/noski-detskie-makhrovye-arttr3723-2000605056/
7787,https://dixy.ru/product/noski-detskie-dlya-devochek-flamingo-razmer-151719-3pary-2000597094/
7788,https://dixy.ru/product/noski-detskie-uno-art-2102276003-2000606973/
7789,https://dixy.ru/product/noski-detskie-tsvetnye-r14-16-2-pary-art-sb7-n7-2000613360/
7790,https://dixy.ru/product/futbolka-jenskaya-razmer-28-36-art-503-2000527151/
7791,https://dixy.ru/product/pijama-detskaya-razmer-28-36-2000527160/
7792,https://dixy.ru/product/futbolka-jenskaya-razmer-28-36-art-510-2000527163/
7793,https://dixy.ru/product/nabor-zakolok-dlya-volos-art-dk03-6sht-2000615972/
7794,https://dixy.ru/product/nabor-rezinok-dlya-volos-art-dk07-5sht-2000615973/
7795,https://dixy.ru/product/noski-detskie-dlya-malchikov-406a-493-v-assortimente-3-pary-2000621265/
7796,https://dixy.ru/product/noski-detskie-dlya-devochek-430a-3066-v-assortimente-2-pary-2000621262/
7797,https://dixy.ru/product/noski-detskie-dlya-malchikov-430a-2228-v-assortimente-2-pary-2000621263/
7798,https://dixy.ru/product/noski-detskie-dlya-devochek-406a-493-v-assortimente-3-pary-2000621264/
7799,https://dixy.ru/product/noski-dlya-malchikov-v-assortimente-art-2112276029-2000621474/
7800,https://dixy.ru/product/noski-dlya-devochek-v-assortimente-art-2122276040-2000621473/
7801,https://dixy.ru/product/aksessuary-dlya-volos-miks-3-art-cd-3-v-assortimente-2000625772/
7802,https://dixy.ru/product/aksessuary-dlya-volos-miks-4-art-cd-4-v-assortimente-2000625771/
7803,https://dixy.ru/product/shchetka-massajnaya-dlya-volos-art-dbg08-2000627691/
7804,https://dixy.ru/product/klipsy-dlya-obuvi-utki-5sht-2000629271/
7805,https://dixy.ru/product/noski-detskie-mark-formelle-456k-1799-v-assortimente-2000633344/
7806,https://dixy.ru/product/shapka-detskaya-vyazanaya-v-assortimente-2000632951/
7807,https://dixy.ru/product/batareyki-gp-super-alkaline-aa-4sht-2000599631/
7808,https://dixy.ru/product/batareyki-alkalinovye-gigacellmegamag-home-aa-4sht-2000568652/
7809,https://dixy.ru/product/batareyki-alkalinovye-gigacellmegamag-home-aaa-4sht-2000568653/
7810,https://dixy.ru/product/kley-super-moment-universalnyy-sekundnyy-3g-2000001648/
7811,https://dixy.ru/product/batareyka-energizer-plus-max-aa-4-sht-2000206148/
7812,https://dixy.ru/product/batareyka-energizer-plus-max-aaa-4-sht-2000206149/
7813,https://dixy.ru/product/data-kabel-smart-high-speed-usb---type-c-2000330646/
7814,https://dixy.ru/product/batareyki-duracell-ultra-power-razmer-aaa-2-sht-2000302729/
7815,https://dixy.ru/product/lampa-az-svetodiodnaya-start-10-vt-e27-2000279130/
7816,https://dixy.ru/product/azu-red-line-litered-layn-layt-2-usb-1sht-2000330734/
7817,https://dixy.ru/product/akkumulyator-vneshniy-vertex-xtralife-5000-mach-2000409656/
7818,https://dixy.ru/product/batareyki-duracell-ultra-power-razmer-aa-2-sht-2000302728/
7819,https://dixy.ru/product/lampa-az-svetodiodnaya-start-15-vt-e27-2000308455/
7820,https://dixy.ru/product/konteyner-dlya-aptechki-domashniy-doktor-65-l-2000311856/
7821,https://dixy.ru/product/lampa-az-svetodiodnaya-ctart-7-vt-e14-2000308458/
7822,https://dixy.ru/product/batareyka-trofi-alkalinovaya-lr6-10bl-aa-10-sht-2000326761/
7823,https://dixy.ru/product/veshalka-dlya-odejdy-nastennaya-2000329673/
7824,https://dixy.ru/product/data-kabel-vertex-type-c-usb-20-1m-2000409660/
7825,https://dixy.ru/product/nabor-ploskikh-veshalok-arkhimed-chernye-razmer-48-50-5-sht-2000322497/
7826,https://dixy.ru/product/vneshniy-akb-r-2000-2000-mah-v-ass-2000330662/
7827,https://dixy.ru/product/naushniki-garnitura-v-ass-2000330638/
7828,https://dixy.ru/product/szu-lite-micro-usb-model-tsp-1a-2000330656/
7829,https://dixy.ru/product/garnitura-belaya-tfn-bluetooth-bt004-2000414593/
7830,https://dixy.ru/product/akkumulyator-vneshniy-tfn-slimduo-5000-mach-2000414594/
7831,https://dixy.ru/product/data-kabel-smart-high-speed-usb-dlya-apple-2000330640/
7832,https://dixy.ru/product/data-kabel-usb-dlya-apple-v-ass-2000330650/
7833,https://dixy.ru/product/data-kabel-usb---micro-usb-v-ass-2000330732/
7834,https://dixy.ru/product/naushniki-art-330214-2000517438/
7835,https://dixy.ru/product/avtoochistitel-stekol-vektor--10c-4-l-2000408211/
7836,https://dixy.ru/product/telefon-knopochnyy-vertex-d567-siniy-2000409658/
7837,https://dixy.ru/product/ugol-dlya-mangalov-i-griley-drevesnyy-25-kg-2000142920/
7838,https://dixy.ru/product/jidkost-dlya-rozjiga-045l-2000273323/
7839,https://dixy.ru/product/mangal-sbornyy-piknikov-350kh240-mm-2000562734/
7840,https://dixy.ru/product/shpajki-bambukovye-dacha-25-sm-50sht-2000306703/
7841,https://dixy.ru/product/razduvayka-dlya-ugley-dacha-2000287148/
7842,https://dixy.ru/product/spichki-dlya-piknika-dacha-d-f08-30sht-2000287150/
7843,https://dixy.ru/product/lotki-dlya-zapekaniya-dacha-3sht-2000415734/
7844,https://dixy.ru/product/blyudo-tarelka-dlya-shashlyka-dacha-6sht-2000327788/
7845,https://dixy.ru/product/vilki-odnorazovye-pervym-delom-12sht-2000209112/
7846,https://dixy.ru/product/rolly-dacha-dlya-razvedeniya-ognya-5sht-2000645251/
7847,https://dixy.ru/product/brikety-drevesnougolnye-18-kg-2000562792/
7848,https://dixy.ru/product/stakany-odnorazovye-pervym-delom-180-ml-12sht-2000209149/
7849,https://dixy.ru/product/reshetka-gril-universalnaya-ploskaya-50kh34sm-di00081051/
7850,https://dixy.ru/product/formy-dlya-grilya-freken-bok-oval-2-sht--podnos-biosfera-12-l-2000516926/
7851,https://dixy.ru/product/nabor-odnorazovykh-priborov-vip-1-sht-2000570891/
7852,https://dixy.ru/product/shampur-dacha-50-sm-1-sht-2000156148/
7853,https://dixy.ru/product/ugol-dlya-mangalov-i-griley-piknikov-briketirovannyy-6-l-2000172922/
7854,https://dixy.ru/product/nabor-shampurov-6-sht-2000287152/
7855,https://dixy.ru/product/reshetka-gril-dacha-universalnaya-225kh225-sm-2000287145/
7856,https://dixy.ru/product/reshetka-gril-universalnaya-glubokaya-58kh31sm-2000287147/
7857,https://dixy.ru/product/shchepa-dlya-kopcheniya-dacha-olkha-200g1l-2000287149/
7858,https://dixy.ru/product/koptilnya-odnorazovaya-so-shchepoy-2000415731/
7859,https://dixy.ru/product/skovoroda-gril-dacha-2000415736/
7860,https://dixy.ru/product/mangal-sbornyy-s-shampurami-40kh25-sm-2000536492/
7861,https://dixy.ru/product/nabor-shampurov-piknikov-3sht-2000415732/
7862,https://dixy.ru/product/reshetka-gril-universalnaya-glubokaya-58kh31-sm-2000536151/
7863,https://dixy.ru/product/nabor-shampurov-energoresurs-uglovye-3sht-2000586953/
7864,https://dixy.ru/product/mangal-s-6-shampurami-40kh25-2000562811/
7865,https://dixy.ru/product/sukhoe-goryuchee-dacha-8-sht-2000567471/
7866,https://dixy.ru/product/mangal-sbornyy-dacha-35kh25kh35-sm-2000287151/
7867,https://dixy.ru/product/jidkost-dlya-fumigatora-raptor-30-nochey-20ml-2000291469/
7868,https://dixy.ru/product/aerozol-ot-kleshchey-i-komarov-gardex-baby-dlya-odejdy-150ml-2000564579/
7869,https://dixy.ru/product/aerozol-ot-nasekomykh-dikhlofos-neo-bez-zapakha-190ml-2000314251/
7870,https://dixy.ru/product/sprey-gardex-klassicheskiy-ot-komarov-100ml-2000184968/
7871,https://dixy.ru/product/sprey-ot-komarov-gardex-classic-120ml-2000644758/
7872,https://dixy.ru/product/braslet-repellentnyy-ot-komarov-gardex-naturin-2sht-2000644753/
7873,https://dixy.ru/product/komplekt-gardex-naturin-fumigatorjidkost-bez-zapakha-30-nochey-2000538413/
7874,https://dixy.ru/product/aerozol-repellent-gardex-extreme-ot-kleshchey-150ml-2000019308/
7875,https://dixy.ru/product/sprey-gardex-baby-detskiy-ot-komarov-75-ml-2000311423/
7876,https://dixy.ru/product/kraska-likvid-salton-sport-dlya-beloy-sportivnoy-obuvi-75-ml-2000588353/
7877,https://dixy.ru/product/sprey-salton-sport-ultra-bronya-dlya-krossovok-200ml-2000612173/
7878,https://dixy.ru/product/lovushka-dlya-tarakanov-combat-super-bait-6-sht-10j0080715/
7879,https://dixy.ru/product/aerozol-repellent-gardex-family-ot-komarov-150ml-2000019304/
7880,https://dixy.ru/product/spiral-ot-komarov-raptor-mega-power-10sht-2000019276/
7881,https://dixy.ru/product/lipkaya-lenta-raptor-ot-mukh-4sht-2000255671/
7882,https://dixy.ru/product/aerozol-raptor-universalnyy-ot-17-vidov-nasekomykh-275ml-2000296485/
7883,https://dixy.ru/product/plastiny-ot-komarov-raptor-mega-power-10sht-2000291470/
7884,https://dixy.ru/product/gel-balzam-mosquitall-posle-ukusov-10-ml-2000415957/
7885,https://dixy.ru/product/aerozol-ot-kleshchey-mosquitall-detskiy-150-ml-2000415960/
7886,https://dixy.ru/product/aerozol-ot-kleshchey-i-komarov-gardex-naturin-na-odejdu-100ml-2000444664/
7887,https://dixy.ru/product/aerozol-gardex-extreme-ot-letayushchikh-nasekomykh-i-kleshchey-150ml-2000330972/
7888,https://dixy.ru/product/sprey-aerozol-combat-superspray-sovershennoe-orujie-500-ml-2000402754/
7889,https://dixy.ru/product/sprey-ot-komarov-gardex-baby-s-2-kh-let-100ml-2000374543/
7890,https://dixy.ru/product/aerozol-ot-nasekomykh-mosquitall-professionalnaya-zashchita-150ml-2000415955/
7891,https://dixy.ru/product/jidkost-raptor-nekusayka-dlya-detey-ot-1-goda-45-nochey-28-l-2000443331/
7892,https://dixy.ru/product/sredstvo-zashchity-ot-mukh-kapkan-lipkaya-lenta--6-sht-2000542511/
7893,https://dixy.ru/product/sprey-repellentnyy-tayga-ot-komarov-100-ml-2000541802/
7894,https://dixy.ru/product/aerozol-repellent-ot-komarov-gardex-naturin-na-odejdu-100ml-2000443649/
7895,https://dixy.ru/product/lovushka-ot-pishchevoy-moli-raptor-1248-2000444682/
7896,https://dixy.ru/product/jidkost-ot-komarov-moskitol-dlya-detey-30-nochey-30-ml-2000415963/
7897,https://dixy.ru/product/polotentse-makhrovoe-spany-khlopok-30kh50sm-2000562874/
7898,https://dixy.ru/product/noj-berghoff-razdelochnyy-2000590514/
7899,https://dixy.ru/product/noj-berghoff-shef-2000590513/
7900,https://dixy.ru/product/noj-berghoff-santoku-2000590512/
7901,https://dixy.ru/product/noj-berghoff-universalnyy-2000590511/
7902,https://dixy.ru/product/kovrik-antiprigarnyy-33kh40sm-art-cl0718lh01-gt-2000608651/
7903,https://dixy.ru/product/skovoroda-blinnaya-swiss-diamond-24sm-2000608656/
7904,https://dixy.ru/product/skovoroda-vok-swiss-diamond-28sm-2000608657/
7905,https://dixy.ru/product/skovoroda-swiss-diamond-26sm-2000608653/
7906,https://dixy.ru/product/skovoroda-swiss-diamond-24sm-2000608655/
7907,https://dixy.ru/product/kryshka-silikonovaya-swiss-diamond-242628sm-2000608654/
7908,https://dixy.ru/product/skovoroda-swiss-diamond-20sm-2000608652/
7909,https://dixy.ru/product/nabor-kukhonnykh-polotenets-v-assortimente-40kh65-2sht-2000617258/
7910,https://dixy.ru/product/podushka-dekorativnaya-2000633712/
7911,https://dixy.ru/product/polotentse-makhrovoe-unifico-v-assortimente-70kh120-2000636556/
7912,https://dixy.ru/product/polotentse-makhrovoe-unifico-v-assortimente-50kh80-2000636555/
7913,https://dixy.ru/product/nabor-polotenets-unifico-makhrovye-v-assortimente-30kh50-2sht-2000636554/
7914,https://dixy.ru/product/kupon-variantov-net-2000601671/
7915,https://dixy.ru/product/polotentse-makhrovoe-spany-30kh30-sm-2000556176/
7916,https://dixy.ru/product/polotentse-spany-vafelnoe-khlopok-35kh60sm-2000556175/
7917,https://dixy.ru/product/pyaltsy-pp-20-sm-2000406082/
7918,https://dixy.ru/product/molniya-pp-potaynaya-v-assortimente-20-sm-2000406148/
7919,https://dixy.ru/product/businy-pp-2000406098/
7920,https://dixy.ru/product/nabor-pugovits-pp-10-mm-2000406100/
7921,https://dixy.ru/product/spitsy-pp-komplekt-25-mm-2000406143/
7922,https://dixy.ru/product/banty-prishivnye-2000406188/
7923,https://dixy.ru/product/nabor-tsvetnykh-pugovits-lamponi-v-assortimente-4-sht-2000522778/
7924,https://dixy.ru/product/kartina-dlya-vyshivaniya-lamponi-v-assortimente-14kh20-sm-2000522779/
7925,https://dixy.ru/product/bantiki-prishivnye-lamponi-tonkie-10-sht-2000522792/
7926,https://dixy.ru/product/kleevoy-pistolet-pp-2000406088/
7927,https://dixy.ru/product/sanki-bta-vatrushka-naduvnye-75-sm-2000322013/
7928,https://dixy.ru/product/sanki-bta-vatrushka-naduvnye-11-m-2000322017/
